order_id,user_id,session_id,order_date,country,device,ab_group,category,order_value_eur,items_count,is_returned
ORD000001,U00002,S000005,2023-08-21,CZ,iOS,control,Fashion,166.97,1,0
ORD000002,U00003,S000009,2023-06-04,DE,Android,control,Sports,216.77,3,0
ORD000003,U00005,S000022,2023-08-12,PL,iOS,variant,Fashion,183.37,3,0
ORD000004,U00007,S000028,2023-08-17,DE,Android,control,Beauty,40.19,3,0
ORD000005,U00009,S000038,2023-07-08,PL,iOS,variant,Electronics,95.28,6,0
ORD000006,U00010,S000042,2023-06-13,DE,Android,control,Sports,81.66,2,0
ORD000007,U00012,S000049,2023-08-11,SK,Android,variant,Home & Garden,190.48,1,0
ORD000008,U00012,S000052,2023-07-04,SK,Android,control,Electronics,187.61,5,0
ORD000009,U00015,S000058,2023-08-17,CZ,iOS,variant,Electronics,287.26,1,0
ORD000010,U00015,S000060,2023-07-18,CZ,iOS,control,Sports,213.69,6,0
ORD000011,U00017,S000065,2023-07-10,DE,Android,control,Sports,69.26,3,0
ORD000012,U00018,S000066,2023-06-02,DE,Android,control,Sports,226.71,3,0
ORD000013,U00018,S000069,2023-06-18,DE,Android,variant,Fashion,64.02,2,1
ORD000014,U00020,S000077,2023-06-07,PL,iOS,control,Beauty,177.78,3,0
ORD000015,U00021,S000078,2023-08-14,DE,iOS,variant,Fashion,224.2,6,0
ORD000016,U00021,S000079,2023-07-16,DE,iOS,variant,Electronics,91.68,6,0
ORD000017,U00023,S000088,2023-07-27,CZ,Android,control,Electronics,145.88,5,1
ORD000018,U00026,S000097,2023-06-04,DE,iOS,variant,Fashion,28.59,1,0
ORD000019,U00029,S000107,2023-06-18,DE,Android,control,Fashion,35.43,1,0
ORD000020,U00029,S000109,2023-07-05,DE,Android,control,Electronics,41.05,3,0
ORD000021,U00031,S000119,2023-06-12,DE,Android,variant,Beauty,128.27,1,0
ORD000022,U00032,S000120,2023-06-28,SK,Android,variant,Beauty,71.83,3,0
ORD000023,U00033,S000122,2023-08-06,DE,Android,variant,Beauty,33.81,2,1
ORD000024,U00033,S000124,2023-07-19,DE,Android,control,Home & Garden,216.14,2,0
ORD000025,U00034,S000125,2023-08-17,SK,Android,variant,Electronics,164.19,5,0
ORD000026,U00034,S000126,2023-07-25,SK,Android,control,Electronics,28.92,1,0
ORD000027,U00035,S000130,2023-08-14,DE,Android,variant,Beauty,177.96,4,0
ORD000028,U00035,S000131,2023-08-09,DE,Android,variant,Electronics,148.89,1,0
ORD000029,U00038,S000138,2023-07-31,DE,iOS,control,Sports,263.78,4,0
ORD000030,U00039,S000146,2023-08-28,CZ,iOS,control,Fashion,65.65,4,0
ORD000031,U00039,S000147,2023-06-07,CZ,iOS,variant,Home & Garden,182.78,1,0
ORD000032,U00042,S000159,2023-07-11,DE,Android,control,Sports,217.64,5,0
ORD000033,U00043,S000162,2023-06-12,DE,Android,variant,Home & Garden,46.6,1,0
ORD000034,U00043,S000163,2023-08-08,DE,Android,variant,Fashion,65.85,5,0
ORD000035,U00046,S000172,2023-07-16,DE,Android,variant,Beauty,289.02,5,0
ORD000036,U00048,S000179,2023-08-12,PL,iOS,variant,Fashion,63.51,5,0
ORD000037,U00049,S000181,2023-07-08,CZ,Android,control,Beauty,132.38,3,0
ORD000038,U00051,S000186,2023-06-03,PL,iOS,control,Beauty,115.82,1,0
ORD000039,U00051,S000187,2023-07-22,PL,iOS,variant,Sports,263.98,6,0
ORD000040,U00053,S000195,2023-08-08,DE,iOS,variant,Beauty,39.29,6,0
ORD000041,U00055,S000202,2023-08-08,RO,Android,control,Sports,20.14,5,0
ORD000042,U00056,S000204,2023-07-01,DE,iOS,variant,Beauty,135.86,2,0
ORD000043,U00056,S000205,2023-06-03,DE,iOS,variant,Home & Garden,142.97,2,0
ORD000044,U00057,S000209,2023-07-19,DE,iOS,variant,Electronics,198.92,2,0
ORD000045,U00062,S000223,2023-07-10,DE,iOS,variant,Home & Garden,26.07,3,0
ORD000046,U00064,S000233,2023-07-12,PL,iOS,control,Beauty,213.14,6,0
ORD000047,U00065,S000234,2023-07-15,PL,Android,variant,Sports,147.05,2,0
ORD000048,U00066,S000240,2023-08-25,RO,Android,control,Electronics,290.75,4,1
ORD000049,U00067,S000242,2023-08-26,DE,Android,control,Home & Garden,255.71,6,0
ORD000050,U00069,S000251,2023-08-26,DE,Android,variant,Fashion,33.04,3,0
ORD000051,U00071,S000255,2023-08-03,RO,iOS,control,Fashion,177.67,6,0
ORD000052,U00072,S000259,2023-06-03,RO,iOS,control,Electronics,163.11,5,0
ORD000053,U00072,S000262,2023-06-07,RO,iOS,control,Beauty,203.4,2,1
ORD000054,U00073,S000263,2023-08-08,CZ,Android,control,Electronics,211.94,6,0
ORD000055,U00074,S000266,2023-06-02,DE,iOS,control,Beauty,285.29,2,0
ORD000056,U00074,S000268,2023-07-24,DE,iOS,control,Fashion,181.33,1,0
ORD000057,U00075,S000270,2023-08-22,DE,iOS,variant,Home & Garden,251.41,1,1
ORD000058,U00075,S000272,2023-06-06,DE,iOS,control,Home & Garden,179.43,6,0
ORD000059,U00079,S000283,2023-06-05,DE,iOS,variant,Electronics,96.0,6,0
ORD000060,U00080,S000288,2023-06-13,PL,iOS,variant,Fashion,296.39,2,0
ORD000061,U00081,S000291,2023-07-24,DE,iOS,variant,Beauty,147.69,6,1
ORD000062,U00083,S000294,2023-06-04,PL,iOS,variant,Fashion,221.23,6,1
ORD000063,U00083,S000295,2023-07-19,PL,iOS,control,Sports,79.05,6,0
ORD000064,U00084,S000297,2023-07-10,CZ,Android,control,Beauty,220.63,2,0
ORD000065,U00085,S000302,2023-06-23,CZ,Android,control,Electronics,234.69,2,0
ORD000066,U00089,S000313,2023-07-28,PL,iOS,control,Electronics,202.1,4,0
ORD000067,U00089,S000315,2023-07-18,PL,iOS,variant,Fashion,74.54,4,0
ORD000068,U00090,S000320,2023-07-09,DE,Android,variant,Home & Garden,89.95,1,1
ORD000069,U00091,S000324,2023-08-22,SK,iOS,variant,Home & Garden,69.55,2,1
ORD000070,U00092,S000327,2023-07-02,DE,Android,control,Beauty,199.23,5,0
ORD000071,U00095,S000335,2023-07-24,DE,iOS,control,Home & Garden,79.3,2,1
ORD000072,U00099,S000352,2023-07-19,SK,iOS,control,Home & Garden,142.46,4,0
ORD000073,U00099,S000356,2023-06-10,SK,iOS,variant,Sports,190.58,3,0
ORD000074,U00102,S000369,2023-08-18,DE,iOS,variant,Beauty,207.45,6,1
ORD000075,U00103,S000370,2023-07-09,DE,Android,control,Electronics,272.77,4,0
ORD000076,U00105,S000377,2023-06-12,RO,Android,variant,Sports,56.75,5,0
ORD000077,U00105,S000380,2023-07-03,RO,Android,variant,Fashion,218.49,6,1
ORD000078,U00106,S000381,2023-06-19,PL,iOS,variant,Fashion,277.99,6,0
ORD000079,U00106,S000382,2023-08-01,PL,iOS,control,Beauty,22.14,4,0
ORD000080,U00112,S000398,2023-06-15,DE,Android,variant,Home & Garden,83.18,5,0
ORD000081,U00112,S000399,2023-08-02,DE,Android,variant,Fashion,166.6,4,0
ORD000082,U00113,S000400,2023-07-13,CZ,Android,control,Sports,261.02,5,0
ORD000083,U00113,S000404,2023-08-23,CZ,Android,control,Home & Garden,190.98,4,0
ORD000084,U00115,S000410,2023-08-21,DE,Android,variant,Fashion,62.18,5,1
ORD000085,U00115,S000411,2023-07-01,DE,Android,control,Sports,82.91,6,0
ORD000086,U00117,S000419,2023-07-20,DE,iOS,control,Fashion,11.51,2,0
ORD000087,U00118,S000422,2023-07-06,CZ,iOS,control,Beauty,193.68,2,1
ORD000088,U00119,S000423,2023-08-24,CZ,Android,variant,Fashion,120.82,3,0
ORD000089,U00119,S000424,2023-08-23,CZ,Android,variant,Electronics,205.55,6,0
ORD000090,U00119,S000426,2023-06-07,CZ,Android,control,Sports,175.36,6,0
ORD000091,U00121,S000429,2023-08-28,RO,Android,variant,Fashion,237.93,2,1
ORD000092,U00121,S000430,2023-07-10,RO,Android,control,Home & Garden,259.48,4,0
ORD000093,U00122,S000433,2023-08-20,CZ,Android,variant,Electronics,81.22,6,0
ORD000094,U00123,S000437,2023-06-06,CZ,Android,variant,Electronics,277.06,2,0
ORD000095,U00123,S000440,2023-07-11,CZ,Android,control,Beauty,225.67,2,0
ORD000096,U00124,S000442,2023-07-18,PL,Android,variant,Fashion,129.81,2,0
ORD000097,U00126,S000449,2023-07-17,DE,Android,variant,Fashion,293.64,5,1
ORD000098,U00128,S000459,2023-08-22,DE,iOS,variant,Home & Garden,152.72,6,1
ORD000099,U00130,S000463,2023-07-24,DE,Android,variant,Sports,298.15,4,0
ORD000100,U00131,S000467,2023-07-22,DE,iOS,control,Fashion,42.85,6,0
ORD000101,U00132,S000472,2023-07-18,SK,Android,variant,Fashion,279.51,2,0
ORD000102,U00133,S000474,2023-07-22,DE,Android,variant,Fashion,93.69,3,1
ORD000103,U00134,S000478,2023-07-15,PL,iOS,control,Home & Garden,112.18,6,0
ORD000104,U00135,S000479,2023-08-12,DE,Android,variant,Beauty,144.29,1,0
ORD000105,U00135,S000483,2023-08-20,DE,Android,variant,Beauty,36.88,4,0
ORD000106,U00141,S000501,2023-07-16,DE,Android,control,Fashion,76.69,6,0
ORD000107,U00141,S000502,2023-06-07,DE,Android,variant,Electronics,40.82,6,0
ORD000108,U00144,S000511,2023-07-13,PL,Android,variant,Beauty,127.32,4,1
ORD000109,U00144,S000514,2023-08-15,PL,Android,variant,Home & Garden,52.81,5,0
ORD000110,U00145,S000515,2023-08-12,RO,Android,control,Fashion,12.15,2,0
ORD000111,U00145,S000516,2023-08-09,RO,Android,variant,Sports,92.88,2,0
ORD000112,U00146,S000520,2023-07-11,DE,iOS,variant,Home & Garden,225.96,5,0
ORD000113,U00148,S000526,2023-08-08,PL,iOS,control,Electronics,24.13,3,1
ORD000114,U00152,S000541,2023-08-22,PL,Android,control,Sports,94.24,2,0
ORD000115,U00152,S000543,2023-07-24,PL,Android,variant,Electronics,82.26,5,0
ORD000116,U00154,S000548,2023-08-21,CZ,iOS,control,Sports,197.33,1,0
ORD000117,U00155,S000553,2023-07-30,SK,Android,variant,Beauty,270.54,4,0
ORD000118,U00156,S000555,2023-07-11,DE,Android,control,Home & Garden,159.86,6,0
ORD000119,U00157,S000559,2023-08-28,CZ,Android,control,Fashion,291.1,2,0
ORD000120,U00158,S000562,2023-08-21,DE,iOS,variant,Beauty,108.05,6,0
ORD000121,U00158,S000563,2023-07-02,DE,iOS,variant,Fashion,104.0,4,0
ORD000122,U00161,S000572,2023-06-17,RO,iOS,variant,Beauty,188.8,1,1
ORD000123,U00162,S000573,2023-07-11,DE,iOS,control,Beauty,50.25,2,0
ORD000124,U00164,S000583,2023-08-10,PL,Android,control,Beauty,93.96,2,0
ORD000125,U00165,S000585,2023-08-06,DE,iOS,variant,Sports,91.66,6,0
ORD000126,U00166,S000590,2023-07-02,DE,Android,variant,Home & Garden,153.33,5,1
ORD000127,U00167,S000596,2023-08-12,SK,iOS,variant,Electronics,231.81,2,0
ORD000128,U00168,S000598,2023-08-02,PL,Android,variant,Electronics,271.59,5,0
ORD000129,U00168,S000599,2023-08-28,PL,Android,control,Sports,263.83,6,0
ORD000130,U00174,S000616,2023-08-26,DE,iOS,variant,Sports,146.01,4,0
ORD000131,U00175,S000619,2023-08-29,PL,Android,variant,Fashion,194.7,3,0
ORD000132,U00178,S000631,2023-07-19,SK,Android,variant,Electronics,161.37,3,0
ORD000133,U00179,S000633,2023-08-02,PL,Android,variant,Sports,284.03,4,1
ORD000134,U00179,S000635,2023-07-25,PL,Android,variant,Electronics,259.66,5,0
ORD000135,U00181,S000641,2023-07-20,DE,iOS,variant,Fashion,162.87,4,0
ORD000136,U00182,S000647,2023-08-01,CZ,iOS,variant,Electronics,229.12,3,0
ORD000137,U00184,S000655,2023-06-15,SK,Android,variant,Electronics,37.63,3,0
ORD000138,U00185,S000656,2023-06-18,CZ,Android,variant,Home & Garden,228.45,5,0
ORD000139,U00187,S000665,2023-08-28,DE,Android,variant,Home & Garden,139.64,6,0
ORD000140,U00190,S000677,2023-07-01,CZ,Android,control,Fashion,106.29,2,0
ORD000141,U00195,S000690,2023-08-10,DE,iOS,control,Fashion,72.99,1,0
ORD000142,U00199,S000701,2023-07-03,DE,Android,control,Electronics,19.4,3,0
ORD000143,U00199,S000704,2023-08-23,DE,Android,variant,Fashion,164.22,6,1
ORD000144,U00202,S000713,2023-08-08,CZ,Android,variant,Sports,135.75,6,0
ORD000145,U00203,S000714,2023-08-29,DE,Android,control,Beauty,259.22,1,0
ORD000146,U00204,S000719,2023-06-14,DE,iOS,variant,Home & Garden,17.6,5,0
ORD000147,U00206,S000726,2023-07-04,CZ,Android,variant,Fashion,73.86,5,0
ORD000148,U00208,S000734,2023-06-13,RO,Android,variant,Sports,21.16,4,0
ORD000149,U00209,S000739,2023-07-07,RO,Android,variant,Beauty,118.07,4,0
ORD000150,U00212,S000748,2023-07-14,SK,iOS,variant,Sports,167.58,2,0
ORD000151,U00213,S000749,2023-06-30,DE,iOS,variant,Home & Garden,38.28,2,0
ORD000152,U00213,S000751,2023-07-25,DE,iOS,variant,Electronics,150.32,4,0
ORD000153,U00215,S000758,2023-06-17,PL,Android,variant,Home & Garden,271.1,5,0
ORD000154,U00216,S000761,2023-06-04,DE,Android,variant,Home & Garden,263.6,1,0
ORD000155,U00221,S000777,2023-08-11,DE,iOS,variant,Sports,289.54,5,0
ORD000156,U00222,S000778,2023-06-22,DE,iOS,control,Fashion,74.17,2,1
ORD000157,U00222,S000781,2023-08-03,DE,iOS,variant,Sports,106.13,6,0
ORD000158,U00223,S000782,2023-06-05,CZ,iOS,control,Beauty,157.0,4,0
ORD000159,U00228,S000800,2023-07-23,DE,iOS,variant,Sports,227.99,3,0
ORD000160,U00230,S000809,2023-08-27,PL,iOS,control,Electronics,230.14,5,1
ORD000161,U00234,S000825,2023-07-24,CZ,Android,control,Sports,136.14,1,0
ORD000162,U00238,S000838,2023-07-27,CZ,iOS,variant,Electronics,106.95,5,0
ORD000163,U00239,S000840,2023-07-28,PL,Android,control,Sports,117.41,4,1
ORD000164,U00240,S000844,2023-07-29,PL,Android,variant,Fashion,85.5,1,0
ORD000165,U00242,S000855,2023-07-01,DE,Android,variant,Fashion,155.62,6,0
ORD000166,U00243,S000857,2023-07-17,DE,iOS,variant,Home & Garden,34.61,3,0
ORD000167,U00244,S000858,2023-07-19,DE,iOS,control,Beauty,57.05,1,0
ORD000168,U00245,S000863,2023-08-25,PL,Android,variant,Fashion,211.05,3,0
ORD000169,U00247,S000871,2023-06-05,DE,Android,control,Beauty,143.49,4,1
ORD000170,U00248,S000876,2023-07-30,RO,iOS,control,Sports,265.62,6,0
ORD000171,U00251,S000887,2023-07-05,DE,Android,variant,Home & Garden,20.24,1,0
ORD000172,U00252,S000893,2023-06-18,CZ,iOS,variant,Sports,50.49,4,0
ORD000173,U00254,S000902,2023-06-25,CZ,Android,control,Electronics,45.58,6,0
ORD000174,U00254,S000904,2023-07-05,CZ,Android,control,Home & Garden,160.32,3,0
ORD000175,U00258,S000918,2023-07-12,CZ,Android,variant,Fashion,112.41,6,1
ORD000176,U00259,S000922,2023-07-13,DE,Android,variant,Sports,157.12,2,1
ORD000177,U00262,S000931,2023-06-06,DE,Android,variant,Fashion,10.86,5,1
ORD000178,U00262,S000933,2023-07-16,DE,Android,variant,Electronics,218.07,4,0
ORD000179,U00263,S000936,2023-08-26,DE,iOS,variant,Fashion,230.6,3,0
ORD000180,U00263,S000938,2023-08-14,DE,iOS,variant,Fashion,11.22,6,0
ORD000181,U00265,S000944,2023-08-22,DE,Android,variant,Electronics,84.59,5,0
ORD000182,U00267,S000950,2023-07-14,PL,Android,control,Fashion,208.43,3,0
ORD000183,U00268,S000958,2023-07-05,DE,iOS,control,Sports,154.89,6,0
ORD000184,U00270,S000963,2023-07-31,DE,Android,variant,Beauty,239.45,4,1
ORD000185,U00271,S000967,2023-08-22,DE,iOS,variant,Beauty,195.08,5,0
ORD000186,U00273,S000971,2023-07-04,PL,iOS,variant,Home & Garden,148.95,6,0
ORD000187,U00273,S000974,2023-08-23,PL,iOS,variant,Sports,294.25,1,1
ORD000188,U00275,S000980,2023-07-24,DE,Android,control,Fashion,141.8,1,1
ORD000189,U00275,S000982,2023-06-22,DE,Android,control,Fashion,195.84,4,0
ORD000190,U00275,S000983,2023-06-28,DE,Android,variant,Sports,53.16,5,0
ORD000191,U00276,S000987,2023-08-20,DE,iOS,variant,Electronics,74.68,5,0
ORD000192,U00279,S000995,2023-07-27,PL,iOS,control,Fashion,161.42,4,1
ORD000193,U00279,S000996,2023-06-06,PL,iOS,variant,Home & Garden,55.57,1,0
ORD000194,U00280,S000998,2023-06-14,PL,Android,variant,Beauty,68.19,2,0
ORD000195,U00282,S001003,2023-08-04,PL,Android,variant,Electronics,243.78,3,0
ORD000196,U00284,S001010,2023-08-08,RO,iOS,control,Electronics,24.6,1,0
ORD000197,U00284,S001012,2023-07-17,RO,iOS,control,Sports,10.91,2,1
ORD000198,U00292,S001041,2023-08-16,DE,iOS,variant,Sports,241.82,4,0
ORD000199,U00293,S001042,2023-08-03,DE,iOS,variant,Sports,249.3,3,0
ORD000200,U00293,S001044,2023-07-10,DE,iOS,variant,Beauty,287.36,5,0
ORD000201,U00296,S001052,2023-08-15,DE,iOS,variant,Beauty,86.22,5,0
ORD000202,U00297,S001060,2023-08-07,CZ,Android,variant,Sports,119.39,4,0
ORD000203,U00298,S001063,2023-07-09,PL,Android,control,Beauty,161.86,5,0
ORD000204,U00299,S001067,2023-07-16,DE,Android,variant,Beauty,273.73,5,0
ORD000205,U00303,S001078,2023-07-10,RO,Android,control,Electronics,141.87,3,0
ORD000206,U00305,S001085,2023-07-22,SK,iOS,variant,Electronics,27.51,4,0
ORD000207,U00306,S001088,2023-06-16,DE,iOS,control,Sports,51.71,1,1
ORD000208,U00307,S001092,2023-06-27,PL,iOS,variant,Fashion,21.01,6,0
ORD000209,U00312,S001110,2023-08-27,DE,Android,variant,Fashion,227.49,3,0
ORD000210,U00312,S001112,2023-07-23,DE,Android,control,Electronics,13.2,6,0
ORD000211,U00313,S001115,2023-07-11,DE,Android,variant,Fashion,272.08,3,0
ORD000212,U00313,S001116,2023-08-18,DE,Android,control,Sports,24.05,4,0
ORD000213,U00322,S001143,2023-08-19,DE,iOS,control,Home & Garden,93.08,2,0
ORD000214,U00323,S001147,2023-07-30,DE,Android,variant,Fashion,259.05,2,0
ORD000215,U00326,S001158,2023-06-20,DE,Android,control,Electronics,147.84,5,0
ORD000216,U00328,S001166,2023-07-12,DE,Android,variant,Fashion,135.35,4,0
ORD000217,U00328,S001168,2023-08-04,DE,Android,variant,Fashion,35.44,3,0
ORD000218,U00336,S001194,2023-06-24,DE,Android,control,Fashion,155.49,6,0
ORD000219,U00336,S001195,2023-08-03,DE,Android,variant,Home & Garden,24.22,3,0
ORD000220,U00337,S001198,2023-08-12,PL,Android,variant,Home & Garden,171.22,3,0
ORD000221,U00342,S001219,2023-08-28,CZ,iOS,variant,Sports,66.94,1,0
ORD000222,U00343,S001221,2023-08-23,DE,iOS,variant,Home & Garden,286.75,4,0
ORD000223,U00346,S001231,2023-07-16,PL,Android,variant,Electronics,260.74,2,0
ORD000224,U00349,S001237,2023-06-25,PL,iOS,control,Electronics,238.52,2,0
ORD000225,U00349,S001238,2023-06-15,PL,iOS,variant,Home & Garden,120.47,5,0
ORD000226,U00350,S001242,2023-06-16,DE,Android,control,Electronics,142.73,5,0
ORD000227,U00351,S001244,2023-08-20,RO,Android,variant,Beauty,287.35,4,0
ORD000228,U00353,S001252,2023-07-19,PL,Android,variant,Beauty,258.99,5,0
ORD000229,U00354,S001255,2023-06-04,DE,iOS,variant,Home & Garden,206.59,3,0
ORD000230,U00355,S001259,2023-06-11,DE,iOS,control,Electronics,58.29,2,1
ORD000231,U00358,S001270,2023-08-21,DE,iOS,variant,Beauty,188.29,2,1
ORD000232,U00358,S001271,2023-06-28,DE,iOS,variant,Beauty,54.13,1,0
ORD000233,U00358,S001274,2023-08-02,DE,iOS,control,Fashion,199.3,2,0
ORD000234,U00359,S001276,2023-06-02,CZ,Android,variant,Electronics,229.12,2,1
ORD000235,U00362,S001284,2023-07-04,DE,Android,variant,Sports,132.08,1,0
ORD000236,U00363,S001291,2023-08-19,DE,Android,variant,Home & Garden,63.78,3,0
ORD000237,U00364,S001296,2023-06-01,DE,iOS,variant,Fashion,153.2,1,1
ORD000238,U00365,S001300,2023-07-31,CZ,Android,variant,Fashion,190.54,2,0
ORD000239,U00367,S001305,2023-06-07,PL,Android,variant,Home & Garden,236.6,5,1
ORD000240,U00370,S001313,2023-06-02,CZ,Android,variant,Beauty,292.99,5,0
ORD000241,U00375,S001328,2023-08-23,PL,Android,control,Home & Garden,128.46,1,0
ORD000242,U00375,S001330,2023-08-14,PL,Android,control,Sports,172.97,6,0
ORD000243,U00376,S001331,2023-07-12,PL,Android,variant,Home & Garden,289.9,5,0
ORD000244,U00381,S001343,2023-08-26,PL,iOS,variant,Fashion,77.55,3,0
ORD000245,U00381,S001345,2023-06-04,PL,iOS,variant,Electronics,81.05,5,0
ORD000246,U00382,S001347,2023-06-25,DE,Android,variant,Fashion,244.34,3,0
ORD000247,U00382,S001350,2023-06-19,DE,Android,variant,Beauty,202.39,6,0
ORD000248,U00383,S001354,2023-06-21,CZ,iOS,control,Sports,199.94,2,1
ORD000249,U00386,S001364,2023-06-10,RO,iOS,variant,Beauty,38.19,4,0
ORD000250,U00388,S001371,2023-07-10,DE,iOS,variant,Sports,285.75,5,0
ORD000251,U00391,S001380,2023-06-21,RO,iOS,control,Fashion,280.62,6,0
ORD000252,U00393,S001389,2023-08-11,DE,iOS,control,Home & Garden,280.13,4,0
ORD000253,U00397,S001407,2023-07-03,DE,iOS,variant,Electronics,91.62,3,0
ORD000254,U00398,S001412,2023-07-04,RO,Android,variant,Fashion,94.23,1,0
ORD000255,U00399,S001415,2023-08-03,DE,Android,variant,Home & Garden,248.15,1,0
ORD000256,U00401,S001421,2023-07-27,CZ,iOS,variant,Fashion,234.14,3,0
ORD000257,U00401,S001423,2023-08-17,CZ,iOS,control,Fashion,185.67,3,0
ORD000258,U00403,S001432,2023-08-29,CZ,iOS,control,Electronics,235.02,3,0
ORD000259,U00405,S001435,2023-07-15,DE,iOS,control,Fashion,226.51,4,0
ORD000260,U00405,S001437,2023-06-07,DE,iOS,control,Beauty,31.86,4,0
ORD000261,U00405,S001438,2023-06-13,DE,iOS,control,Sports,80.22,5,0
ORD000262,U00405,S001439,2023-07-25,DE,iOS,variant,Fashion,14.85,6,0
ORD000263,U00407,S001442,2023-08-13,PL,iOS,variant,Beauty,227.06,5,0
ORD000264,U00408,S001447,2023-07-04,PL,Android,variant,Electronics,164.2,2,0
ORD000265,U00411,S001458,2023-06-04,PL,Android,variant,Electronics,264.3,3,1
ORD000266,U00413,S001469,2023-07-04,PL,Android,variant,Fashion,224.58,5,0
ORD000267,U00414,S001470,2023-07-24,DE,iOS,variant,Sports,60.93,4,0
ORD000268,U00414,S001471,2023-07-18,DE,iOS,variant,Beauty,42.59,6,0
ORD000269,U00414,S001473,2023-06-10,DE,iOS,control,Electronics,174.8,1,0
ORD000270,U00415,S001474,2023-06-19,DE,Android,control,Sports,154.48,3,0
ORD000271,U00415,S001476,2023-06-18,DE,Android,control,Electronics,247.94,3,0
ORD000272,U00416,S001478,2023-06-15,CZ,iOS,variant,Sports,49.64,2,0
ORD000273,U00421,S001495,2023-07-24,CZ,Android,variant,Sports,142.04,5,0
ORD000274,U00421,S001496,2023-07-07,CZ,Android,control,Beauty,119.98,1,0
ORD000275,U00423,S001504,2023-06-17,SK,Android,variant,Electronics,189.57,2,0
ORD000276,U00424,S001508,2023-07-02,DE,Android,variant,Beauty,286.4,6,0
ORD000277,U00428,S001521,2023-07-28,RO,iOS,variant,Electronics,243.56,2,0
ORD000278,U00428,S001523,2023-07-31,RO,iOS,variant,Fashion,113.95,4,0
ORD000279,U00429,S001528,2023-06-09,DE,Android,variant,Beauty,101.24,5,0
ORD000280,U00431,S001534,2023-07-10,DE,iOS,control,Sports,62.63,6,0
ORD000281,U00437,S001554,2023-08-09,DE,Android,control,Home & Garden,93.04,2,1
ORD000282,U00438,S001556,2023-06-12,CZ,Android,variant,Home & Garden,177.23,6,0
ORD000283,U00439,S001558,2023-08-26,DE,Android,control,Beauty,277.23,4,0
ORD000284,U00439,S001559,2023-06-15,DE,Android,control,Fashion,155.3,5,1
ORD000285,U00441,S001567,2023-06-22,PL,iOS,control,Fashion,181.56,2,0
ORD000286,U00442,S001570,2023-06-22,SK,iOS,variant,Sports,91.05,5,0
ORD000287,U00443,S001574,2023-07-09,DE,Android,control,Home & Garden,287.47,6,0
ORD000288,U00443,S001575,2023-06-08,DE,Android,variant,Fashion,260.74,4,1
ORD000289,U00445,S001579,2023-07-14,CZ,iOS,variant,Electronics,249.82,4,0
ORD000290,U00450,S001591,2023-07-30,DE,iOS,control,Electronics,112.48,6,0
ORD000291,U00452,S001598,2023-06-28,CZ,Android,variant,Fashion,190.57,2,1
ORD000292,U00452,S001600,2023-07-07,CZ,Android,variant,Beauty,75.05,1,0
ORD000293,U00454,S001603,2023-08-20,RO,iOS,control,Electronics,75.45,5,0
ORD000294,U00455,S001609,2023-06-11,PL,iOS,control,Sports,46.1,2,0
ORD000295,U00455,S001610,2023-07-09,PL,iOS,control,Fashion,37.26,3,1
ORD000296,U00458,S001621,2023-08-21,DE,Android,control,Electronics,188.92,6,0
ORD000297,U00459,S001623,2023-06-09,DE,Android,variant,Fashion,38.31,5,0
ORD000298,U00459,S001624,2023-06-14,DE,Android,variant,Home & Garden,150.65,1,0
ORD000299,U00460,S001626,2023-06-15,DE,Android,variant,Electronics,283.39,5,0
ORD000300,U00465,S001639,2023-06-17,DE,Android,variant,Home & Garden,61.99,3,0
ORD000301,U00466,S001641,2023-08-27,CZ,Android,variant,Beauty,176.02,2,0
ORD000302,U00466,S001645,2023-08-12,CZ,Android,variant,Fashion,132.43,4,1
ORD000303,U00468,S001650,2023-07-19,PL,Android,variant,Sports,271.08,2,0
ORD000304,U00469,S001655,2023-08-01,PL,Android,control,Electronics,229.49,2,0
ORD000305,U00472,S001665,2023-06-27,DE,Android,control,Beauty,130.68,4,0
ORD000306,U00472,S001666,2023-07-11,DE,Android,control,Electronics,276.03,3,0
ORD000307,U00473,S001670,2023-07-15,RO,Android,control,Sports,108.44,1,0
ORD000308,U00476,S001683,2023-07-01,DE,Android,control,Home & Garden,77.76,6,0
ORD000309,U00478,S001692,2023-07-14,DE,iOS,variant,Electronics,201.75,1,0
ORD000310,U00478,S001694,2023-08-22,DE,iOS,variant,Sports,213.95,1,0
ORD000311,U00479,S001698,2023-06-11,DE,Android,control,Beauty,236.07,3,0
ORD000312,U00480,S001702,2023-06-01,CZ,Android,control,Fashion,195.46,1,0
ORD000313,U00481,S001705,2023-06-05,PL,iOS,control,Home & Garden,72.93,3,1
ORD000314,U00484,S001713,2023-08-18,CZ,Android,control,Fashion,241.55,1,0
ORD000315,U00486,S001717,2023-07-24,DE,iOS,control,Home & Garden,21.58,4,0
ORD000316,U00486,S001720,2023-06-01,DE,iOS,variant,Sports,122.42,2,0
ORD000317,U00489,S001732,2023-06-15,CZ,iOS,variant,Fashion,97.87,1,0
ORD000318,U00490,S001735,2023-06-21,CZ,iOS,variant,Home & Garden,29.9,1,0
ORD000319,U00490,S001737,2023-06-25,CZ,iOS,variant,Sports,48.35,2,0
ORD000320,U00493,S001748,2023-08-23,PL,Android,variant,Electronics,158.02,5,1
ORD000321,U00494,S001754,2023-06-10,PL,iOS,variant,Beauty,50.0,4,0
ORD000322,U00494,S001756,2023-08-21,PL,iOS,variant,Sports,73.15,6,0
ORD000323,U00495,S001757,2023-08-10,PL,iOS,control,Fashion,86.78,2,0
ORD000324,U00496,S001760,2023-08-07,PL,Android,variant,Beauty,21.55,5,0
ORD000325,U00497,S001762,2023-07-19,DE,Android,control,Beauty,147.12,2,0
ORD000326,U00498,S001768,2023-07-31,PL,Android,variant,Home & Garden,26.08,6,0
ORD000327,U00499,S001770,2023-08-14,CZ,Android,control,Electronics,272.91,1,0
ORD000328,U00499,S001772,2023-08-09,CZ,Android,variant,Home & Garden,222.57,5,0
ORD000329,U00501,S001778,2023-06-28,SK,Android,variant,Fashion,235.5,4,0
ORD000330,U00504,S001785,2023-06-11,CZ,Android,control,Sports,182.06,3,0
ORD000331,U00505,S001788,2023-08-23,DE,Android,control,Fashion,173.62,4,0
ORD000332,U00505,S001790,2023-08-08,DE,Android,control,Sports,183.62,1,0
ORD000333,U00507,S001799,2023-07-10,DE,iOS,control,Beauty,110.02,6,0
ORD000334,U00509,S001803,2023-06-18,DE,Android,variant,Fashion,72.5,4,0
ORD000335,U00511,S001812,2023-07-08,DE,iOS,variant,Beauty,57.98,4,1
ORD000336,U00513,S001818,2023-06-07,PL,Android,variant,Home & Garden,274.14,6,0
ORD000337,U00516,S001828,2023-07-08,PL,Android,variant,Home & Garden,239.82,1,0
ORD000338,U00516,S001829,2023-06-01,PL,Android,variant,Fashion,40.37,1,0
ORD000339,U00516,S001832,2023-06-07,PL,Android,control,Sports,107.74,4,0
ORD000340,U00517,S001833,2023-08-02,PL,Android,control,Electronics,256.89,1,0
ORD000341,U00520,S001845,2023-08-13,PL,Android,variant,Beauty,38.01,2,1
ORD000342,U00521,S001851,2023-08-11,DE,iOS,variant,Fashion,122.99,3,0
ORD000343,U00521,S001852,2023-07-22,DE,iOS,variant,Beauty,229.92,2,0
ORD000344,U00522,S001853,2023-06-05,DE,iOS,variant,Home & Garden,85.3,5,0
ORD000345,U00524,S001862,2023-08-28,CZ,iOS,variant,Home & Garden,165.44,5,0
ORD000346,U00524,S001863,2023-06-08,CZ,iOS,variant,Fashion,186.6,2,1
ORD000347,U00525,S001865,2023-06-14,DE,iOS,control,Fashion,228.11,6,0
ORD000348,U00525,S001867,2023-06-22,DE,iOS,variant,Electronics,58.32,3,0
ORD000349,U00526,S001870,2023-08-19,DE,iOS,control,Beauty,258.09,3,0
ORD000350,U00526,S001872,2023-07-26,DE,iOS,control,Electronics,169.05,1,0
ORD000351,U00526,S001874,2023-08-04,DE,iOS,variant,Home & Garden,94.1,4,0
ORD000352,U00527,S001876,2023-08-23,DE,iOS,variant,Electronics,216.13,5,0
ORD000353,U00528,S001877,2023-07-17,PL,Android,variant,Electronics,152.42,5,1
ORD000354,U00529,S001880,2023-07-02,DE,Android,control,Fashion,11.93,5,0
ORD000355,U00529,S001881,2023-06-10,DE,Android,variant,Fashion,258.2,1,1
ORD000356,U00529,S001882,2023-07-13,DE,Android,variant,Electronics,38.28,1,0
ORD000357,U00532,S001890,2023-07-13,DE,Android,variant,Electronics,205.46,5,1
ORD000358,U00533,S001895,2023-07-28,PL,Android,variant,Beauty,171.55,4,0
ORD000359,U00534,S001897,2023-08-14,PL,iOS,variant,Fashion,241.27,1,1
ORD000360,U00534,S001899,2023-07-21,PL,iOS,control,Home & Garden,267.94,1,0
ORD000361,U00535,S001904,2023-08-12,DE,Android,control,Beauty,43.73,3,0
ORD000362,U00536,S001906,2023-08-26,DE,Android,variant,Home & Garden,165.13,4,0
ORD000363,U00537,S001913,2023-06-03,SK,iOS,control,Beauty,139.0,4,0
ORD000364,U00539,S001918,2023-07-31,DE,Android,control,Sports,87.11,4,0
ORD000365,U00540,S001923,2023-08-03,DE,Android,control,Electronics,38.01,3,0
ORD000366,U00542,S001930,2023-06-23,DE,iOS,variant,Sports,250.07,5,0
ORD000367,U00545,S001940,2023-08-16,SK,Android,control,Sports,139.13,1,0
ORD000368,U00549,S001952,2023-07-05,DE,Android,control,Home & Garden,174.55,1,0
ORD000369,U00550,S001959,2023-07-21,DE,Android,control,Beauty,94.92,5,0
ORD000370,U00553,S001966,2023-08-16,DE,Android,control,Beauty,145.27,5,0
ORD000371,U00553,S001967,2023-08-28,DE,Android,variant,Home & Garden,36.43,1,0
ORD000372,U00554,S001968,2023-06-28,DE,iOS,variant,Fashion,123.52,2,0
ORD000373,U00555,S001971,2023-06-11,DE,iOS,control,Sports,38.95,4,0
ORD000374,U00556,S001975,2023-08-07,CZ,iOS,variant,Electronics,33.1,3,0
ORD000375,U00559,S001985,2023-06-30,DE,Android,control,Home & Garden,202.49,3,0
ORD000376,U00559,S001986,2023-06-22,DE,Android,variant,Beauty,157.12,1,1
ORD000377,U00560,S001988,2023-08-19,SK,Android,control,Home & Garden,260.85,5,0
ORD000378,U00560,S001989,2023-08-14,SK,Android,control,Beauty,96.78,5,0
ORD000379,U00561,S001991,2023-07-17,CZ,iOS,control,Electronics,160.97,1,1
ORD000380,U00561,S001992,2023-07-11,CZ,iOS,control,Home & Garden,200.6,2,0
ORD000381,U00563,S001997,2023-07-12,PL,iOS,variant,Home & Garden,280.91,5,0
ORD000382,U00564,S001999,2023-07-23,DE,iOS,control,Sports,273.97,1,0
ORD000383,U00564,S002002,2023-06-21,DE,iOS,variant,Beauty,64.16,4,0
ORD000384,U00565,S002003,2023-08-29,DE,Android,variant,Electronics,36.83,1,0
ORD000385,U00567,S002009,2023-06-19,CZ,iOS,control,Electronics,86.68,6,0
ORD000386,U00568,S002013,2023-08-28,DE,Android,variant,Fashion,254.53,6,0
ORD000387,U00569,S002019,2023-07-25,CZ,iOS,variant,Home & Garden,242.18,5,0
ORD000388,U00571,S002022,2023-07-08,DE,iOS,control,Beauty,107.8,2,1
ORD000389,U00572,S002027,2023-07-09,RO,Android,variant,Beauty,161.6,2,1
ORD000390,U00575,S002034,2023-08-26,CZ,Android,control,Home & Garden,56.23,1,1
ORD000391,U00579,S002045,2023-07-20,DE,Android,variant,Beauty,109.05,4,0
ORD000392,U00580,S002050,2023-06-12,DE,Android,variant,Sports,136.92,4,0
ORD000393,U00584,S002060,2023-06-01,PL,Android,variant,Beauty,292.34,1,0
ORD000394,U00585,S002066,2023-08-22,PL,iOS,variant,Fashion,53.94,5,0
ORD000395,U00588,S002076,2023-08-01,PL,Android,control,Fashion,117.54,1,0
ORD000396,U00588,S002077,2023-08-25,PL,Android,variant,Electronics,140.61,4,0
ORD000397,U00591,S002083,2023-07-01,DE,iOS,variant,Electronics,246.12,3,0
ORD000398,U00593,S002090,2023-08-11,PL,iOS,variant,Electronics,227.86,6,0
ORD000399,U00593,S002091,2023-06-26,PL,iOS,variant,Beauty,222.37,2,0
ORD000400,U00594,S002096,2023-07-12,CZ,iOS,control,Fashion,132.84,4,1
ORD000401,U00595,S002099,2023-07-06,DE,Android,variant,Sports,234.81,4,0
ORD000402,U00597,S002109,2023-06-16,DE,iOS,variant,Home & Garden,224.33,3,1
ORD000403,U00599,S002112,2023-07-17,CZ,Android,variant,Fashion,18.38,4,0
ORD000404,U00599,S002113,2023-08-07,CZ,Android,variant,Fashion,124.08,4,0
ORD000405,U00601,S002118,2023-06-13,PL,iOS,control,Home & Garden,177.55,5,0
ORD000406,U00603,S002123,2023-08-03,PL,Android,control,Beauty,218.73,6,0
ORD000407,U00606,S002133,2023-07-25,DE,Android,variant,Fashion,63.0,4,0
ORD000408,U00608,S002143,2023-07-18,RO,iOS,variant,Beauty,100.6,2,0
ORD000409,U00609,S002148,2023-07-16,DE,iOS,control,Sports,214.84,4,0
ORD000410,U00612,S002154,2023-06-16,DE,iOS,control,Beauty,171.61,5,0
ORD000411,U00614,S002162,2023-08-13,CZ,Android,control,Beauty,216.4,4,0
ORD000412,U00614,S002163,2023-08-20,CZ,Android,control,Fashion,123.35,3,0
ORD000413,U00617,S002170,2023-08-11,DE,Android,variant,Home & Garden,127.54,3,0
ORD000414,U00617,S002171,2023-06-01,DE,Android,variant,Sports,70.1,2,0
ORD000415,U00617,S002173,2023-07-27,DE,Android,variant,Sports,151.06,3,0
ORD000416,U00619,S002178,2023-08-25,DE,Android,variant,Fashion,212.02,1,0
ORD000417,U00620,S002181,2023-07-25,DE,Android,variant,Electronics,279.26,3,0
ORD000418,U00621,S002188,2023-07-07,PL,iOS,variant,Fashion,57.6,6,0
ORD000419,U00623,S002194,2023-08-17,DE,Android,control,Home & Garden,76.43,4,0
ORD000420,U00624,S002197,2023-07-18,CZ,Android,variant,Home & Garden,275.58,3,0
ORD000421,U00626,S002201,2023-07-26,DE,iOS,control,Beauty,154.07,3,1
ORD000422,U00628,S002211,2023-06-21,PL,iOS,variant,Fashion,32.19,4,1
ORD000423,U00631,S002223,2023-07-31,SK,Android,variant,Home & Garden,146.83,2,0
ORD000424,U00632,S002225,2023-08-28,DE,iOS,variant,Electronics,123.68,4,0
ORD000425,U00632,S002226,2023-08-14,DE,iOS,control,Beauty,97.97,3,0
ORD000426,U00634,S002231,2023-06-03,PL,Android,variant,Electronics,30.47,2,0
ORD000427,U00635,S002236,2023-06-28,DE,Android,variant,Fashion,278.12,3,0
ORD000428,U00636,S002241,2023-08-16,PL,iOS,variant,Beauty,276.93,6,0
ORD000429,U00637,S002242,2023-07-30,PL,iOS,variant,Electronics,101.48,3,0
ORD000430,U00641,S002259,2023-08-13,DE,Android,control,Beauty,10.14,3,0
ORD000431,U00643,S002263,2023-06-22,DE,Android,variant,Electronics,173.46,4,0
ORD000432,U00643,S002264,2023-07-27,DE,Android,control,Electronics,59.92,4,0
ORD000433,U00644,S002265,2023-06-03,DE,iOS,control,Beauty,237.79,5,0
ORD000434,U00644,S002266,2023-07-29,DE,iOS,control,Electronics,188.98,1,0
ORD000435,U00647,S002274,2023-06-21,DE,Android,variant,Sports,132.23,1,0
ORD000436,U00652,S002289,2023-06-03,CZ,iOS,variant,Beauty,109.85,3,1
ORD000437,U00655,S002298,2023-06-29,DE,Android,control,Beauty,229.29,2,0
ORD000438,U00657,S002301,2023-06-01,DE,iOS,variant,Beauty,192.3,3,1
ORD000439,U00665,S002329,2023-06-07,PL,iOS,variant,Beauty,233.35,5,0
ORD000440,U00666,S002333,2023-08-05,DE,Android,variant,Beauty,70.44,1,0
ORD000441,U00667,S002336,2023-06-15,CZ,Android,control,Sports,259.08,3,0
ORD000442,U00669,S002342,2023-08-17,RO,Android,control,Beauty,164.84,4,0
ORD000443,U00670,S002346,2023-08-28,DE,Android,variant,Sports,43.12,5,1
ORD000444,U00670,S002348,2023-07-01,DE,Android,variant,Home & Garden,192.22,1,0
ORD000445,U00670,S002349,2023-06-14,DE,Android,variant,Beauty,189.08,1,0
ORD000446,U00671,S002354,2023-08-07,DE,Android,variant,Fashion,116.14,2,0
ORD000447,U00672,S002358,2023-07-22,PL,iOS,variant,Beauty,146.72,6,0
ORD000448,U00675,S002366,2023-08-17,PL,Android,variant,Beauty,125.73,2,0
ORD000449,U00675,S002367,2023-08-22,PL,Android,variant,Home & Garden,109.75,6,0
ORD000450,U00677,S002374,2023-08-20,DE,Android,control,Sports,23.91,5,1
ORD000451,U00677,S002375,2023-08-17,DE,Android,control,Electronics,50.12,2,1
ORD000452,U00677,S002377,2023-08-25,DE,Android,variant,Home & Garden,159.08,6,0
ORD000453,U00679,S002382,2023-08-21,DE,iOS,variant,Beauty,288.03,3,1
ORD000454,U00680,S002385,2023-06-01,PL,iOS,variant,Sports,121.55,2,0
ORD000455,U00680,S002386,2023-06-21,PL,iOS,control,Electronics,223.48,5,0
ORD000456,U00681,S002387,2023-06-16,SK,Android,variant,Home & Garden,97.02,3,0
ORD000457,U00682,S002393,2023-06-25,SK,Android,variant,Fashion,84.08,4,0
ORD000458,U00684,S002398,2023-07-29,DE,iOS,variant,Fashion,102.99,3,0
ORD000459,U00684,S002401,2023-06-17,DE,iOS,control,Home & Garden,210.49,6,1
ORD000460,U00684,S002402,2023-06-03,DE,iOS,control,Beauty,173.45,4,0
ORD000461,U00685,S002404,2023-06-07,SK,Android,variant,Electronics,78.6,3,0
ORD000462,U00687,S002412,2023-06-03,RO,iOS,variant,Sports,219.84,1,1
ORD000463,U00688,S002413,2023-06-20,DE,Android,control,Sports,20.9,6,0
ORD000464,U00689,S002420,2023-08-03,CZ,iOS,variant,Beauty,105.26,6,0
ORD000465,U00692,S002430,2023-07-21,SK,Android,variant,Electronics,99.41,6,0
ORD000466,U00695,S002441,2023-08-01,DE,iOS,control,Electronics,19.12,2,0
ORD000467,U00696,S002443,2023-06-01,DE,iOS,variant,Home & Garden,223.19,1,0
ORD000468,U00696,S002444,2023-06-25,DE,iOS,variant,Fashion,152.08,3,0
ORD000469,U00697,S002449,2023-07-19,CZ,iOS,control,Sports,184.76,3,0
ORD000470,U00699,S002458,2023-07-28,DE,Android,variant,Fashion,164.42,5,0
ORD000471,U00702,S002468,2023-08-14,DE,Android,variant,Home & Garden,25.98,6,0
ORD000472,U00702,S002472,2023-06-07,DE,Android,variant,Home & Garden,87.23,3,0
ORD000473,U00703,S002473,2023-08-27,DE,Android,control,Beauty,79.6,6,0
ORD000474,U00705,S002481,2023-08-29,DE,Android,variant,Beauty,108.1,3,0
ORD000475,U00705,S002485,2023-07-17,DE,Android,variant,Electronics,14.49,3,0
ORD000476,U00707,S002489,2023-08-18,DE,Android,variant,Fashion,263.36,3,1
ORD000477,U00709,S002498,2023-08-15,PL,Android,variant,Electronics,163.23,1,1
ORD000478,U00711,S002504,2023-06-17,DE,iOS,variant,Sports,112.8,1,0
ORD000479,U00712,S002510,2023-07-11,SK,iOS,variant,Sports,172.71,5,0
ORD000480,U00714,S002517,2023-06-10,DE,iOS,variant,Electronics,81.95,2,0
ORD000481,U00715,S002518,2023-07-13,PL,iOS,variant,Sports,291.1,6,1
ORD000482,U00716,S002523,2023-07-11,DE,iOS,variant,Fashion,12.44,3,0
ORD000483,U00720,S002536,2023-08-15,DE,Android,control,Sports,269.1,5,0
ORD000484,U00721,S002538,2023-08-24,CZ,Android,variant,Electronics,15.82,2,0
ORD000485,U00721,S002540,2023-07-26,CZ,Android,variant,Home & Garden,25.27,3,0
ORD000486,U00722,S002542,2023-08-16,PL,iOS,control,Fashion,55.87,1,0
ORD000487,U00725,S002554,2023-08-14,RO,iOS,control,Home & Garden,193.34,6,0
ORD000488,U00730,S002569,2023-08-14,DE,Android,variant,Beauty,142.19,2,1
ORD000489,U00732,S002576,2023-06-02,DE,iOS,variant,Home & Garden,97.96,2,0
ORD000490,U00732,S002579,2023-07-02,DE,iOS,control,Fashion,204.07,6,0
ORD000491,U00734,S002585,2023-08-20,DE,iOS,control,Sports,138.05,6,0
ORD000492,U00734,S002586,2023-07-30,DE,iOS,control,Sports,225.72,3,0
ORD000493,U00734,S002587,2023-08-11,DE,iOS,control,Home & Garden,59.57,3,0
ORD000494,U00737,S002597,2023-06-24,PL,iOS,variant,Home & Garden,73.69,1,0
ORD000495,U00738,S002601,2023-06-30,DE,iOS,control,Fashion,73.44,4,0
ORD000496,U00740,S002604,2023-07-17,PL,Android,variant,Beauty,153.65,3,0
ORD000497,U00741,S002607,2023-07-31,PL,Android,control,Beauty,47.52,4,0
ORD000498,U00742,S002611,2023-08-22,RO,Android,variant,Home & Garden,282.5,2,0
ORD000499,U00743,S002614,2023-07-20,DE,iOS,control,Fashion,203.82,5,0
ORD000500,U00743,S002615,2023-06-01,DE,iOS,control,Home & Garden,107.67,6,0
ORD000501,U00744,S002620,2023-06-07,DE,iOS,control,Sports,37.03,4,0
ORD000502,U00750,S002636,2023-06-09,PL,Android,variant,Home & Garden,16.94,4,0
ORD000503,U00751,S002641,2023-08-26,CZ,Android,variant,Sports,48.36,2,0
ORD000504,U00753,S002644,2023-07-04,DE,Android,control,Electronics,203.74,2,1
ORD000505,U00753,S002646,2023-08-09,DE,Android,variant,Fashion,175.53,6,0
ORD000506,U00756,S002658,2023-07-05,DE,Android,variant,Sports,275.52,6,0
ORD000507,U00758,S002665,2023-07-04,PL,Android,control,Fashion,277.53,6,0
ORD000508,U00759,S002670,2023-06-03,DE,iOS,variant,Sports,273.25,5,0
ORD000509,U00761,S002677,2023-06-19,DE,Android,variant,Home & Garden,41.88,1,0
ORD000510,U00765,S002692,2023-08-25,SK,Android,control,Electronics,297.76,4,0
ORD000511,U00768,S002703,2023-08-25,SK,iOS,variant,Fashion,30.24,2,0
ORD000512,U00768,S002705,2023-06-30,SK,iOS,control,Electronics,60.83,4,0
ORD000513,U00771,S002714,2023-06-30,CZ,Android,variant,Sports,12.99,4,0
ORD000514,U00772,S002716,2023-08-26,PL,iOS,variant,Home & Garden,108.73,3,0
ORD000515,U00778,S002736,2023-08-02,DE,Android,variant,Sports,165.19,5,0
ORD000516,U00781,S002745,2023-07-11,PL,iOS,control,Beauty,268.37,4,0
ORD000517,U00784,S002759,2023-07-15,DE,iOS,variant,Beauty,93.99,4,0
ORD000518,U00786,S002766,2023-08-02,CZ,Android,variant,Beauty,184.05,1,0
ORD000519,U00787,S002772,2023-08-06,DE,iOS,control,Home & Garden,268.62,1,0
ORD000520,U00788,S002773,2023-07-08,PL,iOS,control,Electronics,141.97,3,0
ORD000521,U00788,S002774,2023-08-17,PL,iOS,variant,Beauty,180.41,3,0
ORD000522,U00789,S002780,2023-06-15,DE,iOS,control,Sports,173.23,4,0
ORD000523,U00789,S002781,2023-06-04,DE,iOS,variant,Fashion,94.43,3,0
ORD000524,U00789,S002782,2023-07-10,DE,iOS,variant,Electronics,287.24,1,1
ORD000525,U00793,S002793,2023-08-27,CZ,Android,control,Electronics,55.87,4,0
ORD000526,U00795,S002800,2023-08-01,CZ,Android,variant,Sports,84.29,1,0
ORD000527,U00798,S002810,2023-08-17,DE,Android,control,Home & Garden,10.97,3,0
ORD000528,U00799,S002812,2023-08-26,DE,iOS,variant,Fashion,95.15,6,0
ORD000529,U00800,S002815,2023-07-31,PL,iOS,variant,Electronics,123.4,1,1
ORD000530,U00802,S002821,2023-08-21,CZ,iOS,control,Fashion,105.27,4,0
ORD000531,U00804,S002834,2023-08-05,DE,iOS,control,Home & Garden,62.11,4,0
ORD000532,U00805,S002836,2023-07-10,SK,iOS,control,Sports,219.76,3,0
ORD000533,U00808,S002847,2023-07-29,CZ,iOS,control,Electronics,218.9,6,1
ORD000534,U00809,S002851,2023-07-14,DE,iOS,variant,Sports,42.39,2,0
ORD000535,U00811,S002858,2023-08-05,CZ,Android,variant,Home & Garden,128.27,5,1
ORD000536,U00811,S002861,2023-08-21,CZ,Android,control,Home & Garden,242.39,4,1
ORD000537,U00814,S002869,2023-07-22,DE,iOS,control,Beauty,83.46,3,0
ORD000538,U00814,S002872,2023-06-26,DE,iOS,variant,Beauty,26.33,1,0
ORD000539,U00816,S002876,2023-06-18,CZ,iOS,control,Fashion,211.05,2,1
ORD000540,U00817,S002880,2023-06-20,CZ,Android,variant,Home & Garden,272.38,6,1
ORD000541,U00818,S002882,2023-08-29,DE,Android,control,Fashion,72.08,6,0
ORD000542,U00821,S002893,2023-06-26,PL,Android,variant,Home & Garden,207.41,3,0
ORD000543,U00821,S002895,2023-07-09,PL,Android,control,Electronics,88.04,4,0
ORD000544,U00823,S002900,2023-08-14,DE,Android,variant,Home & Garden,189.48,5,0
ORD000545,U00824,S002901,2023-06-02,DE,Android,control,Electronics,294.98,6,1
ORD000546,U00824,S002903,2023-08-22,DE,Android,control,Beauty,170.11,6,0
ORD000547,U00825,S002907,2023-06-07,PL,Android,variant,Fashion,260.28,1,0
ORD000548,U00826,S002910,2023-08-29,DE,Android,variant,Electronics,112.7,4,0
ORD000549,U00827,S002912,2023-06-24,PL,iOS,control,Sports,265.16,2,0
ORD000550,U00827,S002913,2023-07-08,PL,iOS,control,Fashion,257.67,6,1
ORD000551,U00828,S002915,2023-06-14,PL,Android,control,Sports,243.12,1,0
ORD000552,U00829,S002917,2023-06-04,SK,Android,control,Fashion,207.07,3,0
ORD000553,U00829,S002918,2023-08-27,SK,Android,variant,Fashion,239.73,1,0
ORD000554,U00830,S002920,2023-07-16,CZ,Android,variant,Fashion,140.41,4,0
ORD000555,U00831,S002926,2023-08-09,PL,Android,variant,Electronics,89.43,6,0
ORD000556,U00836,S002938,2023-08-12,DE,iOS,variant,Sports,220.61,2,0
ORD000557,U00837,S002943,2023-07-20,DE,Android,control,Sports,114.09,1,0
ORD000558,U00839,S002946,2023-08-10,PL,Android,control,Home & Garden,230.14,2,0
ORD000559,U00840,S002952,2023-06-17,PL,Android,control,Electronics,264.39,3,0
ORD000560,U00841,S002953,2023-07-10,CZ,iOS,variant,Beauty,254.45,3,0
ORD000561,U00841,S002954,2023-06-16,CZ,iOS,variant,Fashion,119.94,6,0
ORD000562,U00843,S002959,2023-06-10,DE,Android,variant,Beauty,100.55,3,0
ORD000563,U00843,S002962,2023-07-22,DE,Android,control,Beauty,32.97,2,1
ORD000564,U00845,S002965,2023-06-17,DE,iOS,variant,Sports,208.79,3,0
ORD000565,U00846,S002970,2023-08-25,DE,iOS,variant,Sports,33.02,1,0
ORD000566,U00848,S002980,2023-07-24,DE,Android,control,Beauty,115.59,5,0
ORD000567,U00849,S002982,2023-07-20,RO,Android,variant,Home & Garden,242.39,2,0
ORD000568,U00850,S002987,2023-06-23,CZ,Android,variant,Electronics,278.9,5,0
ORD000569,U00850,S002988,2023-08-23,CZ,Android,control,Electronics,96.11,1,0
ORD000570,U00855,S003000,2023-07-28,DE,Android,variant,Electronics,160.74,5,0
ORD000571,U00856,S003006,2023-08-05,RO,Android,variant,Home & Garden,24.37,2,0
ORD000572,U00856,S003007,2023-08-14,RO,Android,control,Home & Garden,239.09,2,0
ORD000573,U00859,S003017,2023-06-23,DE,Android,control,Home & Garden,132.7,4,1
ORD000574,U00862,S003024,2023-07-29,DE,iOS,control,Beauty,77.67,2,0
ORD000575,U00862,S003026,2023-06-04,DE,iOS,variant,Home & Garden,95.27,5,0
ORD000576,U00863,S003028,2023-06-24,DE,iOS,variant,Beauty,254.87,2,0
ORD000577,U00865,S003035,2023-07-28,CZ,Android,control,Beauty,148.69,2,0
ORD000578,U00866,S003040,2023-07-23,PL,Android,variant,Electronics,206.27,6,0
ORD000579,U00867,S003041,2023-07-05,CZ,iOS,control,Home & Garden,234.09,3,0
ORD000580,U00868,S003045,2023-06-08,PL,Android,variant,Electronics,297.34,6,0
ORD000581,U00868,S003046,2023-06-03,PL,Android,control,Home & Garden,36.21,5,0
ORD000582,U00869,S003049,2023-08-19,SK,Android,variant,Electronics,113.08,6,0
ORD000583,U00872,S003061,2023-08-26,SK,iOS,variant,Beauty,286.3,6,1
ORD000584,U00873,S003065,2023-07-12,DE,Android,control,Fashion,31.28,3,0
ORD000585,U00874,S003070,2023-07-20,DE,Android,control,Home & Garden,149.08,4,0
ORD000586,U00879,S003088,2023-07-18,CZ,iOS,variant,Home & Garden,244.19,4,0
ORD000587,U00879,S003089,2023-06-22,CZ,iOS,variant,Electronics,104.29,1,1
ORD000588,U00880,S003094,2023-07-19,DE,iOS,control,Beauty,220.96,2,0
ORD000589,U00882,S003102,2023-06-25,PL,iOS,control,Electronics,199.0,5,0
ORD000590,U00883,S003105,2023-07-01,DE,Android,variant,Electronics,164.57,5,0
ORD000591,U00885,S003113,2023-07-07,PL,Android,variant,Fashion,284.07,3,0
ORD000592,U00887,S003121,2023-07-02,RO,Android,variant,Beauty,104.93,5,0
ORD000593,U00888,S003127,2023-06-14,SK,iOS,variant,Fashion,271.03,6,1
ORD000594,U00889,S003130,2023-06-04,PL,Android,control,Home & Garden,13.93,5,0
ORD000595,U00889,S003131,2023-08-27,PL,Android,control,Fashion,174.43,6,0
ORD000596,U00890,S003136,2023-08-26,PL,Android,control,Electronics,176.74,1,0
ORD000597,U00893,S003142,2023-08-04,DE,Android,variant,Electronics,254.54,4,0
ORD000598,U00894,S003149,2023-07-17,PL,Android,control,Fashion,203.92,3,0
ORD000599,U00895,S003153,2023-06-22,PL,iOS,variant,Sports,197.6,6,1
ORD000600,U00896,S003158,2023-08-02,PL,Android,variant,Beauty,125.78,2,0
ORD000601,U00898,S003163,2023-07-26,PL,iOS,control,Electronics,120.9,2,0
ORD000602,U00898,S003164,2023-07-21,PL,iOS,variant,Electronics,61.91,6,0
ORD000603,U00899,S003167,2023-08-11,PL,Android,control,Beauty,77.71,1,0
ORD000604,U00902,S003179,2023-06-24,DE,Android,variant,Home & Garden,201.58,2,0
ORD000605,U00903,S003183,2023-06-18,CZ,Android,variant,Sports,129.2,3,0
ORD000606,U00904,S003186,2023-08-16,PL,Android,control,Electronics,257.56,1,0
ORD000607,U00904,S003189,2023-07-08,PL,Android,variant,Home & Garden,208.51,3,0
ORD000608,U00905,S003191,2023-06-14,DE,iOS,variant,Home & Garden,248.43,2,0
ORD000609,U00906,S003193,2023-07-01,DE,Android,control,Fashion,19.91,6,0
ORD000610,U00909,S003201,2023-08-24,PL,iOS,variant,Electronics,84.01,1,0
ORD000611,U00910,S003205,2023-07-11,DE,iOS,control,Sports,121.14,5,0
ORD000612,U00911,S003210,2023-07-27,RO,Android,variant,Electronics,197.22,3,0
ORD000613,U00912,S003213,2023-08-09,DE,Android,variant,Electronics,47.49,4,0
ORD000614,U00914,S003221,2023-08-24,CZ,iOS,variant,Home & Garden,248.51,5,1
ORD000615,U00916,S003229,2023-06-19,PL,Android,control,Electronics,256.17,3,0
ORD000616,U00917,S003234,2023-06-30,CZ,iOS,control,Home & Garden,185.62,3,0
ORD000617,U00918,S003237,2023-06-17,PL,iOS,control,Beauty,43.52,3,0
ORD000618,U00919,S003241,2023-07-08,DE,iOS,variant,Fashion,85.34,4,0
ORD000619,U00922,S003251,2023-08-25,DE,Android,variant,Electronics,222.0,6,0
ORD000620,U00926,S003264,2023-07-30,PL,Android,control,Home & Garden,272.63,4,0
ORD000621,U00927,S003269,2023-08-23,PL,iOS,variant,Beauty,104.7,4,1
ORD000622,U00927,S003270,2023-06-16,PL,iOS,variant,Sports,137.93,3,1
ORD000623,U00928,S003272,2023-08-14,DE,Android,variant,Electronics,115.73,5,0
ORD000624,U00932,S003284,2023-07-24,SK,Android,control,Beauty,106.71,4,0
ORD000625,U00934,S003289,2023-08-26,PL,iOS,variant,Fashion,157.68,2,1
ORD000626,U00937,S003301,2023-06-12,DE,iOS,variant,Sports,203.4,2,0
ORD000627,U00940,S003311,2023-08-07,DE,Android,variant,Fashion,93.76,6,0
ORD000628,U00940,S003313,2023-07-31,DE,Android,control,Fashion,265.07,5,0
ORD000629,U00941,S003315,2023-08-07,PL,iOS,control,Electronics,185.05,5,0
ORD000630,U00945,S003323,2023-06-02,DE,Android,variant,Beauty,227.02,5,0
ORD000631,U00946,S003325,2023-08-13,DE,Android,control,Home & Garden,32.33,4,0
ORD000632,U00946,S003327,2023-08-18,DE,Android,variant,Fashion,242.45,4,0
ORD000633,U00948,S003336,2023-07-20,PL,iOS,control,Sports,147.19,5,0
ORD000634,U00949,S003339,2023-08-18,DE,iOS,control,Fashion,229.17,5,0
ORD000635,U00949,S003340,2023-08-29,DE,iOS,variant,Fashion,82.08,3,0
ORD000636,U00950,S003344,2023-07-29,DE,iOS,variant,Fashion,238.17,5,0
ORD000637,U00953,S003352,2023-07-23,DE,Android,control,Home & Garden,203.26,3,0
ORD000638,U00954,S003355,2023-08-18,DE,iOS,variant,Sports,222.76,6,0
ORD000639,U00955,S003361,2023-07-08,DE,Android,variant,Electronics,75.56,3,0
ORD000640,U00958,S003370,2023-06-27,SK,Android,variant,Home & Garden,71.34,5,0
ORD000641,U00959,S003373,2023-08-17,PL,iOS,control,Electronics,91.27,1,0
ORD000642,U00959,S003374,2023-07-26,PL,iOS,control,Sports,230.47,1,0
ORD000643,U00959,S003376,2023-06-19,PL,iOS,control,Sports,78.59,6,0
ORD000644,U00959,S003377,2023-07-05,PL,iOS,control,Fashion,106.84,5,0
ORD000645,U00960,S003379,2023-06-13,PL,iOS,variant,Electronics,179.7,1,0
ORD000646,U00961,S003381,2023-07-18,PL,iOS,variant,Home & Garden,163.1,4,0
ORD000647,U00961,S003383,2023-08-20,PL,iOS,variant,Sports,190.69,1,0
ORD000648,U00962,S003389,2023-07-23,PL,iOS,control,Sports,82.12,5,0
ORD000649,U00963,S003391,2023-07-15,DE,Android,control,Home & Garden,176.11,2,0
ORD000650,U00964,S003395,2023-08-02,DE,Android,control,Home & Garden,174.58,4,0
ORD000651,U00964,S003397,2023-06-11,DE,Android,control,Home & Garden,61.87,6,0
ORD000652,U00967,S003406,2023-06-09,DE,Android,control,Home & Garden,283.05,5,1
ORD000653,U00971,S003420,2023-06-06,PL,iOS,variant,Electronics,123.47,1,0
ORD000654,U00972,S003422,2023-08-18,DE,Android,variant,Home & Garden,171.08,5,0
ORD000655,U00972,S003423,2023-07-09,DE,Android,variant,Fashion,33.24,5,0
ORD000656,U00974,S003429,2023-06-04,DE,Android,variant,Electronics,214.46,4,0
ORD000657,U00975,S003433,2023-06-29,DE,iOS,variant,Sports,195.99,1,0
ORD000658,U00981,S003455,2023-08-09,CZ,Android,control,Beauty,49.03,2,0
ORD000659,U00983,S003464,2023-06-16,DE,Android,control,Home & Garden,11.52,1,0
ORD000660,U00983,S003465,2023-06-19,DE,Android,variant,Electronics,182.34,3,0
ORD000661,U00987,S003479,2023-07-10,PL,Android,variant,Home & Garden,231.04,4,0
ORD000662,U00987,S003480,2023-08-27,PL,Android,control,Sports,59.19,1,0
ORD000663,U00989,S003488,2023-07-30,DE,Android,variant,Home & Garden,117.75,1,0
ORD000664,U00990,S003490,2023-06-11,PL,Android,variant,Sports,239.65,3,0
ORD000665,U00990,S003494,2023-08-07,PL,Android,variant,Home & Garden,180.98,4,0
ORD000666,U00993,S003504,2023-07-26,CZ,Android,variant,Home & Garden,206.92,5,0
ORD000667,U00994,S003508,2023-07-12,CZ,Android,control,Sports,119.81,5,0
ORD000668,U00994,S003511,2023-07-06,CZ,Android,variant,Sports,183.29,6,1
ORD000669,U01001,S003528,2023-08-03,DE,iOS,variant,Home & Garden,262.91,1,0
ORD000670,U01003,S003534,2023-08-09,PL,iOS,control,Fashion,152.27,1,0
ORD000671,U01004,S003538,2023-08-22,DE,iOS,variant,Fashion,226.58,6,0
ORD000672,U01006,S003545,2023-07-14,PL,iOS,variant,Fashion,127.8,4,0
ORD000673,U01006,S003546,2023-08-19,PL,iOS,variant,Sports,14.89,2,0
ORD000674,U01007,S003549,2023-08-28,DE,iOS,variant,Fashion,191.25,6,0
ORD000675,U01007,S003551,2023-06-01,DE,iOS,variant,Electronics,92.43,1,0
ORD000676,U01007,S003552,2023-08-16,DE,iOS,control,Fashion,98.44,5,0
ORD000677,U01009,S003558,2023-06-15,PL,Android,control,Home & Garden,167.62,4,0
ORD000678,U01011,S003561,2023-08-02,CZ,Android,control,Home & Garden,74.85,4,1
ORD000679,U01012,S003565,2023-07-25,DE,Android,variant,Home & Garden,71.39,5,0
ORD000680,U01012,S003566,2023-08-08,DE,Android,control,Fashion,56.35,3,0
ORD000681,U01013,S003572,2023-06-30,DE,iOS,control,Sports,158.28,2,0
ORD000682,U01013,S003573,2023-07-01,DE,iOS,control,Sports,295.05,2,0
ORD000683,U01014,S003577,2023-08-05,PL,iOS,variant,Fashion,291.29,5,1
ORD000684,U01016,S003580,2023-07-01,DE,iOS,variant,Sports,123.19,6,0
ORD000685,U01017,S003586,2023-07-11,RO,Android,control,Electronics,186.22,4,1
ORD000686,U01019,S003593,2023-07-22,DE,Android,variant,Home & Garden,54.52,4,0
ORD000687,U01020,S003600,2023-07-01,SK,iOS,control,Home & Garden,203.43,1,1
ORD000688,U01021,S003601,2023-08-13,DE,Android,control,Home & Garden,49.11,3,0
ORD000689,U01022,S003603,2023-08-27,DE,Android,variant,Beauty,37.42,4,0
ORD000690,U01024,S003609,2023-08-22,CZ,Android,control,Home & Garden,29.31,2,1
ORD000691,U01025,S003614,2023-07-05,PL,Android,control,Electronics,285.28,1,0
ORD000692,U01029,S003630,2023-08-25,DE,Android,control,Fashion,237.15,2,0
ORD000693,U01029,S003631,2023-07-06,DE,Android,control,Electronics,241.81,5,0
ORD000694,U01029,S003632,2023-08-18,DE,Android,variant,Home & Garden,76.73,3,0
ORD000695,U01029,S003633,2023-08-24,DE,Android,control,Fashion,177.28,6,1
ORD000696,U01030,S003635,2023-07-28,PL,Android,control,Beauty,53.81,5,0
ORD000697,U01031,S003638,2023-06-25,CZ,Android,variant,Home & Garden,283.01,2,0
ORD000698,U01032,S003643,2023-08-23,CZ,Android,variant,Sports,216.88,6,0
ORD000699,U01034,S003648,2023-07-09,PL,iOS,variant,Electronics,197.11,1,0
ORD000700,U01038,S003660,2023-07-13,DE,Android,variant,Electronics,177.87,6,0
ORD000701,U01039,S003665,2023-08-29,DE,Android,control,Sports,270.73,1,0
ORD000702,U01041,S003671,2023-07-18,DE,iOS,variant,Electronics,23.24,2,0
ORD000703,U01041,S003674,2023-06-26,DE,iOS,variant,Sports,123.73,5,0
ORD000704,U01044,S003683,2023-07-31,DE,iOS,control,Beauty,179.66,1,0
ORD000705,U01044,S003686,2023-07-23,DE,iOS,variant,Sports,140.63,5,0
ORD000706,U01046,S003692,2023-06-12,CZ,Android,control,Sports,179.04,2,0
ORD000707,U01049,S003700,2023-08-16,DE,iOS,variant,Beauty,292.08,1,0
ORD000708,U01050,S003703,2023-07-05,DE,iOS,control,Electronics,24.72,5,0
ORD000709,U01053,S003714,2023-07-24,DE,Android,control,Home & Garden,51.24,4,0
ORD000710,U01053,S003715,2023-07-07,DE,Android,control,Sports,233.23,4,0
ORD000711,U01054,S003716,2023-08-07,DE,Android,variant,Sports,214.61,2,0
ORD000712,U01054,S003718,2023-08-08,DE,Android,control,Beauty,32.16,4,1
ORD000713,U01057,S003730,2023-08-21,RO,Android,control,Beauty,255.13,2,0
ORD000714,U01058,S003732,2023-08-16,DE,iOS,control,Electronics,20.71,4,0
ORD000715,U01058,S003733,2023-07-15,DE,iOS,control,Electronics,18.15,2,0
ORD000716,U01061,S003740,2023-08-27,DE,Android,control,Home & Garden,99.81,1,0
ORD000717,U01064,S003752,2023-08-04,PL,iOS,control,Fashion,218.25,1,0
ORD000718,U01065,S003757,2023-06-05,CZ,iOS,control,Sports,168.43,5,1
ORD000719,U01066,S003762,2023-07-19,PL,iOS,control,Fashion,219.59,1,0
ORD000720,U01066,S003763,2023-08-18,PL,iOS,variant,Sports,36.31,6,0
ORD000721,U01068,S003768,2023-07-06,DE,Android,variant,Beauty,203.34,6,0
ORD000722,U01070,S003773,2023-06-30,PL,iOS,control,Fashion,121.67,1,0
ORD000723,U01070,S003775,2023-06-17,PL,iOS,control,Fashion,278.95,1,0
ORD000724,U01072,S003780,2023-06-13,DE,iOS,control,Beauty,32.59,6,0
ORD000725,U01073,S003782,2023-07-25,DE,iOS,control,Sports,142.36,2,0
ORD000726,U01074,S003789,2023-07-09,DE,iOS,variant,Electronics,189.26,2,0
ORD000727,U01075,S003791,2023-06-12,CZ,iOS,variant,Electronics,13.97,1,0
ORD000728,U01080,S003808,2023-06-21,DE,iOS,variant,Beauty,14.8,2,0
ORD000729,U01082,S003813,2023-07-23,PL,Android,control,Electronics,147.51,1,0
ORD000730,U01083,S003815,2023-06-02,PL,Android,variant,Sports,44.11,1,0
ORD000731,U01083,S003817,2023-08-09,PL,Android,variant,Beauty,139.57,5,0
ORD000732,U01084,S003819,2023-07-26,CZ,Android,control,Beauty,289.62,4,0
ORD000733,U01086,S003822,2023-07-05,SK,iOS,variant,Sports,95.5,5,0
ORD000734,U01090,S003836,2023-07-27,DE,Android,variant,Fashion,165.83,3,0
ORD000735,U01091,S003839,2023-07-08,SK,iOS,variant,Sports,176.63,5,0
ORD000736,U01093,S003845,2023-07-18,PL,Android,variant,Electronics,158.46,4,0
ORD000737,U01094,S003847,2023-08-29,PL,Android,variant,Home & Garden,141.24,4,0
ORD000738,U01094,S003849,2023-07-20,PL,Android,variant,Electronics,103.55,5,0
ORD000739,U01094,S003850,2023-06-05,PL,Android,variant,Electronics,252.15,5,0
ORD000740,U01101,S003872,2023-07-13,CZ,iOS,control,Electronics,193.44,4,0
ORD000741,U01102,S003876,2023-07-29,CZ,Android,variant,Fashion,63.83,2,1
ORD000742,U01105,S003889,2023-06-27,PL,Android,control,Home & Garden,203.43,3,0
ORD000743,U01109,S003903,2023-08-13,PL,Android,control,Home & Garden,29.85,5,0
ORD000744,U01111,S003910,2023-06-01,SK,iOS,variant,Sports,185.73,5,0
ORD000745,U01113,S003920,2023-08-17,CZ,iOS,variant,Electronics,49.54,5,0
ORD000746,U01113,S003923,2023-06-03,CZ,iOS,variant,Sports,17.68,2,0
ORD000747,U01113,S003924,2023-08-22,CZ,iOS,variant,Home & Garden,275.69,2,0
ORD000748,U01114,S003925,2023-07-26,PL,iOS,control,Sports,172.93,4,0
ORD000749,U01115,S003930,2023-06-15,DE,iOS,variant,Electronics,20.56,5,0
ORD000750,U01115,S003932,2023-08-26,DE,iOS,control,Electronics,13.58,4,0
ORD000751,U01116,S003933,2023-07-28,DE,Android,control,Electronics,175.95,4,0
ORD000752,U01116,S003934,2023-07-31,DE,Android,variant,Home & Garden,128.21,3,1
ORD000753,U01116,S003936,2023-07-20,DE,Android,control,Fashion,29.83,4,0
ORD000754,U01118,S003941,2023-06-13,DE,Android,variant,Electronics,267.64,2,0
ORD000755,U01121,S003948,2023-08-04,DE,iOS,variant,Home & Garden,78.07,2,0
ORD000756,U01121,S003950,2023-08-02,DE,iOS,variant,Beauty,20.22,6,0
ORD000757,U01127,S003971,2023-07-18,PL,iOS,variant,Beauty,273.26,6,0
ORD000758,U01127,S003975,2023-08-25,PL,iOS,variant,Fashion,287.57,5,0
ORD000759,U01128,S003979,2023-08-26,DE,iOS,variant,Fashion,98.78,1,0
ORD000760,U01129,S003982,2023-08-23,PL,iOS,control,Beauty,107.31,1,0
ORD000761,U01130,S003986,2023-06-23,DE,Android,control,Home & Garden,267.67,3,1
ORD000762,U01130,S003987,2023-07-25,DE,Android,control,Fashion,87.31,4,0
ORD000763,U01131,S003989,2023-06-20,DE,iOS,control,Sports,46.67,4,0
ORD000764,U01134,S004002,2023-08-16,DE,iOS,control,Beauty,196.82,3,0
ORD000765,U01135,S004006,2023-06-28,PL,Android,control,Sports,123.52,2,0
ORD000766,U01137,S004009,2023-08-05,DE,Android,control,Electronics,16.1,2,0
ORD000767,U01137,S004010,2023-08-19,DE,Android,variant,Beauty,273.97,5,0
ORD000768,U01139,S004014,2023-07-25,DE,iOS,variant,Beauty,149.48,2,1
ORD000769,U01141,S004021,2023-07-27,DE,Android,control,Home & Garden,297.3,5,0
ORD000770,U01142,S004027,2023-06-24,DE,Android,control,Sports,186.38,5,1
ORD000771,U01144,S004033,2023-06-26,DE,Android,variant,Electronics,23.36,1,0
ORD000772,U01145,S004037,2023-06-22,RO,iOS,control,Fashion,282.04,5,0
ORD000773,U01152,S004054,2023-07-12,PL,Android,variant,Fashion,43.41,6,0
ORD000774,U01153,S004060,2023-06-06,PL,Android,variant,Sports,22.24,1,1
ORD000775,U01155,S004064,2023-07-28,DE,Android,control,Electronics,25.69,3,0
ORD000776,U01156,S004066,2023-08-17,CZ,Android,control,Beauty,261.06,1,0
ORD000777,U01157,S004071,2023-08-20,DE,iOS,variant,Electronics,62.76,3,1
ORD000778,U01158,S004072,2023-07-13,DE,Android,variant,Beauty,137.31,1,0
ORD000779,U01158,S004073,2023-08-04,DE,Android,variant,Fashion,154.55,1,0
ORD000780,U01159,S004076,2023-06-09,DE,iOS,variant,Sports,154.66,2,0
ORD000781,U01161,S004085,2023-07-28,CZ,Android,control,Electronics,153.82,2,0
ORD000782,U01163,S004091,2023-08-09,DE,iOS,variant,Sports,248.32,5,0
ORD000783,U01165,S004098,2023-07-20,CZ,iOS,variant,Electronics,113.58,4,0
ORD000784,U01165,S004100,2023-08-19,CZ,iOS,variant,Sports,80.89,1,1
ORD000785,U01168,S004108,2023-08-03,DE,Android,variant,Fashion,75.81,2,0
ORD000786,U01169,S004112,2023-06-24,PL,iOS,control,Beauty,50.0,2,0
ORD000787,U01170,S004116,2023-07-22,PL,Android,control,Electronics,286.03,5,0
ORD000788,U01171,S004118,2023-07-09,PL,iOS,variant,Sports,119.72,6,0
ORD000789,U01172,S004124,2023-08-18,DE,iOS,variant,Beauty,197.89,3,0
ORD000790,U01173,S004127,2023-07-12,PL,Android,control,Home & Garden,103.97,6,0
ORD000791,U01174,S004131,2023-07-10,DE,iOS,control,Electronics,71.19,4,0
ORD000792,U01177,S004141,2023-06-15,PL,Android,control,Electronics,273.05,6,0
ORD000793,U01181,S004156,2023-06-13,PL,Android,control,Fashion,44.73,3,0
ORD000794,U01182,S004158,2023-06-01,PL,iOS,variant,Beauty,11.3,3,0
ORD000795,U01183,S004160,2023-06-04,PL,iOS,variant,Beauty,249.72,6,1
ORD000796,U01185,S004165,2023-08-29,CZ,Android,control,Sports,37.05,3,1
ORD000797,U01185,S004168,2023-07-27,CZ,Android,variant,Electronics,288.72,5,0
ORD000798,U01186,S004169,2023-08-15,DE,iOS,variant,Electronics,46.3,4,1
ORD000799,U01186,S004170,2023-07-05,DE,iOS,variant,Sports,216.69,4,0
ORD000800,U01186,S004171,2023-08-25,DE,iOS,variant,Fashion,152.76,1,0
ORD000801,U01187,S004175,2023-08-03,DE,iOS,control,Electronics,191.39,6,0
ORD000802,U01190,S004182,2023-08-28,DE,Android,control,Fashion,133.63,4,0
ORD000803,U01190,S004183,2023-07-28,DE,Android,variant,Electronics,245.57,6,0
ORD000804,U01193,S004188,2023-07-24,CZ,iOS,variant,Beauty,91.8,1,0
ORD000805,U01194,S004190,2023-06-23,PL,iOS,variant,Fashion,47.16,4,0
ORD000806,U01195,S004193,2023-07-25,DE,Android,variant,Fashion,178.34,1,0
ORD000807,U01200,S004211,2023-07-28,CZ,iOS,control,Fashion,36.91,6,1
ORD000808,U01202,S004219,2023-08-27,RO,iOS,control,Home & Garden,47.3,6,1
ORD000809,U01202,S004221,2023-07-05,RO,iOS,variant,Electronics,299.02,6,0
ORD000810,U01204,S004229,2023-07-03,PL,Android,control,Beauty,55.47,5,0
ORD000811,U01206,S004239,2023-07-22,DE,Android,variant,Electronics,281.21,2,0
ORD000812,U01207,S004241,2023-08-06,DE,Android,variant,Sports,160.82,6,0
ORD000813,U01208,S004242,2023-07-11,CZ,iOS,control,Fashion,212.23,6,1
ORD000814,U01210,S004251,2023-07-22,CZ,iOS,control,Electronics,163.16,2,0
ORD000815,U01213,S004264,2023-06-13,DE,Android,control,Electronics,102.05,4,0
ORD000816,U01214,S004268,2023-06-20,DE,Android,control,Electronics,20.49,3,0
ORD000817,U01216,S004271,2023-08-19,DE,Android,variant,Sports,211.87,2,0
ORD000818,U01219,S004281,2023-06-10,SK,Android,variant,Home & Garden,86.58,3,0
ORD000819,U01222,S004292,2023-08-19,PL,iOS,variant,Sports,204.48,2,0
ORD000820,U01223,S004295,2023-07-01,DE,Android,control,Fashion,86.69,1,0
ORD000821,U01223,S004297,2023-08-04,DE,Android,variant,Beauty,51.23,4,1
ORD000822,U01225,S004302,2023-08-17,DE,iOS,variant,Fashion,85.5,3,0
ORD000823,U01228,S004314,2023-06-17,CZ,iOS,control,Electronics,69.02,2,0
ORD000824,U01229,S004318,2023-07-17,DE,iOS,variant,Electronics,170.89,4,0
ORD000825,U01230,S004321,2023-06-05,DE,iOS,control,Home & Garden,276.63,3,0
ORD000826,U01231,S004323,2023-07-05,DE,Android,control,Fashion,206.19,5,0
ORD000827,U01233,S004331,2023-06-30,PL,Android,variant,Beauty,262.22,2,0
ORD000828,U01234,S004333,2023-06-16,RO,iOS,variant,Sports,18.06,4,0
ORD000829,U01235,S004336,2023-08-04,RO,Android,control,Fashion,74.94,2,0
ORD000830,U01235,S004338,2023-07-08,RO,Android,control,Beauty,274.63,4,1
ORD000831,U01238,S004351,2023-08-07,PL,iOS,variant,Beauty,228.07,4,0
ORD000832,U01239,S004355,2023-06-24,PL,iOS,variant,Beauty,299.08,1,0
ORD000833,U01240,S004356,2023-07-22,DE,iOS,variant,Fashion,77.22,1,0
ORD000834,U01243,S004365,2023-06-27,DE,Android,control,Electronics,248.78,2,0
ORD000835,U01245,S004373,2023-07-03,PL,iOS,variant,Fashion,276.92,1,0
ORD000836,U01246,S004375,2023-06-17,DE,Android,control,Home & Garden,243.29,6,0
ORD000837,U01247,S004377,2023-08-11,PL,iOS,control,Fashion,174.33,3,0
ORD000838,U01250,S004387,2023-06-06,RO,iOS,control,Sports,191.83,6,0
ORD000839,U01250,S004389,2023-06-17,RO,iOS,control,Beauty,227.97,1,0
ORD000840,U01252,S004392,2023-08-29,PL,iOS,control,Electronics,254.34,1,0
ORD000841,U01252,S004394,2023-06-24,PL,iOS,variant,Beauty,102.77,2,0
ORD000842,U01254,S004403,2023-08-16,DE,Android,variant,Sports,230.0,3,0
ORD000843,U01255,S004404,2023-06-30,DE,iOS,variant,Fashion,131.26,6,1
ORD000844,U01257,S004412,2023-08-25,DE,Android,control,Home & Garden,213.89,3,1
ORD000845,U01259,S004417,2023-07-15,PL,Android,control,Sports,22.37,1,0
ORD000846,U01259,S004419,2023-07-22,PL,Android,variant,Home & Garden,97.96,6,0
ORD000847,U01260,S004422,2023-07-20,CZ,Android,control,Beauty,91.49,2,0
ORD000848,U01261,S004424,2023-06-10,DE,Android,variant,Home & Garden,169.05,5,0
ORD000849,U01263,S004435,2023-08-08,DE,Android,control,Home & Garden,21.97,2,0
ORD000850,U01263,S004436,2023-07-22,DE,Android,variant,Fashion,251.52,4,0
ORD000851,U01265,S004442,2023-06-28,DE,iOS,variant,Electronics,88.4,4,0
ORD000852,U01269,S004452,2023-06-12,DE,Android,variant,Electronics,259.81,1,0
ORD000853,U01269,S004456,2023-08-11,DE,Android,variant,Home & Garden,283.6,3,0
ORD000854,U01270,S004457,2023-06-05,PL,Android,control,Electronics,98.89,1,0
ORD000855,U01270,S004458,2023-06-18,PL,Android,control,Fashion,273.96,3,0
ORD000856,U01270,S004459,2023-08-25,PL,Android,variant,Fashion,114.33,6,0
ORD000857,U01272,S004466,2023-08-28,DE,Android,variant,Electronics,114.38,6,0
ORD000858,U01274,S004473,2023-07-27,DE,Android,variant,Beauty,246.05,4,0
ORD000859,U01275,S004475,2023-06-08,PL,Android,control,Fashion,253.88,3,0
ORD000860,U01277,S004481,2023-08-20,CZ,Android,control,Electronics,38.84,4,0
ORD000861,U01282,S004500,2023-06-11,DE,Android,variant,Fashion,55.37,6,0
ORD000862,U01285,S004513,2023-06-01,SK,iOS,control,Home & Garden,38.52,6,0
ORD000863,U01288,S004520,2023-08-20,PL,Android,variant,Fashion,220.5,4,1
ORD000864,U01288,S004521,2023-08-18,PL,Android,control,Electronics,106.41,6,0
ORD000865,U01289,S004523,2023-07-12,PL,iOS,variant,Beauty,24.16,4,0
ORD000866,U01290,S004527,2023-07-12,SK,Android,control,Beauty,110.84,6,0
ORD000867,U01292,S004533,2023-07-31,DE,Android,variant,Fashion,243.26,5,0
ORD000868,U01294,S004536,2023-07-07,PL,iOS,control,Electronics,298.93,4,0
ORD000869,U01295,S004541,2023-06-08,DE,iOS,control,Home & Garden,36.4,4,1
ORD000870,U01295,S004543,2023-07-27,DE,iOS,variant,Electronics,265.78,6,0
ORD000871,U01297,S004550,2023-07-23,PL,iOS,variant,Sports,117.5,4,0
ORD000872,U01298,S004553,2023-07-20,DE,Android,control,Beauty,175.43,1,0
ORD000873,U01299,S004558,2023-06-23,DE,Android,control,Sports,201.34,1,0
ORD000874,U01300,S004561,2023-07-16,DE,Android,variant,Home & Garden,123.56,3,0
ORD000875,U01301,S004562,2023-06-24,PL,Android,variant,Sports,86.74,4,0
ORD000876,U01301,S004563,2023-08-10,PL,Android,variant,Home & Garden,245.02,4,0
ORD000877,U01302,S004565,2023-06-15,DE,Android,variant,Sports,55.39,4,0
ORD000878,U01302,S004566,2023-07-28,DE,Android,variant,Fashion,87.91,5,0
ORD000879,U01303,S004570,2023-08-12,DE,Android,variant,Home & Garden,133.28,2,0
ORD000880,U01303,S004572,2023-08-23,DE,Android,variant,Electronics,153.07,4,0
ORD000881,U01305,S004576,2023-08-10,PL,Android,control,Fashion,64.73,1,0
ORD000882,U01305,S004578,2023-07-20,PL,Android,variant,Fashion,264.39,1,0
ORD000883,U01307,S004583,2023-08-03,DE,iOS,control,Sports,60.38,3,1
ORD000884,U01312,S004598,2023-08-10,PL,iOS,variant,Sports,37.38,5,1
ORD000885,U01312,S004599,2023-08-29,PL,iOS,control,Home & Garden,281.63,1,0
ORD000886,U01313,S004601,2023-08-18,DE,iOS,control,Beauty,212.81,6,0
ORD000887,U01315,S004609,2023-08-20,RO,Android,variant,Sports,153.27,6,0
ORD000888,U01315,S004610,2023-07-11,RO,Android,variant,Sports,234.64,4,0
ORD000889,U01316,S004613,2023-08-13,DE,Android,variant,Fashion,152.6,1,0
ORD000890,U01318,S004620,2023-08-28,SK,Android,control,Sports,127.44,4,0
ORD000891,U01322,S004632,2023-07-19,DE,Android,control,Fashion,25.28,5,0
ORD000892,U01323,S004635,2023-07-05,DE,Android,variant,Fashion,66.01,2,0
ORD000893,U01325,S004645,2023-08-06,DE,Android,variant,Electronics,134.29,6,0
ORD000894,U01325,S004646,2023-06-07,DE,Android,control,Home & Garden,288.26,5,0
ORD000895,U01328,S004653,2023-06-18,PL,Android,variant,Electronics,110.19,5,0
ORD000896,U01329,S004659,2023-07-11,PL,Android,control,Fashion,261.33,4,0
ORD000897,U01331,S004663,2023-08-28,DE,Android,control,Electronics,204.43,2,0
ORD000898,U01332,S004667,2023-07-18,DE,Android,variant,Fashion,54.81,5,0
ORD000899,U01333,S004669,2023-06-22,DE,Android,control,Fashion,93.43,3,0
ORD000900,U01334,S004674,2023-06-12,CZ,Android,variant,Beauty,45.08,4,0
ORD000901,U01335,S004679,2023-06-01,DE,Android,variant,Electronics,259.35,1,0
ORD000902,U01338,S004690,2023-08-13,PL,iOS,variant,Electronics,268.04,2,1
ORD000903,U01339,S004692,2023-06-27,PL,iOS,variant,Sports,63.69,3,1
ORD000904,U01343,S004705,2023-06-11,DE,iOS,variant,Sports,252.19,4,0
ORD000905,U01345,S004712,2023-06-01,DE,iOS,variant,Electronics,141.01,1,1
ORD000906,U01346,S004713,2023-08-02,DE,Android,variant,Home & Garden,170.64,1,0
ORD000907,U01346,S004714,2023-07-17,DE,Android,variant,Electronics,95.72,1,0
ORD000908,U01351,S004727,2023-08-16,CZ,Android,variant,Fashion,125.75,6,0
ORD000909,U01352,S004730,2023-06-04,DE,Android,variant,Electronics,134.53,1,0
ORD000910,U01356,S004747,2023-06-05,PL,iOS,variant,Home & Garden,285.35,5,1
ORD000911,U01357,S004750,2023-08-06,SK,iOS,variant,Electronics,231.37,1,0
ORD000912,U01361,S004768,2023-06-20,PL,iOS,control,Electronics,231.65,5,0
ORD000913,U01364,S004774,2023-06-26,DE,iOS,variant,Home & Garden,67.68,4,0
ORD000914,U01364,S004777,2023-07-18,DE,iOS,variant,Beauty,107.81,5,0
ORD000915,U01366,S004784,2023-07-10,CZ,iOS,control,Electronics,68.2,5,0
ORD000916,U01367,S004788,2023-06-22,DE,Android,variant,Fashion,164.08,5,0
ORD000917,U01368,S004795,2023-06-12,DE,Android,control,Fashion,156.72,2,0
ORD000918,U01370,S004799,2023-06-28,PL,iOS,control,Electronics,39.37,4,0
ORD000919,U01374,S004813,2023-06-14,PL,Android,variant,Fashion,176.55,4,0
ORD000920,U01375,S004818,2023-08-20,CZ,iOS,control,Electronics,59.62,2,0
ORD000921,U01375,S004819,2023-06-06,CZ,iOS,variant,Home & Garden,162.62,2,0
ORD000922,U01376,S004821,2023-06-20,DE,iOS,control,Home & Garden,296.63,4,0
ORD000923,U01376,S004824,2023-07-11,DE,iOS,control,Home & Garden,237.52,2,0
ORD000924,U01377,S004827,2023-07-09,DE,iOS,control,Electronics,195.39,1,0
ORD000925,U01380,S004836,2023-06-16,DE,Android,control,Fashion,19.71,3,0
ORD000926,U01383,S004845,2023-06-12,DE,Android,control,Sports,90.69,2,0
ORD000927,U01383,S004846,2023-06-14,DE,Android,variant,Beauty,153.66,5,0
ORD000928,U01384,S004849,2023-08-25,CZ,iOS,variant,Fashion,228.23,3,0
ORD000929,U01385,S004851,2023-06-08,PL,Android,variant,Electronics,31.36,6,1
ORD000930,U01386,S004856,2023-07-04,CZ,iOS,variant,Fashion,109.24,1,0
ORD000931,U01386,S004857,2023-06-01,CZ,iOS,control,Beauty,237.78,3,0
ORD000932,U01388,S004866,2023-07-20,DE,Android,variant,Beauty,105.57,4,0
ORD000933,U01388,S004867,2023-07-01,DE,Android,variant,Electronics,107.69,6,0
ORD000934,U01390,S004874,2023-06-22,CZ,Android,control,Fashion,299.9,1,0
ORD000935,U01393,S004885,2023-08-17,CZ,Android,variant,Fashion,64.96,2,0
ORD000936,U01396,S004897,2023-07-07,DE,Android,variant,Home & Garden,253.3,5,0
ORD000937,U01397,S004899,2023-07-18,PL,iOS,control,Sports,188.92,3,0
ORD000938,U01397,S004900,2023-06-24,PL,iOS,variant,Electronics,258.2,5,0
ORD000939,U01404,S004929,2023-07-22,RO,Android,variant,Sports,134.74,2,0
ORD000940,U01405,S004934,2023-06-14,CZ,Android,control,Electronics,274.21,1,0
ORD000941,U01407,S004939,2023-06-18,DE,iOS,variant,Electronics,181.64,2,0
ORD000942,U01407,S004941,2023-08-27,DE,iOS,control,Electronics,207.08,3,0
ORD000943,U01407,S004942,2023-07-26,DE,iOS,variant,Beauty,231.37,3,0
ORD000944,U01408,S004944,2023-06-17,DE,Android,variant,Fashion,298.87,4,0
ORD000945,U01408,S004946,2023-08-28,DE,Android,control,Sports,152.75,1,0
ORD000946,U01410,S004952,2023-08-28,PL,Android,variant,Sports,34.64,2,0
ORD000947,U01410,S004953,2023-08-04,PL,Android,control,Fashion,96.49,1,0
ORD000948,U01410,S004955,2023-06-05,PL,Android,control,Sports,98.12,6,0
ORD000949,U01412,S004960,2023-08-17,PL,iOS,variant,Beauty,273.34,6,0
ORD000950,U01412,S004961,2023-06-01,PL,iOS,control,Beauty,173.55,5,1
ORD000951,U01413,S004963,2023-07-23,DE,iOS,variant,Sports,120.15,1,0
ORD000952,U01414,S004971,2023-06-02,RO,Android,control,Electronics,227.46,2,0
ORD000953,U01415,S004973,2023-07-02,RO,iOS,variant,Sports,237.39,4,0
ORD000954,U01417,S004977,2023-08-01,DE,iOS,variant,Home & Garden,157.01,5,0
ORD000955,U01419,S004984,2023-07-15,DE,Android,variant,Fashion,287.5,2,0
ORD000956,U01420,S004986,2023-07-12,PL,iOS,variant,Home & Garden,117.73,2,0
ORD000957,U01420,S004987,2023-07-25,PL,iOS,control,Sports,16.39,5,0
ORD000958,U01421,S004990,2023-06-15,CZ,Android,variant,Beauty,248.15,6,0
ORD000959,U01423,S004994,2023-07-28,PL,Android,variant,Beauty,134.48,6,0
ORD000960,U01426,S005008,2023-07-16,DE,iOS,control,Fashion,164.83,3,1
ORD000961,U01428,S005015,2023-06-25,DE,iOS,control,Electronics,123.66,4,1
ORD000962,U01428,S005017,2023-06-07,DE,iOS,control,Electronics,162.18,5,0
ORD000963,U01429,S005019,2023-06-03,RO,iOS,control,Fashion,200.84,3,0
ORD000964,U01429,S005022,2023-08-11,RO,iOS,control,Beauty,173.64,5,0
ORD000965,U01433,S005033,2023-06-08,PL,iOS,variant,Home & Garden,56.39,3,0
ORD000966,U01435,S005038,2023-06-18,DE,Android,control,Fashion,187.59,1,0
ORD000967,U01436,S005042,2023-08-22,DE,Android,variant,Beauty,157.76,2,0
ORD000968,U01437,S005046,2023-08-09,CZ,iOS,variant,Fashion,260.24,6,0
ORD000969,U01438,S005048,2023-07-15,DE,iOS,control,Electronics,188.41,6,0
ORD000970,U01440,S005054,2023-08-27,DE,iOS,control,Sports,91.12,2,0
ORD000971,U01440,S005055,2023-07-24,DE,iOS,variant,Sports,226.05,4,1
ORD000972,U01443,S005067,2023-06-27,DE,iOS,variant,Beauty,142.95,2,0
ORD000973,U01446,S005079,2023-07-27,CZ,Android,control,Electronics,155.62,4,0
ORD000974,U01447,S005080,2023-06-17,DE,iOS,variant,Fashion,296.48,1,0
ORD000975,U01451,S005096,2023-07-06,DE,Android,variant,Beauty,159.22,6,1
ORD000976,U01452,S005100,2023-08-07,DE,Android,variant,Sports,122.02,1,0
ORD000977,U01456,S005112,2023-06-28,PL,Android,variant,Beauty,89.55,3,1
ORD000978,U01457,S005116,2023-08-10,DE,Android,control,Electronics,133.36,6,0
ORD000979,U01457,S005117,2023-07-25,DE,Android,variant,Sports,109.99,4,0
ORD000980,U01458,S005118,2023-07-11,DE,Android,variant,Electronics,109.31,6,0
ORD000981,U01458,S005119,2023-08-02,DE,Android,variant,Home & Garden,145.83,2,0
ORD000982,U01458,S005120,2023-06-26,DE,Android,variant,Sports,262.89,3,0
ORD000983,U01460,S005123,2023-08-22,PL,Android,variant,Fashion,147.28,4,0
ORD000984,U01461,S005126,2023-07-24,PL,iOS,control,Home & Garden,98.54,3,0
ORD000985,U01462,S005131,2023-08-06,DE,Android,control,Sports,129.68,5,0
ORD000986,U01464,S005140,2023-08-19,PL,iOS,variant,Electronics,65.88,2,0
ORD000987,U01465,S005144,2023-07-18,DE,iOS,variant,Fashion,92.59,5,1
ORD000988,U01467,S005148,2023-06-14,PL,iOS,variant,Sports,275.61,3,0
ORD000989,U01468,S005152,2023-07-29,CZ,Android,variant,Beauty,278.11,2,0
ORD000990,U01469,S005158,2023-08-27,CZ,iOS,variant,Sports,91.54,4,0
ORD000991,U01471,S005166,2023-07-23,DE,Android,variant,Home & Garden,94.58,5,0
ORD000992,U01472,S005168,2023-07-18,PL,Android,variant,Sports,147.75,1,0
ORD000993,U01474,S005174,2023-07-14,DE,Android,control,Sports,10.28,5,1
ORD000994,U01474,S005176,2023-06-20,DE,Android,control,Beauty,238.58,5,0
ORD000995,U01474,S005177,2023-07-06,DE,Android,variant,Beauty,118.62,2,0
ORD000996,U01476,S005180,2023-08-05,DE,Android,control,Electronics,12.06,3,0
ORD000997,U01480,S005193,2023-07-09,DE,Android,variant,Sports,235.6,3,0
ORD000998,U01484,S005207,2023-06-22,DE,iOS,control,Sports,171.49,6,0
ORD000999,U01485,S005210,2023-06-19,PL,Android,variant,Beauty,289.81,5,0
ORD001000,U01491,S005236,2023-07-30,CZ,Android,control,Beauty,205.29,2,0
ORD001001,U01492,S005238,2023-06-30,DE,iOS,control,Beauty,19.06,2,0
ORD001002,U01492,S005239,2023-08-16,DE,iOS,variant,Fashion,280.5,3,0
ORD001003,U01494,S005247,2023-06-26,DE,Android,variant,Fashion,286.86,6,0
ORD001004,U01496,S005251,2023-07-23,DE,Android,control,Home & Garden,202.3,6,0
ORD001005,U01497,S005254,2023-07-28,DE,iOS,control,Electronics,296.7,6,1
ORD001006,U01498,S005259,2023-08-22,DE,Android,variant,Fashion,270.47,4,0
ORD001007,U01500,S005265,2023-06-10,DE,iOS,control,Electronics,88.5,5,1
ORD001008,U01503,S005274,2023-08-21,PL,iOS,control,Fashion,87.74,4,0
ORD001009,U01503,S005276,2023-08-11,PL,iOS,variant,Home & Garden,51.68,5,0
ORD001010,U01506,S005286,2023-07-17,PL,Android,variant,Home & Garden,127.11,6,0
ORD001011,U01507,S005287,2023-06-03,PL,Android,control,Electronics,99.65,5,0
ORD001012,U01509,S005294,2023-07-20,DE,iOS,control,Sports,199.81,5,0
ORD001013,U01510,S005300,2023-08-15,PL,iOS,variant,Fashion,37.06,5,0
ORD001014,U01513,S005310,2023-08-10,PL,iOS,control,Fashion,47.6,4,0
ORD001015,U01514,S005312,2023-06-13,SK,iOS,variant,Fashion,179.78,2,0
ORD001016,U01515,S005317,2023-08-27,PL,Android,variant,Electronics,267.36,3,0
ORD001017,U01516,S005322,2023-08-08,DE,Android,variant,Beauty,161.51,2,0
ORD001018,U01517,S005326,2023-08-04,DE,Android,control,Sports,279.65,1,0
ORD001019,U01521,S005337,2023-07-21,CZ,Android,variant,Sports,37.32,2,0
ORD001020,U01522,S005340,2023-06-21,CZ,iOS,variant,Home & Garden,249.91,5,0
ORD001021,U01522,S005342,2023-06-17,CZ,iOS,variant,Fashion,184.27,1,0
ORD001022,U01524,S005350,2023-08-04,CZ,iOS,variant,Home & Garden,227.33,2,0
ORD001023,U01529,S005368,2023-08-07,DE,Android,variant,Beauty,219.21,2,0
ORD001024,U01530,S005369,2023-06-17,DE,iOS,variant,Home & Garden,213.82,1,0
ORD001025,U01533,S005384,2023-07-19,DE,Android,variant,Sports,89.33,3,0
ORD001026,U01534,S005386,2023-07-13,DE,Android,variant,Electronics,142.87,5,0
ORD001027,U01534,S005389,2023-07-30,DE,Android,control,Beauty,182.85,4,1
ORD001028,U01536,S005394,2023-07-16,DE,iOS,control,Beauty,202.99,3,0
ORD001029,U01536,S005398,2023-06-22,DE,iOS,control,Sports,240.83,6,1
ORD001030,U01538,S005401,2023-06-30,RO,Android,control,Home & Garden,180.31,5,0
ORD001031,U01540,S005406,2023-07-15,PL,iOS,variant,Fashion,161.34,6,0
ORD001032,U01541,S005412,2023-06-25,PL,Android,variant,Electronics,272.25,4,0
ORD001033,U01541,S005415,2023-07-11,PL,Android,variant,Home & Garden,90.86,3,0
ORD001034,U01542,S005416,2023-06-30,DE,iOS,variant,Electronics,41.19,1,1
ORD001035,U01542,S005419,2023-07-05,DE,iOS,variant,Home & Garden,285.53,5,0
ORD001036,U01543,S005421,2023-07-26,RO,Android,variant,Sports,195.95,2,0
ORD001037,U01543,S005422,2023-06-30,RO,Android,variant,Electronics,99.94,3,0
ORD001038,U01544,S005426,2023-07-01,PL,iOS,variant,Fashion,115.95,3,1
ORD001039,U01545,S005429,2023-06-12,PL,Android,control,Fashion,162.05,4,0
ORD001040,U01546,S005436,2023-07-18,DE,Android,variant,Beauty,293.64,6,0
ORD001041,U01552,S005453,2023-08-15,PL,Android,variant,Sports,233.93,3,0
ORD001042,U01553,S005457,2023-06-26,DE,Android,control,Fashion,180.17,3,0
ORD001043,U01554,S005461,2023-06-26,PL,Android,control,Sports,189.53,2,0
ORD001044,U01554,S005463,2023-06-18,PL,Android,control,Electronics,221.8,3,0
ORD001045,U01555,S005466,2023-07-13,CZ,Android,control,Electronics,182.31,6,0
ORD001046,U01556,S005469,2023-06-11,PL,iOS,variant,Beauty,109.06,6,0
ORD001047,U01561,S005485,2023-08-28,DE,Android,control,Beauty,132.24,6,0
ORD001048,U01562,S005492,2023-07-27,DE,Android,control,Beauty,58.18,5,0
ORD001049,U01563,S005495,2023-08-29,DE,iOS,variant,Fashion,126.48,5,0
ORD001050,U01565,S005501,2023-08-15,SK,Android,control,Electronics,221.05,5,1
ORD001051,U01568,S005512,2023-08-02,PL,iOS,control,Sports,224.73,5,1
ORD001052,U01569,S005514,2023-06-10,PL,Android,control,Beauty,205.01,4,0
ORD001053,U01570,S005516,2023-06-30,DE,iOS,variant,Sports,276.9,3,0
ORD001054,U01572,S005525,2023-08-13,PL,iOS,variant,Home & Garden,292.97,4,0
ORD001055,U01574,S005534,2023-08-16,PL,Android,control,Home & Garden,105.86,3,0
ORD001056,U01578,S005545,2023-07-22,DE,Android,variant,Electronics,180.39,3,0
ORD001057,U01580,S005554,2023-07-30,CZ,Android,control,Beauty,265.97,4,0
ORD001058,U01582,S005560,2023-06-14,DE,Android,variant,Home & Garden,54.64,2,0
ORD001059,U01582,S005563,2023-07-21,DE,Android,variant,Electronics,65.02,1,0
ORD001060,U01583,S005565,2023-08-28,DE,iOS,variant,Beauty,202.4,6,0
ORD001061,U01589,S005588,2023-08-22,PL,iOS,variant,Home & Garden,181.97,5,0
ORD001062,U01591,S005594,2023-07-05,DE,iOS,variant,Electronics,28.33,5,0
ORD001063,U01591,S005596,2023-06-14,DE,iOS,variant,Home & Garden,296.64,6,1
ORD001064,U01592,S005598,2023-06-16,CZ,Android,control,Electronics,295.14,1,0
ORD001065,U01593,S005601,2023-08-21,PL,iOS,variant,Home & Garden,73.54,2,0
ORD001066,U01594,S005604,2023-06-04,DE,iOS,control,Beauty,159.21,5,0
ORD001067,U01594,S005608,2023-07-23,DE,iOS,variant,Fashion,269.92,6,0
ORD001068,U01598,S005618,2023-06-21,DE,iOS,variant,Electronics,116.92,3,0
ORD001069,U01600,S005626,2023-07-04,DE,iOS,variant,Home & Garden,235.04,3,0
ORD001070,U01601,S005627,2023-06-08,PL,iOS,variant,Electronics,75.35,1,0
ORD001071,U01601,S005631,2023-08-20,PL,iOS,variant,Beauty,43.56,5,0
ORD001072,U01602,S005632,2023-07-17,SK,iOS,variant,Electronics,273.55,5,0
ORD001073,U01603,S005637,2023-08-23,CZ,iOS,variant,Beauty,140.08,6,0
ORD001074,U01603,S005639,2023-07-23,CZ,iOS,variant,Sports,150.02,4,0
ORD001075,U01605,S005643,2023-08-23,DE,Android,control,Home & Garden,212.49,6,0
ORD001076,U01605,S005644,2023-08-24,DE,Android,variant,Beauty,33.95,4,0
ORD001077,U01613,S005675,2023-07-29,DE,Android,control,Electronics,100.46,6,0
ORD001078,U01617,S005688,2023-06-11,CZ,iOS,control,Electronics,82.65,3,0
ORD001079,U01617,S005689,2023-08-07,CZ,iOS,control,Home & Garden,267.4,3,0
ORD001080,U01619,S005695,2023-08-04,PL,Android,variant,Fashion,171.33,5,0
ORD001081,U01623,S005709,2023-07-29,DE,Android,control,Electronics,164.01,1,1
ORD001082,U01624,S005715,2023-06-28,PL,iOS,variant,Home & Garden,100.12,4,0
ORD001083,U01627,S005724,2023-07-04,PL,Android,control,Fashion,181.34,1,0
ORD001084,U01629,S005730,2023-06-09,DE,iOS,variant,Fashion,228.22,5,0
ORD001085,U01635,S005750,2023-08-02,PL,Android,control,Sports,137.08,1,0
ORD001086,U01636,S005754,2023-06-19,CZ,Android,variant,Home & Garden,47.7,1,0
ORD001087,U01637,S005758,2023-06-05,DE,Android,control,Home & Garden,43.83,3,1
ORD001088,U01642,S005772,2023-08-15,DE,iOS,variant,Fashion,262.31,1,0
ORD001089,U01643,S005777,2023-07-22,DE,iOS,variant,Fashion,159.38,2,0
ORD001090,U01645,S005785,2023-08-09,CZ,iOS,variant,Electronics,65.55,1,0
ORD001091,U01645,S005786,2023-07-11,CZ,iOS,control,Fashion,68.22,2,0
ORD001092,U01645,S005789,2023-07-10,CZ,iOS,control,Beauty,206.5,2,0
ORD001093,U01648,S005798,2023-08-25,PL,Android,control,Fashion,190.74,5,0
ORD001094,U01649,S005800,2023-06-24,DE,Android,variant,Electronics,147.1,2,0
ORD001095,U01650,S005804,2023-08-21,DE,Android,variant,Home & Garden,252.18,6,0
ORD001096,U01652,S005811,2023-07-07,DE,Android,variant,Sports,26.33,3,1
ORD001097,U01653,S005812,2023-06-08,DE,Android,variant,Sports,212.12,2,0
ORD001098,U01653,S005813,2023-07-01,DE,Android,variant,Beauty,235.15,2,0
ORD001099,U01654,S005814,2023-06-02,SK,iOS,control,Home & Garden,162.51,2,0
ORD001100,U01659,S005829,2023-06-05,DE,Android,variant,Fashion,21.89,6,0
ORD001101,U01659,S005832,2023-08-07,DE,Android,variant,Sports,89.05,4,1
ORD001102,U01660,S005834,2023-06-30,CZ,Android,variant,Home & Garden,116.07,2,0
ORD001103,U01661,S005840,2023-08-20,DE,Android,control,Home & Garden,236.48,5,0
ORD001104,U01664,S005849,2023-08-10,CZ,Android,variant,Fashion,216.04,5,1
ORD001105,U01665,S005853,2023-07-07,CZ,Android,variant,Electronics,14.43,2,0
ORD001106,U01669,S005868,2023-06-02,DE,Android,variant,Home & Garden,161.24,1,0
ORD001107,U01669,S005870,2023-06-27,DE,Android,variant,Sports,64.82,6,0
ORD001108,U01670,S005872,2023-07-23,PL,Android,control,Fashion,170.29,4,1
ORD001109,U01671,S005877,2023-07-10,DE,Android,variant,Electronics,291.33,5,0
ORD001110,U01671,S005879,2023-06-27,DE,Android,variant,Fashion,222.6,3,0
ORD001111,U01672,S005882,2023-08-04,DE,Android,control,Sports,246.78,4,0
ORD001112,U01672,S005883,2023-06-09,DE,Android,variant,Fashion,97.93,4,0
ORD001113,U01673,S005886,2023-08-02,PL,Android,control,Home & Garden,284.83,2,0
ORD001114,U01675,S005894,2023-06-14,DE,Android,variant,Sports,112.12,5,0
ORD001115,U01677,S005901,2023-06-23,CZ,iOS,control,Electronics,113.69,2,0
ORD001116,U01684,S005925,2023-08-25,DE,iOS,control,Beauty,10.97,6,1
ORD001117,U01684,S005926,2023-06-08,DE,iOS,control,Beauty,201.52,6,0
ORD001118,U01685,S005927,2023-06-09,SK,iOS,control,Electronics,136.17,6,0
ORD001119,U01687,S005937,2023-07-18,DE,Android,control,Sports,95.0,2,0
ORD001120,U01688,S005943,2023-08-12,RO,iOS,variant,Electronics,164.14,6,1
ORD001121,U01689,S005945,2023-08-19,PL,Android,variant,Home & Garden,208.47,4,0
ORD001122,U01691,S005955,2023-06-26,PL,Android,variant,Fashion,272.83,6,0
ORD001123,U01692,S005957,2023-06-15,DE,iOS,control,Sports,106.46,5,0
ORD001124,U01692,S005958,2023-07-22,DE,iOS,variant,Fashion,231.1,5,0
ORD001125,U01693,S005959,2023-06-21,DE,iOS,variant,Beauty,145.47,5,0
ORD001126,U01693,S005962,2023-06-29,DE,iOS,control,Home & Garden,189.12,1,0
ORD001127,U01694,S005965,2023-06-23,CZ,Android,control,Home & Garden,122.89,3,0
ORD001128,U01694,S005966,2023-08-04,CZ,Android,variant,Beauty,130.23,6,0
ORD001129,U01694,S005967,2023-07-24,CZ,Android,variant,Fashion,120.12,2,0
ORD001130,U01696,S005972,2023-08-11,DE,Android,variant,Electronics,43.26,1,1
ORD001131,U01700,S005988,2023-07-20,SK,iOS,variant,Sports,159.82,4,0
ORD001132,U01702,S005996,2023-08-11,PL,iOS,control,Sports,284.51,5,0
ORD001133,U01703,S005998,2023-07-12,PL,iOS,control,Fashion,297.14,1,0
ORD001134,U01703,S006002,2023-07-31,PL,iOS,variant,Sports,18.85,5,0
ORD001135,U01706,S006009,2023-06-19,DE,iOS,control,Beauty,221.41,6,0
ORD001136,U01710,S006023,2023-07-29,DE,iOS,variant,Electronics,67.52,2,1
ORD001137,U01711,S006026,2023-06-26,DE,Android,variant,Sports,282.0,6,0
ORD001138,U01711,S006027,2023-06-23,DE,Android,control,Fashion,297.66,4,0
ORD001139,U01711,S006030,2023-08-04,DE,Android,variant,Sports,252.36,1,0
ORD001140,U01712,S006034,2023-06-12,DE,iOS,control,Home & Garden,69.59,1,0
ORD001141,U01712,S006035,2023-07-18,DE,iOS,control,Home & Garden,35.06,6,0
ORD001142,U01713,S006037,2023-08-06,PL,Android,control,Electronics,248.37,2,0
ORD001143,U01714,S006043,2023-07-15,PL,Android,control,Fashion,246.98,5,0
ORD001144,U01716,S006049,2023-07-05,DE,iOS,variant,Home & Garden,74.71,3,0
ORD001145,U01716,S006050,2023-07-09,DE,iOS,control,Fashion,137.59,4,0
ORD001146,U01720,S006063,2023-08-17,DE,Android,variant,Sports,295.67,1,0
ORD001147,U01721,S006065,2023-06-29,DE,Android,variant,Fashion,123.76,3,0
ORD001148,U01721,S006067,2023-08-26,DE,Android,variant,Electronics,44.19,2,0
ORD001149,U01722,S006073,2023-07-10,RO,Android,control,Home & Garden,278.12,2,1
ORD001150,U01725,S006083,2023-07-02,PL,iOS,variant,Home & Garden,172.72,5,0
ORD001151,U01726,S006088,2023-07-14,DE,Android,control,Electronics,292.89,4,0
ORD001152,U01729,S006100,2023-08-13,DE,Android,variant,Fashion,113.49,4,0
ORD001153,U01731,S006104,2023-08-07,DE,Android,variant,Home & Garden,139.04,2,0
ORD001154,U01731,S006106,2023-08-07,DE,Android,variant,Sports,166.18,4,0
ORD001155,U01731,S006108,2023-07-10,DE,Android,variant,Home & Garden,22.83,2,0
ORD001156,U01735,S006122,2023-06-24,PL,Android,variant,Sports,121.13,1,0
ORD001157,U01736,S006124,2023-07-10,DE,iOS,variant,Electronics,156.8,4,0
ORD001158,U01738,S006132,2023-07-10,DE,Android,variant,Electronics,294.68,1,0
ORD001159,U01738,S006133,2023-08-29,DE,Android,variant,Electronics,64.91,4,0
ORD001160,U01740,S006136,2023-07-30,DE,iOS,control,Home & Garden,110.46,1,0
ORD001161,U01742,S006144,2023-07-27,DE,Android,control,Sports,266.49,5,0
ORD001162,U01743,S006148,2023-06-20,CZ,Android,variant,Beauty,150.19,4,0
ORD001163,U01744,S006150,2023-06-21,DE,iOS,control,Fashion,296.18,3,1
ORD001164,U01744,S006152,2023-07-30,DE,iOS,control,Beauty,224.96,2,0
ORD001165,U01744,S006154,2023-08-09,DE,iOS,control,Beauty,142.05,5,1
ORD001166,U01746,S006163,2023-06-24,DE,Android,variant,Beauty,194.61,1,0
ORD001167,U01748,S006170,2023-08-04,DE,Android,control,Beauty,29.86,1,0
ORD001168,U01749,S006173,2023-08-06,PL,iOS,control,Sports,190.97,1,0
ORD001169,U01749,S006175,2023-08-06,PL,iOS,variant,Sports,69.34,2,0
ORD001170,U01750,S006176,2023-07-23,RO,Android,control,Fashion,31.31,2,0
ORD001171,U01751,S006180,2023-06-25,PL,iOS,control,Home & Garden,88.38,2,0
ORD001172,U01752,S006185,2023-06-04,DE,Android,variant,Fashion,154.08,4,0
ORD001173,U01752,S006186,2023-07-27,DE,Android,variant,Fashion,198.61,5,1
ORD001174,U01753,S006188,2023-07-14,PL,Android,variant,Electronics,180.69,2,0
ORD001175,U01753,S006190,2023-07-19,PL,Android,control,Home & Garden,153.7,2,0
ORD001176,U01754,S006195,2023-07-26,DE,Android,control,Sports,163.67,3,1
ORD001177,U01755,S006196,2023-07-02,DE,iOS,variant,Home & Garden,203.74,5,1
ORD001178,U01758,S006203,2023-07-02,PL,iOS,variant,Beauty,193.63,5,0
ORD001179,U01758,S006205,2023-07-28,PL,iOS,variant,Sports,42.78,6,0
ORD001180,U01760,S006210,2023-07-27,CZ,iOS,control,Beauty,50.57,2,1
ORD001181,U01760,S006213,2023-08-20,CZ,iOS,variant,Home & Garden,79.95,4,0
ORD001182,U01761,S006214,2023-08-26,CZ,iOS,variant,Electronics,280.14,4,1
ORD001183,U01764,S006223,2023-07-05,CZ,Android,variant,Sports,267.4,2,0
ORD001184,U01767,S006233,2023-07-27,CZ,iOS,variant,Fashion,198.03,5,0
ORD001185,U01768,S006236,2023-07-21,DE,Android,control,Fashion,107.95,3,0
ORD001186,U01768,S006238,2023-07-16,DE,Android,variant,Fashion,46.41,2,0
ORD001187,U01769,S006243,2023-07-16,CZ,Android,variant,Electronics,11.06,6,0
ORD001188,U01771,S006246,2023-08-19,CZ,iOS,control,Sports,148.57,4,1
ORD001189,U01771,S006247,2023-07-28,CZ,iOS,control,Sports,121.03,4,1
ORD001190,U01772,S006252,2023-07-20,RO,iOS,control,Sports,239.93,3,0
ORD001191,U01773,S006254,2023-06-09,PL,Android,variant,Home & Garden,287.68,6,0
ORD001192,U01780,S006278,2023-08-09,CZ,Android,variant,Home & Garden,83.31,5,0
ORD001193,U01780,S006279,2023-06-19,CZ,Android,variant,Sports,148.85,2,0
ORD001194,U01782,S006284,2023-06-15,DE,Android,variant,Beauty,185.91,3,0
ORD001195,U01785,S006294,2023-08-19,DE,iOS,variant,Fashion,208.17,6,0
ORD001196,U01785,S006295,2023-06-02,DE,iOS,control,Electronics,44.58,5,0
ORD001197,U01786,S006298,2023-06-14,DE,iOS,control,Electronics,209.11,1,1
ORD001198,U01787,S006300,2023-07-27,PL,iOS,variant,Fashion,125.6,3,1
ORD001199,U01789,S006307,2023-06-30,CZ,Android,control,Electronics,148.27,2,0
ORD001200,U01790,S006312,2023-07-31,PL,iOS,variant,Sports,89.08,4,0
ORD001201,U01790,S006314,2023-08-29,PL,iOS,variant,Home & Garden,53.37,3,0
ORD001202,U01792,S006320,2023-07-21,DE,iOS,control,Home & Garden,153.48,4,0
ORD001203,U01793,S006322,2023-06-29,SK,iOS,variant,Home & Garden,139.23,5,0
ORD001204,U01796,S006333,2023-08-05,DE,Android,variant,Electronics,97.38,2,0
ORD001205,U01797,S006337,2023-07-03,DE,Android,control,Home & Garden,279.37,5,0
ORD001206,U01800,S006347,2023-07-10,DE,Android,variant,Beauty,68.08,6,0
ORD001207,U01800,S006348,2023-06-21,DE,Android,control,Fashion,140.59,3,0
ORD001208,U01802,S006353,2023-07-12,DE,Android,variant,Fashion,160.16,3,0
ORD001209,U01811,S006380,2023-07-23,PL,Android,variant,Home & Garden,64.46,2,0
ORD001210,U01812,S006383,2023-07-12,SK,iOS,variant,Electronics,195.07,5,1
ORD001211,U01812,S006384,2023-07-05,SK,iOS,control,Home & Garden,91.39,4,0
ORD001212,U01813,S006387,2023-06-15,PL,iOS,variant,Home & Garden,261.19,3,0
ORD001213,U01814,S006391,2023-06-24,PL,Android,variant,Beauty,82.37,2,0
ORD001214,U01814,S006392,2023-07-11,PL,Android,variant,Electronics,205.68,5,0
ORD001215,U01815,S006397,2023-06-03,RO,Android,control,Sports,125.32,6,0
ORD001216,U01816,S006400,2023-07-03,CZ,Android,control,Home & Garden,270.25,1,1
ORD001217,U01820,S006414,2023-07-12,SK,Android,control,Fashion,171.44,3,1
ORD001218,U01823,S006419,2023-08-02,DE,iOS,variant,Home & Garden,144.38,4,0
ORD001219,U01823,S006420,2023-06-10,DE,iOS,variant,Sports,222.2,2,0
ORD001220,U01824,S006424,2023-07-30,CZ,Android,control,Fashion,153.98,1,0
ORD001221,U01826,S006430,2023-07-28,DE,Android,variant,Electronics,132.35,3,1
ORD001222,U01826,S006431,2023-06-06,DE,Android,control,Electronics,23.08,4,0
ORD001223,U01827,S006436,2023-06-24,CZ,Android,variant,Beauty,63.53,4,0
ORD001224,U01828,S006438,2023-06-22,DE,Android,variant,Electronics,212.13,5,1
ORD001225,U01829,S006441,2023-06-18,CZ,Android,variant,Fashion,176.36,1,0
ORD001226,U01830,S006446,2023-08-03,SK,iOS,variant,Beauty,67.0,5,0
ORD001227,U01830,S006449,2023-07-28,SK,iOS,control,Home & Garden,45.26,1,0
ORD001228,U01831,S006452,2023-08-18,DE,Android,variant,Beauty,21.63,3,0
ORD001229,U01833,S006459,2023-06-01,CZ,iOS,control,Fashion,262.7,4,0
ORD001230,U01834,S006462,2023-06-23,CZ,Android,control,Home & Garden,296.28,1,0
ORD001231,U01837,S006469,2023-08-25,DE,iOS,variant,Fashion,153.97,6,0
ORD001232,U01838,S006472,2023-08-21,RO,iOS,control,Home & Garden,127.83,6,0
ORD001233,U01840,S006478,2023-08-07,DE,Android,control,Beauty,49.13,2,0
ORD001234,U01844,S006490,2023-06-22,PL,Android,control,Electronics,204.45,2,0
ORD001235,U01847,S006501,2023-07-24,DE,iOS,variant,Home & Garden,66.4,2,0
ORD001236,U01847,S006502,2023-07-21,DE,iOS,control,Electronics,49.84,1,1
ORD001237,U01848,S006505,2023-08-17,PL,Android,variant,Electronics,55.0,5,0
ORD001238,U01848,S006506,2023-06-07,PL,Android,control,Electronics,253.01,5,1
ORD001239,U01849,S006507,2023-06-05,DE,Android,control,Electronics,225.61,5,0
ORD001240,U01849,S006508,2023-06-24,DE,Android,control,Beauty,213.74,6,0
ORD001241,U01850,S006513,2023-06-11,PL,iOS,variant,Sports,113.0,6,1
ORD001242,U01851,S006516,2023-08-29,DE,iOS,variant,Home & Garden,22.92,4,0
ORD001243,U01857,S006532,2023-06-04,DE,Android,control,Home & Garden,37.94,1,0
ORD001244,U01859,S006537,2023-08-03,SK,Android,variant,Fashion,76.99,2,0
ORD001245,U01860,S006541,2023-08-16,PL,iOS,variant,Electronics,79.38,4,0
ORD001246,U01862,S006547,2023-07-11,PL,iOS,variant,Electronics,191.08,3,1
ORD001247,U01866,S006564,2023-08-25,PL,Android,control,Fashion,80.58,3,0
ORD001248,U01866,S006565,2023-06-04,PL,Android,control,Fashion,272.7,2,0
ORD001249,U01868,S006570,2023-07-18,PL,Android,variant,Beauty,116.5,5,1
ORD001250,U01870,S006574,2023-07-13,PL,Android,control,Beauty,133.79,6,1
ORD001251,U01872,S006581,2023-08-17,PL,iOS,variant,Home & Garden,114.1,3,0
ORD001252,U01874,S006587,2023-06-30,CZ,iOS,variant,Sports,240.23,3,0
ORD001253,U01877,S006598,2023-08-22,PL,Android,variant,Beauty,42.16,4,0
ORD001254,U01883,S006613,2023-07-24,DE,iOS,control,Home & Garden,146.94,4,1
ORD001255,U01891,S006638,2023-07-02,PL,Android,control,Fashion,152.29,2,0
ORD001256,U01891,S006640,2023-08-10,PL,Android,variant,Beauty,68.25,5,0
ORD001257,U01892,S006642,2023-08-03,CZ,iOS,control,Sports,63.09,1,0
ORD001258,U01892,S006643,2023-08-29,CZ,iOS,variant,Fashion,274.14,2,0
ORD001259,U01894,S006648,2023-07-22,PL,iOS,control,Home & Garden,130.76,4,0
ORD001260,U01898,S006660,2023-08-13,DE,iOS,variant,Electronics,137.41,2,0
ORD001261,U01898,S006662,2023-07-09,DE,iOS,variant,Electronics,37.27,6,0
ORD001262,U01899,S006663,2023-07-10,CZ,iOS,control,Home & Garden,271.34,1,1
ORD001263,U01899,S006666,2023-08-06,CZ,iOS,control,Fashion,181.84,3,1
ORD001264,U01902,S006678,2023-07-25,DE,Android,variant,Fashion,191.61,1,0
ORD001265,U01903,S006681,2023-07-15,PL,Android,variant,Sports,16.83,1,0
ORD001266,U01903,S006684,2023-07-07,PL,Android,variant,Sports,196.49,1,0
ORD001267,U01904,S006689,2023-06-24,PL,iOS,control,Fashion,87.44,2,0
ORD001268,U01905,S006691,2023-08-18,DE,Android,control,Beauty,27.17,2,0
ORD001269,U01906,S006695,2023-07-30,DE,Android,control,Home & Garden,273.7,5,0
ORD001270,U01907,S006701,2023-07-02,DE,Android,control,Home & Garden,58.14,4,0
ORD001271,U01909,S006706,2023-07-26,CZ,iOS,variant,Home & Garden,64.37,3,0
ORD001272,U01911,S006713,2023-06-30,PL,Android,variant,Sports,240.08,3,1
ORD001273,U01912,S006716,2023-07-03,DE,Android,control,Sports,272.65,4,0
ORD001274,U01913,S006717,2023-07-07,DE,iOS,control,Home & Garden,262.2,4,0
ORD001275,U01913,S006718,2023-07-02,DE,iOS,variant,Beauty,276.43,2,1
ORD001276,U01913,S006719,2023-06-09,DE,iOS,variant,Fashion,248.78,4,0
ORD001277,U01914,S006723,2023-08-05,CZ,iOS,variant,Sports,201.94,3,0
ORD001278,U01914,S006724,2023-06-27,CZ,iOS,variant,Sports,57.84,3,0
ORD001279,U01915,S006727,2023-07-02,DE,iOS,variant,Beauty,102.96,4,1
ORD001280,U01918,S006737,2023-06-07,SK,Android,variant,Fashion,101.91,6,1
ORD001281,U01919,S006741,2023-06-16,PL,Android,variant,Sports,137.87,1,0
ORD001282,U01922,S006751,2023-08-09,CZ,iOS,variant,Electronics,110.78,3,0
ORD001283,U01924,S006756,2023-07-19,DE,Android,control,Electronics,270.51,4,0
ORD001284,U01924,S006757,2023-06-07,DE,Android,variant,Sports,258.35,6,1
ORD001285,U01926,S006763,2023-07-20,CZ,Android,control,Fashion,82.15,3,0
ORD001286,U01926,S006764,2023-08-13,CZ,Android,control,Home & Garden,94.17,1,0
ORD001287,U01927,S006768,2023-07-13,CZ,Android,variant,Electronics,235.78,3,0
ORD001288,U01927,S006769,2023-07-05,CZ,Android,variant,Home & Garden,286.56,2,0
ORD001289,U01928,S006772,2023-06-07,DE,Android,variant,Fashion,30.55,3,0
ORD001290,U01929,S006776,2023-07-10,DE,iOS,control,Electronics,106.11,5,0
ORD001291,U01929,S006778,2023-08-28,DE,iOS,control,Fashion,70.46,1,0
ORD001292,U01936,S006804,2023-08-21,PL,Android,variant,Home & Garden,141.03,6,1
ORD001293,U01938,S006808,2023-08-28,PL,iOS,variant,Fashion,21.01,3,0
ORD001294,U01939,S006815,2023-06-13,DE,Android,control,Electronics,66.58,4,0
ORD001295,U01940,S006816,2023-08-06,PL,iOS,variant,Electronics,218.13,1,0
ORD001296,U01941,S006819,2023-06-01,DE,iOS,variant,Home & Garden,247.53,5,0
ORD001297,U01944,S006829,2023-07-10,DE,Android,variant,Home & Garden,297.9,6,1
ORD001298,U01945,S006830,2023-07-30,RO,Android,variant,Fashion,226.92,4,0
ORD001299,U01945,S006831,2023-06-27,RO,Android,variant,Sports,158.0,2,0
ORD001300,U01948,S006841,2023-06-22,DE,iOS,variant,Electronics,24.71,6,0
ORD001301,U01951,S006852,2023-06-23,DE,iOS,variant,Home & Garden,292.6,2,0
ORD001302,U01955,S006864,2023-07-06,DE,Android,control,Home & Garden,116.87,1,0
ORD001303,U01955,S006865,2023-07-06,DE,Android,variant,Home & Garden,240.18,6,0
ORD001304,U01956,S006868,2023-08-04,PL,Android,variant,Beauty,124.3,4,0
ORD001305,U01957,S006872,2023-07-25,CZ,Android,control,Sports,27.41,6,0
ORD001306,U01959,S006882,2023-08-02,DE,Android,control,Sports,226.49,5,0
ORD001307,U01961,S006889,2023-06-23,DE,Android,control,Sports,134.22,5,0
ORD001308,U01961,S006890,2023-08-03,DE,Android,control,Beauty,239.85,2,0
ORD001309,U01962,S006895,2023-07-10,DE,Android,variant,Beauty,216.09,4,0
ORD001310,U01963,S006898,2023-07-12,DE,Android,variant,Beauty,171.07,5,0
ORD001311,U01964,S006901,2023-08-01,PL,Android,variant,Beauty,25.36,3,0
ORD001312,U01965,S006904,2023-06-28,DE,iOS,variant,Sports,176.92,6,0
ORD001313,U01965,S006905,2023-06-04,DE,iOS,variant,Beauty,253.95,3,0
ORD001314,U01967,S006910,2023-06-27,SK,Android,control,Fashion,214.02,5,1
ORD001315,U01970,S006922,2023-07-26,PL,Android,control,Fashion,297.24,6,0
ORD001316,U01975,S006938,2023-06-07,DE,Android,variant,Beauty,192.61,4,0
ORD001317,U01983,S006962,2023-06-07,DE,iOS,variant,Home & Garden,212.62,3,0
ORD001318,U01983,S006964,2023-08-07,DE,iOS,control,Home & Garden,22.0,6,0
ORD001319,U01984,S006968,2023-08-19,DE,iOS,control,Sports,22.17,4,0
ORD001320,U01986,S006977,2023-08-21,SK,iOS,control,Fashion,260.78,4,0
ORD001321,U01990,S006990,2023-08-16,DE,Android,control,Electronics,72.37,6,0
ORD001322,U01993,S007000,2023-06-05,DE,Android,variant,Sports,22.89,3,1
ORD001323,U01994,S007001,2023-07-03,RO,Android,variant,Home & Garden,130.21,3,0
ORD001324,U01996,S007006,2023-07-30,DE,iOS,variant,Sports,231.39,2,0
ORD001325,U01996,S007007,2023-07-13,DE,iOS,variant,Beauty,107.53,1,0
ORD001326,U01997,S007008,2023-07-25,PL,iOS,variant,Home & Garden,64.37,4,0
ORD001327,U02006,S007038,2023-06-09,DE,Android,control,Fashion,269.6,5,0
ORD001328,U02007,S007041,2023-06-20,CZ,Android,control,Fashion,35.32,6,1
ORD001329,U02009,S007047,2023-08-13,DE,iOS,control,Electronics,218.64,2,0
ORD001330,U02009,S007048,2023-08-21,DE,iOS,variant,Beauty,43.5,6,0
ORD001331,U02009,S007050,2023-07-05,DE,iOS,control,Home & Garden,232.24,4,0
ORD001332,U02011,S007054,2023-08-21,DE,Android,control,Sports,214.89,3,0
ORD001333,U02011,S007055,2023-08-16,DE,Android,control,Electronics,218.64,6,0
ORD001334,U02014,S007063,2023-06-14,SK,Android,variant,Home & Garden,198.54,3,0
ORD001335,U02015,S007064,2023-07-10,PL,iOS,variant,Electronics,234.71,5,0
ORD001336,U02016,S007068,2023-08-21,DE,iOS,variant,Fashion,171.37,1,0
ORD001337,U02018,S007075,2023-06-30,DE,iOS,variant,Home & Garden,111.59,6,0
ORD001338,U02020,S007078,2023-08-04,PL,iOS,variant,Sports,260.06,1,1
ORD001339,U02020,S007079,2023-07-17,PL,iOS,variant,Fashion,137.83,5,0
ORD001340,U02021,S007084,2023-08-20,CZ,iOS,variant,Beauty,192.08,5,0
ORD001341,U02022,S007088,2023-07-26,RO,iOS,variant,Sports,259.09,2,0
ORD001342,U02023,S007091,2023-08-29,DE,Android,control,Fashion,115.31,3,0
ORD001343,U02024,S007097,2023-06-23,PL,iOS,variant,Electronics,130.96,1,0
ORD001344,U02026,S007104,2023-07-04,DE,iOS,variant,Electronics,88.18,2,0
ORD001345,U02030,S007115,2023-06-23,DE,Android,variant,Beauty,263.91,1,1
ORD001346,U02031,S007119,2023-06-14,CZ,iOS,variant,Fashion,89.79,4,1
ORD001347,U02032,S007121,2023-08-02,RO,iOS,control,Beauty,279.84,6,0
ORD001348,U02042,S007149,2023-08-02,SK,Android,variant,Electronics,20.21,5,0
ORD001349,U02043,S007152,2023-06-28,DE,iOS,control,Home & Garden,145.39,2,0
ORD001350,U02045,S007158,2023-07-29,DE,iOS,variant,Sports,129.12,6,0
ORD001351,U02045,S007161,2023-08-18,DE,iOS,variant,Beauty,187.09,3,0
ORD001352,U02048,S007169,2023-06-18,RO,iOS,control,Sports,297.08,4,0
ORD001353,U02049,S007172,2023-06-24,DE,iOS,control,Beauty,245.19,3,1
ORD001354,U02050,S007176,2023-08-20,DE,iOS,control,Electronics,133.66,1,1
ORD001355,U02054,S007188,2023-06-09,PL,iOS,variant,Sports,196.14,2,1
ORD001356,U02058,S007198,2023-06-12,DE,Android,variant,Home & Garden,281.57,2,0
ORD001357,U02060,S007202,2023-06-06,DE,iOS,control,Beauty,150.95,1,0
ORD001358,U02062,S007212,2023-07-26,DE,iOS,control,Beauty,159.53,6,0
ORD001359,U02062,S007214,2023-08-16,DE,iOS,variant,Sports,260.78,5,1
ORD001360,U02068,S007230,2023-07-23,CZ,Android,control,Fashion,60.27,1,1
ORD001361,U02069,S007235,2023-07-30,DE,Android,variant,Electronics,110.42,4,0
ORD001362,U02070,S007236,2023-07-08,PL,Android,control,Home & Garden,126.84,4,0
ORD001363,U02071,S007238,2023-08-14,RO,Android,variant,Electronics,201.6,2,0
ORD001364,U02072,S007243,2023-08-19,RO,Android,control,Home & Garden,219.33,2,0
ORD001365,U02072,S007244,2023-06-24,RO,Android,variant,Home & Garden,154.67,1,0
ORD001366,U02073,S007249,2023-06-21,PL,Android,control,Beauty,25.25,1,0
ORD001367,U02075,S007257,2023-07-11,DE,Android,variant,Sports,80.56,3,0
ORD001368,U02076,S007259,2023-06-05,DE,iOS,control,Electronics,288.52,3,1
ORD001369,U02078,S007272,2023-07-07,DE,iOS,variant,Home & Garden,258.11,2,0
ORD001370,U02080,S007276,2023-07-22,CZ,iOS,variant,Electronics,30.21,2,0
ORD001371,U02080,S007277,2023-06-11,CZ,iOS,variant,Beauty,22.96,4,0
ORD001372,U02081,S007279,2023-06-10,PL,Android,variant,Beauty,294.76,3,0
ORD001373,U02081,S007280,2023-07-05,PL,Android,variant,Sports,248.58,4,0
ORD001374,U02082,S007283,2023-08-16,DE,Android,control,Home & Garden,289.57,3,0
ORD001375,U02082,S007285,2023-06-20,DE,Android,control,Beauty,277.57,1,0
ORD001376,U02083,S007289,2023-08-28,DE,iOS,variant,Fashion,163.48,6,1
ORD001377,U02084,S007291,2023-07-20,DE,Android,variant,Fashion,205.4,2,0
ORD001378,U02084,S007294,2023-08-14,DE,Android,variant,Home & Garden,91.47,1,0
ORD001379,U02086,S007297,2023-08-18,CZ,Android,control,Home & Garden,256.34,4,0
ORD001380,U02090,S007311,2023-08-25,SK,Android,variant,Fashion,183.62,1,0
ORD001381,U02091,S007312,2023-08-25,DE,Android,variant,Sports,35.02,3,0
ORD001382,U02093,S007320,2023-06-02,DE,Android,variant,Home & Garden,92.09,1,0
ORD001383,U02096,S007330,2023-07-15,PL,iOS,variant,Beauty,173.79,2,0
ORD001384,U02097,S007332,2023-07-05,DE,Android,variant,Home & Garden,148.79,3,0
ORD001385,U02099,S007336,2023-08-10,SK,iOS,control,Sports,211.57,5,1
ORD001386,U02102,S007353,2023-08-12,DE,iOS,control,Electronics,61.7,2,0
ORD001387,U02103,S007355,2023-06-13,RO,iOS,variant,Beauty,274.71,1,0
ORD001388,U02103,S007356,2023-06-10,RO,iOS,variant,Fashion,18.35,1,0
ORD001389,U02104,S007359,2023-06-11,DE,Android,variant,Beauty,278.1,1,0
ORD001390,U02104,S007360,2023-08-12,DE,Android,control,Home & Garden,117.43,3,0
ORD001391,U02105,S007364,2023-08-01,DE,Android,control,Home & Garden,143.98,1,0
ORD001392,U02108,S007373,2023-07-21,CZ,iOS,control,Fashion,273.9,5,0
ORD001393,U02111,S007379,2023-06-16,DE,iOS,variant,Sports,205.32,4,0
ORD001394,U02112,S007385,2023-07-23,DE,iOS,control,Beauty,217.94,3,0
ORD001395,U02113,S007389,2023-08-17,DE,Android,variant,Fashion,294.52,1,0
ORD001396,U02115,S007397,2023-07-02,DE,Android,control,Home & Garden,276.3,3,0
ORD001397,U02121,S007419,2023-08-26,DE,Android,control,Sports,263.8,3,1
ORD001398,U02123,S007426,2023-07-19,DE,Android,variant,Sports,29.14,1,0
ORD001399,U02124,S007429,2023-08-20,PL,Android,control,Home & Garden,86.11,5,0
ORD001400,U02125,S007432,2023-08-08,DE,Android,variant,Home & Garden,85.68,1,0
ORD001401,U02127,S007444,2023-08-15,CZ,Android,control,Beauty,167.71,1,1
ORD001402,U02128,S007445,2023-06-01,DE,iOS,variant,Home & Garden,157.3,5,0
ORD001403,U02128,S007447,2023-08-14,DE,iOS,variant,Beauty,191.2,3,0
ORD001404,U02130,S007453,2023-07-03,PL,iOS,variant,Electronics,203.17,6,0
ORD001405,U02135,S007470,2023-08-16,DE,iOS,variant,Home & Garden,131.62,5,0
ORD001406,U02137,S007473,2023-07-13,DE,iOS,control,Beauty,259.13,3,0
ORD001407,U02139,S007480,2023-07-27,DE,Android,control,Fashion,140.05,4,1
ORD001408,U02139,S007481,2023-06-27,DE,Android,control,Electronics,111.17,3,0
ORD001409,U02142,S007490,2023-06-20,PL,Android,control,Fashion,241.97,3,0
ORD001410,U02142,S007491,2023-06-12,PL,Android,variant,Sports,88.43,2,0
ORD001411,U02142,S007492,2023-07-17,PL,Android,control,Beauty,260.57,2,0
ORD001412,U02143,S007497,2023-07-04,DE,Android,control,Electronics,222.63,6,0
ORD001413,U02144,S007498,2023-07-18,DE,Android,variant,Electronics,225.17,3,0
ORD001414,U02144,S007499,2023-06-20,DE,Android,variant,Fashion,16.47,5,0
ORD001415,U02145,S007502,2023-06-25,RO,iOS,variant,Electronics,50.74,5,0
ORD001416,U02146,S007504,2023-08-19,DE,Android,variant,Beauty,171.3,4,0
ORD001417,U02147,S007509,2023-08-18,DE,Android,variant,Sports,233.3,5,1
ORD001418,U02147,S007512,2023-08-14,DE,Android,control,Sports,274.06,1,0
ORD001419,U02150,S007519,2023-08-17,CZ,Android,variant,Electronics,97.85,1,0
ORD001420,U02150,S007522,2023-08-01,CZ,Android,variant,Beauty,132.39,2,0
ORD001421,U02151,S007525,2023-08-29,DE,Android,control,Electronics,132.42,4,0
ORD001422,U02152,S007529,2023-06-21,PL,Android,variant,Beauty,238.29,2,0
ORD001423,U02154,S007535,2023-07-02,DE,Android,control,Sports,215.82,5,0
ORD001424,U02155,S007539,2023-07-19,RO,Android,control,Fashion,204.21,1,0
ORD001425,U02155,S007540,2023-06-23,RO,Android,variant,Electronics,238.86,5,0
ORD001426,U02157,S007549,2023-06-29,DE,Android,variant,Home & Garden,77.05,2,0
ORD001427,U02158,S007554,2023-08-20,DE,iOS,variant,Home & Garden,46.28,6,0
ORD001428,U02160,S007561,2023-08-21,DE,iOS,variant,Home & Garden,197.96,2,0
ORD001429,U02163,S007575,2023-06-10,PL,iOS,variant,Sports,290.21,1,0
ORD001430,U02164,S007578,2023-07-17,DE,Android,variant,Beauty,299.46,2,0
ORD001431,U02166,S007583,2023-07-22,PL,Android,control,Electronics,94.46,4,0
ORD001432,U02167,S007587,2023-08-04,DE,Android,variant,Home & Garden,220.21,3,1
ORD001433,U02172,S007602,2023-07-17,DE,Android,control,Fashion,35.78,4,0
ORD001434,U02172,S007604,2023-06-20,DE,Android,control,Fashion,155.02,5,0
ORD001435,U02173,S007607,2023-06-17,DE,Android,control,Fashion,163.27,4,0
ORD001436,U02175,S007611,2023-06-17,DE,iOS,control,Electronics,264.63,1,0
ORD001437,U02177,S007620,2023-07-18,PL,Android,variant,Fashion,218.44,6,0
ORD001438,U02178,S007623,2023-07-09,PL,Android,variant,Home & Garden,51.88,5,0
ORD001439,U02181,S007634,2023-06-01,PL,iOS,variant,Fashion,128.29,3,0
ORD001440,U02185,S007648,2023-06-30,SK,Android,control,Fashion,205.18,1,0
ORD001441,U02186,S007650,2023-08-11,DE,Android,control,Electronics,14.8,2,0
ORD001442,U02186,S007651,2023-07-14,DE,Android,variant,Fashion,250.78,4,0
ORD001443,U02186,S007653,2023-07-20,DE,Android,variant,Electronics,232.87,5,0
ORD001444,U02187,S007655,2023-06-23,DE,iOS,variant,Sports,71.87,4,0
ORD001445,U02188,S007661,2023-07-12,DE,iOS,control,Electronics,47.85,4,0
ORD001446,U02194,S007680,2023-07-17,DE,Android,variant,Sports,173.28,6,0
ORD001447,U02195,S007683,2023-06-26,PL,Android,control,Fashion,142.45,1,1
ORD001448,U02196,S007685,2023-08-10,DE,Android,variant,Fashion,286.96,1,0
ORD001449,U02197,S007688,2023-06-05,CZ,iOS,variant,Electronics,181.41,1,0
ORD001450,U02198,S007694,2023-08-12,SK,Android,control,Beauty,51.87,3,0
ORD001451,U02201,S007703,2023-08-09,DE,Android,control,Home & Garden,296.47,3,0
ORD001452,U02202,S007704,2023-08-23,DE,Android,variant,Beauty,246.72,1,0
ORD001453,U02203,S007706,2023-08-22,DE,Android,control,Beauty,238.35,1,0
ORD001454,U02203,S007708,2023-07-20,DE,Android,control,Fashion,262.3,5,0
ORD001455,U02204,S007710,2023-08-09,PL,iOS,variant,Sports,43.38,2,0
ORD001456,U02207,S007720,2023-07-26,DE,Android,variant,Electronics,25.96,3,0
ORD001457,U02208,S007722,2023-07-25,DE,iOS,variant,Fashion,281.33,2,0
ORD001458,U02208,S007723,2023-06-05,DE,iOS,variant,Sports,47.5,6,0
ORD001459,U02209,S007725,2023-08-18,PL,Android,variant,Home & Garden,277.76,5,0
ORD001460,U02210,S007731,2023-07-09,CZ,Android,control,Beauty,212.72,6,0
ORD001461,U02212,S007737,2023-08-27,DE,Android,control,Electronics,151.95,4,0
ORD001462,U02213,S007743,2023-07-26,DE,Android,variant,Sports,109.44,3,0
ORD001463,U02217,S007759,2023-06-28,DE,iOS,control,Fashion,249.63,5,0
ORD001464,U02219,S007765,2023-07-24,SK,iOS,variant,Fashion,64.4,1,0
ORD001465,U02220,S007769,2023-08-26,PL,iOS,variant,Fashion,51.57,3,0
ORD001466,U02221,S007773,2023-08-22,RO,Android,control,Fashion,109.24,5,0
ORD001467,U02222,S007775,2023-07-23,PL,iOS,variant,Fashion,187.75,6,0
ORD001468,U02225,S007784,2023-07-31,PL,Android,variant,Fashion,145.7,6,0
ORD001469,U02226,S007790,2023-06-10,CZ,Android,variant,Home & Garden,142.75,5,0
ORD001470,U02226,S007791,2023-07-28,CZ,Android,variant,Electronics,14.35,5,1
ORD001471,U02228,S007799,2023-08-23,DE,Android,variant,Electronics,223.74,5,1
ORD001472,U02231,S007812,2023-07-24,DE,iOS,variant,Home & Garden,121.73,6,0
ORD001473,U02232,S007817,2023-08-08,PL,Android,control,Electronics,217.6,5,0
ORD001474,U02233,S007822,2023-06-17,DE,Android,variant,Fashion,77.56,2,0
ORD001475,U02234,S007825,2023-07-16,PL,Android,variant,Fashion,116.17,3,1
ORD001476,U02234,S007826,2023-07-09,PL,Android,variant,Fashion,221.07,2,1
ORD001477,U02240,S007841,2023-06-11,DE,iOS,control,Electronics,270.37,2,0
ORD001478,U02240,S007842,2023-07-24,DE,iOS,variant,Sports,91.22,6,0
ORD001479,U02243,S007848,2023-06-04,DE,Android,variant,Home & Garden,117.75,4,1
ORD001480,U02243,S007849,2023-08-06,DE,Android,variant,Home & Garden,140.31,3,0
ORD001481,U02243,S007850,2023-06-22,DE,Android,variant,Fashion,46.57,5,0
ORD001482,U02244,S007852,2023-07-14,DE,Android,control,Electronics,104.22,4,0
ORD001483,U02246,S007861,2023-07-22,DE,Android,control,Beauty,230.05,5,0
ORD001484,U02247,S007864,2023-08-09,SK,iOS,variant,Sports,112.54,1,0
ORD001485,U02250,S007872,2023-06-01,DE,Android,control,Beauty,274.23,4,1
ORD001486,U02253,S007881,2023-07-23,DE,Android,variant,Fashion,31.68,6,0
ORD001487,U02256,S007892,2023-08-16,PL,Android,variant,Electronics,256.09,3,0
ORD001488,U02259,S007899,2023-07-21,DE,iOS,control,Home & Garden,235.38,3,0
ORD001489,U02259,S007900,2023-06-08,DE,iOS,control,Beauty,109.18,2,0
ORD001490,U02260,S007902,2023-08-26,DE,Android,control,Home & Garden,195.71,3,1
ORD001491,U02260,S007904,2023-08-28,DE,Android,control,Electronics,295.26,6,0
ORD001492,U02265,S007919,2023-07-27,PL,Android,control,Beauty,279.24,1,1
ORD001493,U02266,S007923,2023-08-09,PL,iOS,control,Electronics,278.46,2,0
ORD001494,U02267,S007924,2023-06-10,DE,iOS,variant,Electronics,186.29,4,0
ORD001495,U02270,S007933,2023-06-30,DE,Android,control,Home & Garden,239.32,5,0
ORD001496,U02272,S007940,2023-07-19,CZ,Android,variant,Beauty,254.7,4,0
ORD001497,U02273,S007944,2023-06-08,RO,iOS,control,Home & Garden,272.07,1,0
ORD001498,U02274,S007946,2023-07-17,PL,Android,control,Electronics,263.3,6,0
ORD001499,U02275,S007950,2023-06-03,PL,iOS,variant,Beauty,66.75,4,0
ORD001500,U02276,S007955,2023-07-19,DE,Android,control,Fashion,130.87,5,0
ORD001501,U02278,S007961,2023-08-24,CZ,Android,control,Home & Garden,57.77,1,0
ORD001502,U02279,S007965,2023-06-25,DE,Android,control,Beauty,110.15,2,0
ORD001503,U02279,S007966,2023-08-01,DE,Android,variant,Home & Garden,128.49,4,0
ORD001504,U02281,S007976,2023-06-10,SK,iOS,control,Home & Garden,298.38,6,0
ORD001505,U02283,S007985,2023-08-11,DE,Android,control,Home & Garden,232.91,2,0
ORD001506,U02284,S007988,2023-08-14,PL,iOS,variant,Sports,125.37,3,0
ORD001507,U02284,S007991,2023-06-21,PL,iOS,variant,Sports,26.65,5,0
ORD001508,U02286,S007997,2023-06-07,RO,iOS,variant,Home & Garden,299.44,1,0
ORD001509,U02287,S008000,2023-06-03,DE,Android,variant,Fashion,186.28,2,0
ORD001510,U02287,S008002,2023-08-02,DE,Android,control,Beauty,181.86,1,0
ORD001511,U02288,S008003,2023-08-20,RO,iOS,control,Beauty,220.2,4,0
ORD001512,U02288,S008004,2023-08-04,RO,iOS,control,Beauty,149.13,2,1
ORD001513,U02289,S008006,2023-08-20,PL,iOS,variant,Home & Garden,77.09,2,0
ORD001514,U02289,S008008,2023-07-16,PL,iOS,variant,Fashion,162.1,6,0
ORD001515,U02290,S008011,2023-08-26,PL,Android,variant,Sports,247.81,2,0
ORD001516,U02290,S008013,2023-07-28,PL,Android,variant,Sports,131.52,5,0
ORD001517,U02294,S008024,2023-08-20,PL,Android,variant,Beauty,277.55,6,0
ORD001518,U02296,S008030,2023-06-27,DE,Android,control,Fashion,43.28,1,1
ORD001519,U02298,S008039,2023-07-16,SK,iOS,control,Home & Garden,283.75,6,0
ORD001520,U02300,S008048,2023-07-12,DE,Android,variant,Fashion,26.04,4,0
ORD001521,U02305,S008063,2023-08-07,DE,iOS,control,Electronics,113.66,3,0
ORD001522,U02305,S008065,2023-08-01,DE,iOS,variant,Home & Garden,237.96,1,1
ORD001523,U02309,S008079,2023-06-08,CZ,Android,variant,Home & Garden,92.72,6,0
ORD001524,U02312,S008094,2023-06-15,SK,iOS,control,Electronics,150.24,6,0
ORD001525,U02313,S008097,2023-06-07,PL,Android,variant,Electronics,181.77,2,0
ORD001526,U02318,S008110,2023-08-20,PL,iOS,variant,Home & Garden,87.3,6,0
ORD001527,U02323,S008129,2023-07-23,PL,Android,control,Beauty,296.81,6,0
ORD001528,U02323,S008130,2023-07-27,PL,Android,variant,Beauty,18.19,1,0
ORD001529,U02323,S008133,2023-06-15,PL,Android,variant,Sports,151.89,4,0
ORD001530,U02325,S008140,2023-08-06,PL,Android,control,Sports,39.11,5,0
ORD001531,U02327,S008144,2023-08-19,CZ,Android,variant,Sports,62.51,6,0
ORD001532,U02328,S008146,2023-08-02,DE,Android,variant,Electronics,133.59,1,0
ORD001533,U02333,S008162,2023-08-20,CZ,Android,variant,Sports,47.84,6,0
ORD001534,U02334,S008170,2023-06-26,SK,Android,control,Electronics,279.39,5,0
ORD001535,U02338,S008180,2023-06-18,DE,iOS,control,Beauty,21.09,5,0
ORD001536,U02340,S008189,2023-08-17,DE,Android,variant,Beauty,219.86,5,0
ORD001537,U02341,S008192,2023-07-08,DE,iOS,control,Beauty,58.09,4,1
ORD001538,U02342,S008200,2023-07-02,CZ,iOS,variant,Electronics,66.58,1,0
ORD001539,U02343,S008202,2023-06-11,CZ,Android,control,Home & Garden,273.39,2,0
ORD001540,U02343,S008204,2023-07-20,CZ,Android,variant,Electronics,145.1,4,0
ORD001541,U02345,S008209,2023-08-21,DE,Android,variant,Fashion,17.0,5,0
ORD001542,U02345,S008211,2023-07-13,DE,Android,variant,Beauty,43.22,2,1
ORD001543,U02347,S008218,2023-08-13,DE,iOS,variant,Fashion,211.94,5,0
ORD001544,U02347,S008219,2023-08-20,DE,iOS,control,Beauty,27.28,6,0
ORD001545,U02348,S008220,2023-06-27,CZ,Android,variant,Beauty,173.35,6,0
ORD001546,U02350,S008229,2023-06-03,DE,Android,variant,Home & Garden,78.13,5,0
ORD001547,U02351,S008233,2023-08-24,PL,Android,control,Sports,196.72,6,0
ORD001548,U02353,S008240,2023-08-27,CZ,Android,control,Electronics,107.52,5,0
ORD001549,U02355,S008244,2023-06-01,PL,Android,variant,Beauty,230.81,5,1
ORD001550,U02356,S008246,2023-08-14,PL,Android,variant,Beauty,208.84,5,0
ORD001551,U02357,S008250,2023-08-23,CZ,Android,variant,Electronics,243.66,1,0
ORD001552,U02358,S008254,2023-08-19,PL,Android,control,Sports,59.75,2,0
ORD001553,U02358,S008256,2023-08-12,PL,Android,variant,Electronics,291.89,1,0
ORD001554,U02358,S008257,2023-07-21,PL,Android,variant,Beauty,161.52,2,0
ORD001555,U02361,S008269,2023-08-03,DE,iOS,variant,Beauty,15.28,6,0
ORD001556,U02362,S008272,2023-06-24,DE,iOS,variant,Electronics,234.06,4,0
ORD001557,U02362,S008274,2023-08-15,DE,iOS,variant,Fashion,297.98,6,0
ORD001558,U02362,S008276,2023-08-12,DE,iOS,variant,Fashion,157.75,5,0
ORD001559,U02363,S008277,2023-07-21,DE,iOS,control,Home & Garden,263.66,5,0
ORD001560,U02363,S008279,2023-06-08,DE,iOS,control,Home & Garden,87.88,5,0
ORD001561,U02364,S008282,2023-07-12,DE,iOS,control,Fashion,109.8,2,0
ORD001562,U02371,S008306,2023-06-10,DE,iOS,variant,Sports,128.69,2,0
ORD001563,U02373,S008311,2023-06-04,PL,Android,variant,Beauty,223.81,6,1
ORD001564,U02374,S008314,2023-07-27,DE,Android,variant,Fashion,262.2,3,0
ORD001565,U02374,S008317,2023-07-09,DE,Android,variant,Home & Garden,199.54,5,0
ORD001566,U02377,S008323,2023-06-22,DE,iOS,variant,Beauty,24.38,5,0
ORD001567,U02382,S008340,2023-06-07,DE,Android,control,Electronics,236.22,5,0
ORD001568,U02382,S008341,2023-06-22,DE,Android,control,Home & Garden,200.86,6,0
ORD001569,U02384,S008345,2023-07-01,PL,Android,variant,Fashion,146.98,6,0
ORD001570,U02388,S008360,2023-06-20,RO,iOS,control,Sports,88.33,4,1
ORD001571,U02389,S008362,2023-06-02,DE,Android,control,Beauty,236.3,4,0
ORD001572,U02390,S008367,2023-07-18,PL,Android,variant,Sports,184.8,4,0
ORD001573,U02394,S008380,2023-07-14,DE,Android,variant,Sports,117.65,2,0
ORD001574,U02395,S008384,2023-08-03,CZ,iOS,control,Electronics,39.54,4,0
ORD001575,U02396,S008388,2023-07-08,DE,iOS,control,Fashion,82.37,1,0
ORD001576,U02397,S008389,2023-08-05,DE,iOS,control,Home & Garden,19.59,6,0
ORD001577,U02402,S008407,2023-08-10,DE,Android,variant,Beauty,11.93,6,0
ORD001578,U02402,S008409,2023-08-11,DE,Android,variant,Beauty,21.94,4,0
ORD001579,U02404,S008416,2023-08-07,DE,iOS,variant,Electronics,17.02,2,0
ORD001580,U02408,S008426,2023-06-20,DE,Android,variant,Sports,275.53,3,0
ORD001581,U02409,S008427,2023-08-10,PL,Android,control,Electronics,87.68,3,1
ORD001582,U02409,S008428,2023-07-20,PL,Android,control,Beauty,108.14,6,0
ORD001583,U02411,S008435,2023-06-15,PL,Android,control,Fashion,152.05,1,0
ORD001584,U02414,S008447,2023-06-27,PL,iOS,variant,Home & Garden,284.07,4,0
ORD001585,U02416,S008457,2023-08-24,PL,Android,control,Sports,210.54,4,0
ORD001586,U02420,S008467,2023-08-15,PL,Android,variant,Beauty,84.45,6,0
ORD001587,U02420,S008468,2023-07-01,PL,Android,control,Beauty,122.57,3,0
ORD001588,U02424,S008483,2023-08-01,PL,Android,variant,Fashion,291.33,5,0
ORD001589,U02425,S008485,2023-07-31,DE,Android,variant,Fashion,203.69,2,1
ORD001590,U02426,S008491,2023-08-24,PL,Android,control,Sports,237.24,1,0
ORD001591,U02426,S008493,2023-07-29,PL,Android,variant,Beauty,281.99,6,0
ORD001592,U02427,S008497,2023-08-27,RO,iOS,control,Sports,94.38,2,0
ORD001593,U02428,S008499,2023-08-19,DE,Android,variant,Sports,242.88,1,0
ORD001594,U02429,S008504,2023-08-19,CZ,Android,variant,Electronics,283.27,3,0
ORD001595,U02430,S008507,2023-07-24,PL,iOS,control,Fashion,90.67,4,0
ORD001596,U02431,S008511,2023-08-22,DE,Android,variant,Home & Garden,167.19,1,0
ORD001597,U02432,S008512,2023-08-11,CZ,Android,control,Sports,189.95,3,0
ORD001598,U02435,S008524,2023-06-12,DE,iOS,control,Beauty,217.94,1,0
ORD001599,U02435,S008526,2023-06-23,DE,iOS,variant,Electronics,266.44,5,1
ORD001600,U02436,S008528,2023-07-26,DE,Android,control,Sports,31.77,6,0
ORD001601,U02437,S008532,2023-07-31,DE,Android,control,Electronics,245.19,4,0
ORD001602,U02439,S008538,2023-08-11,DE,iOS,variant,Home & Garden,268.44,6,1
ORD001603,U02444,S008556,2023-06-04,PL,Android,variant,Electronics,101.35,1,0
ORD001604,U02446,S008564,2023-07-02,PL,Android,control,Beauty,182.28,1,0
ORD001605,U02447,S008568,2023-06-13,RO,Android,variant,Beauty,248.61,3,1
ORD001606,U02448,S008570,2023-07-22,DE,iOS,variant,Beauty,275.43,2,0
ORD001607,U02450,S008577,2023-08-21,DE,Android,variant,Fashion,215.16,2,0
ORD001608,U02451,S008579,2023-07-22,DE,Android,variant,Fashion,31.76,1,0
ORD001609,U02451,S008582,2023-06-06,DE,Android,variant,Fashion,133.33,3,0
ORD001610,U02453,S008587,2023-06-11,DE,Android,control,Beauty,22.28,6,0
ORD001611,U02454,S008593,2023-07-24,DE,iOS,control,Sports,193.48,5,0
ORD001612,U02455,S008597,2023-07-25,DE,Android,variant,Home & Garden,143.73,2,0
ORD001613,U02456,S008600,2023-07-18,DE,Android,control,Home & Garden,34.23,2,0
ORD001614,U02459,S008608,2023-07-14,CZ,iOS,variant,Home & Garden,143.52,5,0
ORD001615,U02466,S008630,2023-07-24,PL,iOS,control,Fashion,72.74,6,0
ORD001616,U02469,S008637,2023-07-12,RO,iOS,control,Fashion,109.07,3,0
ORD001617,U02471,S008644,2023-08-19,PL,iOS,control,Sports,221.69,4,0
ORD001618,U02471,S008645,2023-06-14,PL,iOS,variant,Beauty,61.64,5,0
ORD001619,U02472,S008649,2023-08-10,DE,Android,variant,Sports,64.51,3,0
ORD001620,U02473,S008654,2023-08-01,PL,Android,variant,Fashion,147.47,4,0
ORD001621,U02473,S008656,2023-07-23,PL,Android,control,Home & Garden,35.95,2,0
ORD001622,U02475,S008660,2023-07-07,DE,iOS,variant,Electronics,266.57,3,0
ORD001623,U02476,S008663,2023-06-14,PL,Android,variant,Sports,204.03,1,1
ORD001624,U02476,S008665,2023-07-05,PL,Android,variant,Electronics,209.69,5,0
ORD001625,U02479,S008673,2023-07-05,DE,iOS,control,Home & Garden,103.64,2,0
ORD001626,U02479,S008674,2023-08-19,DE,iOS,control,Fashion,141.24,1,1
ORD001627,U02480,S008676,2023-06-29,DE,Android,control,Fashion,114.85,4,0
ORD001628,U02481,S008680,2023-08-10,PL,iOS,control,Sports,243.47,6,0
ORD001629,U02482,S008682,2023-08-06,CZ,iOS,control,Sports,234.32,3,0
ORD001630,U02483,S008687,2023-08-21,DE,iOS,control,Electronics,79.96,3,0
ORD001631,U02484,S008689,2023-07-12,DE,Android,variant,Fashion,206.74,5,0
ORD001632,U02486,S008700,2023-08-12,DE,Android,control,Beauty,45.82,4,0
ORD001633,U02486,S008702,2023-07-24,DE,Android,variant,Electronics,250.97,5,0
ORD001634,U02489,S008708,2023-07-08,DE,Android,control,Home & Garden,69.54,3,0
ORD001635,U02489,S008710,2023-08-22,DE,Android,variant,Sports,237.31,6,1
ORD001636,U02491,S008716,2023-07-04,PL,iOS,control,Electronics,186.12,6,0
ORD001637,U02491,S008717,2023-06-30,PL,iOS,control,Electronics,12.98,2,1
ORD001638,U02492,S008719,2023-06-05,PL,iOS,control,Electronics,197.4,4,0
ORD001639,U02492,S008721,2023-06-14,PL,iOS,variant,Home & Garden,94.13,3,1
ORD001640,U02494,S008724,2023-06-03,DE,Android,control,Sports,29.98,1,0
ORD001641,U02496,S008732,2023-07-04,CZ,Android,variant,Beauty,118.25,6,0
ORD001642,U02497,S008733,2023-06-06,DE,Android,control,Home & Garden,43.28,3,0
ORD001643,U02497,S008734,2023-07-18,DE,Android,control,Electronics,79.17,3,0
ORD001644,U02498,S008739,2023-06-28,PL,iOS,variant,Beauty,116.6,2,0
ORD001645,U02499,S008745,2023-07-24,RO,Android,variant,Beauty,148.88,6,0
ORD001646,U02500,S008748,2023-07-18,SK,iOS,variant,Home & Garden,252.33,2,0
ORD001647,U02503,S008757,2023-07-20,DE,iOS,variant,Sports,261.39,2,1
ORD001648,U02505,S008760,2023-08-04,DE,iOS,variant,Electronics,171.46,2,1
ORD001649,U02506,S008763,2023-07-27,CZ,Android,control,Electronics,123.81,3,0
ORD001650,U02506,S008765,2023-08-22,CZ,Android,control,Sports,292.05,3,0
ORD001651,U02508,S008772,2023-06-22,CZ,Android,variant,Fashion,194.65,3,0
ORD001652,U02508,S008774,2023-08-29,CZ,Android,control,Sports,45.47,3,0
ORD001653,U02510,S008779,2023-08-05,DE,Android,variant,Beauty,184.38,2,0
ORD001654,U02513,S008792,2023-06-19,RO,Android,variant,Home & Garden,170.76,6,0
ORD001655,U02513,S008793,2023-07-25,RO,Android,control,Sports,254.54,4,0
ORD001656,U02515,S008797,2023-06-09,PL,iOS,variant,Beauty,149.32,3,0
ORD001657,U02515,S008798,2023-06-24,PL,iOS,control,Sports,112.05,1,0
ORD001658,U02517,S008805,2023-06-04,DE,Android,variant,Fashion,240.73,5,0
ORD001659,U02518,S008808,2023-07-17,PL,iOS,variant,Sports,28.0,4,0
ORD001660,U02519,S008810,2023-07-21,SK,Android,variant,Beauty,213.43,5,0
ORD001661,U02519,S008813,2023-08-18,SK,Android,variant,Sports,165.62,5,1
ORD001662,U02520,S008814,2023-07-21,DE,Android,variant,Beauty,24.73,2,0
ORD001663,U02521,S008817,2023-07-11,CZ,Android,control,Sports,194.96,1,0
ORD001664,U02521,S008818,2023-06-13,CZ,Android,variant,Electronics,154.62,3,0
ORD001665,U02523,S008827,2023-06-19,DE,Android,control,Electronics,14.08,3,1
ORD001666,U02525,S008831,2023-08-25,PL,iOS,control,Sports,210.54,5,0
ORD001667,U02525,S008832,2023-08-04,PL,iOS,control,Beauty,295.39,4,0
ORD001668,U02525,S008833,2023-06-07,PL,iOS,control,Beauty,136.35,2,0
ORD001669,U02526,S008834,2023-08-27,RO,iOS,control,Beauty,155.83,4,0
ORD001670,U02528,S008844,2023-06-06,RO,iOS,variant,Electronics,196.04,4,0
ORD001671,U02529,S008845,2023-06-06,DE,iOS,variant,Home & Garden,39.55,4,0
ORD001672,U02529,S008846,2023-08-07,DE,iOS,control,Electronics,214.8,6,0
ORD001673,U02533,S008861,2023-07-17,DE,Android,control,Fashion,258.69,3,0
ORD001674,U02535,S008868,2023-07-15,DE,Android,variant,Electronics,172.89,4,0
ORD001675,U02535,S008869,2023-08-13,DE,Android,variant,Electronics,285.98,4,0
ORD001676,U02535,S008870,2023-06-01,DE,Android,variant,Home & Garden,103.5,1,0
ORD001677,U02537,S008874,2023-07-30,DE,Android,control,Electronics,183.38,4,0
ORD001678,U02538,S008876,2023-06-16,PL,Android,control,Fashion,71.63,2,0
ORD001679,U02539,S008880,2023-06-25,SK,Android,variant,Home & Garden,207.91,6,0
ORD001680,U02539,S008881,2023-06-13,SK,Android,control,Beauty,274.89,4,0
ORD001681,U02539,S008882,2023-07-21,SK,Android,variant,Home & Garden,292.03,5,0
ORD001682,U02541,S008886,2023-06-16,DE,iOS,variant,Electronics,254.5,3,0
ORD001683,U02542,S008888,2023-07-08,DE,iOS,control,Electronics,264.45,1,0
ORD001684,U02545,S008896,2023-07-13,PL,iOS,control,Home & Garden,233.52,2,0
ORD001685,U02546,S008899,2023-06-16,CZ,Android,variant,Sports,185.7,3,0
ORD001686,U02548,S008906,2023-08-16,CZ,iOS,control,Sports,114.96,2,0
ORD001687,U02549,S008908,2023-06-04,RO,Android,control,Beauty,272.75,4,0
ORD001688,U02552,S008918,2023-08-07,DE,Android,variant,Electronics,107.77,1,1
ORD001689,U02553,S008920,2023-08-24,CZ,Android,control,Sports,235.71,5,0
ORD001690,U02554,S008923,2023-08-05,CZ,Android,variant,Home & Garden,69.54,2,1
ORD001691,U02554,S008924,2023-06-19,CZ,Android,variant,Home & Garden,210.23,2,0
ORD001692,U02555,S008927,2023-06-23,CZ,Android,control,Home & Garden,245.92,2,0
ORD001693,U02555,S008929,2023-06-09,CZ,Android,control,Electronics,49.02,3,0
ORD001694,U02556,S008932,2023-07-01,PL,Android,control,Electronics,271.69,5,0
ORD001695,U02559,S008945,2023-07-05,RO,iOS,variant,Home & Garden,49.75,5,0
ORD001696,U02561,S008949,2023-06-06,DE,iOS,variant,Beauty,25.49,1,1
ORD001697,U02561,S008950,2023-08-20,DE,iOS,variant,Fashion,235.23,2,0
ORD001698,U02562,S008953,2023-06-27,DE,iOS,variant,Sports,108.59,4,0
ORD001699,U02563,S008955,2023-08-07,PL,Android,variant,Electronics,177.72,2,0
ORD001700,U02565,S008965,2023-06-02,SK,iOS,variant,Beauty,72.79,3,0
ORD001701,U02565,S008966,2023-08-25,SK,iOS,variant,Electronics,29.01,1,0
ORD001702,U02566,S008969,2023-07-13,CZ,Android,variant,Sports,41.14,4,0
ORD001703,U02569,S008980,2023-06-07,DE,Android,variant,Fashion,63.48,6,1
ORD001704,U02570,S008981,2023-08-19,SK,Android,variant,Fashion,262.75,6,0
ORD001705,U02570,S008984,2023-08-04,SK,Android,variant,Fashion,175.6,6,1
ORD001706,U02570,S008985,2023-07-29,SK,Android,control,Fashion,31.08,1,0
ORD001707,U02571,S008987,2023-06-12,PL,iOS,variant,Beauty,297.73,4,0
ORD001708,U02572,S008989,2023-06-11,PL,Android,control,Sports,60.72,3,0
ORD001709,U02572,S008991,2023-06-23,PL,Android,control,Electronics,124.45,5,0
ORD001710,U02573,S008994,2023-08-12,DE,Android,variant,Beauty,83.14,1,0
ORD001711,U02575,S008998,2023-08-15,RO,iOS,variant,Fashion,215.91,2,0
ORD001712,U02576,S009003,2023-07-03,PL,iOS,variant,Electronics,86.78,6,0
ORD001713,U02577,S009006,2023-08-11,DE,Android,variant,Home & Garden,99.26,5,1
ORD001714,U02579,S009017,2023-07-05,PL,Android,variant,Fashion,164.77,5,0
ORD001715,U02580,S009020,2023-06-21,DE,Android,variant,Beauty,140.27,3,0
ORD001716,U02586,S009037,2023-07-27,DE,Android,variant,Fashion,147.08,1,0
ORD001717,U02586,S009038,2023-06-01,DE,Android,variant,Home & Garden,229.02,3,0
ORD001718,U02588,S009045,2023-06-14,DE,iOS,variant,Electronics,134.73,6,0
ORD001719,U02589,S009049,2023-08-03,DE,Android,variant,Home & Garden,90.18,6,1
ORD001720,U02590,S009055,2023-07-25,SK,Android,variant,Beauty,46.09,2,0
ORD001721,U02592,S009061,2023-07-25,DE,iOS,variant,Sports,139.1,3,0
ORD001722,U02592,S009063,2023-06-17,DE,iOS,control,Home & Garden,235.95,4,0
ORD001723,U02594,S009068,2023-08-13,DE,Android,variant,Home & Garden,232.34,5,0
ORD001724,U02597,S009076,2023-08-13,DE,iOS,control,Electronics,127.56,2,0
ORD001725,U02602,S009092,2023-08-08,CZ,iOS,variant,Fashion,227.7,5,0
ORD001726,U02603,S009094,2023-06-17,DE,Android,variant,Beauty,15.27,4,0
ORD001727,U02604,S009097,2023-07-11,PL,Android,variant,Beauty,296.35,5,0
ORD001728,U02608,S009113,2023-07-23,RO,Android,control,Electronics,217.8,5,0
ORD001729,U02609,S009114,2023-08-20,DE,iOS,variant,Sports,111.14,2,0
ORD001730,U02610,S009118,2023-07-26,PL,iOS,control,Home & Garden,31.66,1,1
ORD001731,U02610,S009119,2023-08-13,PL,iOS,control,Electronics,240.02,4,0
ORD001732,U02611,S009124,2023-06-26,RO,iOS,control,Home & Garden,86.45,3,0
ORD001733,U02615,S009138,2023-07-16,CZ,Android,control,Home & Garden,189.87,3,0
ORD001734,U02615,S009141,2023-07-28,CZ,Android,control,Fashion,167.53,5,1
ORD001735,U02617,S009146,2023-06-18,DE,Android,variant,Home & Garden,271.54,4,0
ORD001736,U02619,S009152,2023-07-22,PL,iOS,control,Fashion,219.47,2,0
ORD001737,U02619,S009156,2023-07-11,PL,iOS,variant,Home & Garden,271.47,5,0
ORD001738,U02621,S009159,2023-08-17,SK,iOS,control,Sports,19.18,3,0
ORD001739,U02623,S009166,2023-08-04,CZ,iOS,variant,Sports,34.61,3,1
ORD001740,U02624,S009168,2023-08-27,DE,iOS,variant,Fashion,28.88,1,0
ORD001741,U02624,S009169,2023-08-15,DE,iOS,variant,Electronics,224.18,4,0
ORD001742,U02625,S009173,2023-06-30,DE,iOS,variant,Sports,87.67,1,0
ORD001743,U02627,S009179,2023-07-22,DE,iOS,variant,Beauty,267.0,2,0
ORD001744,U02629,S009183,2023-06-04,PL,iOS,variant,Electronics,278.72,3,0
ORD001745,U02630,S009188,2023-07-10,DE,iOS,variant,Beauty,67.34,5,0
ORD001746,U02632,S009196,2023-06-05,PL,Android,variant,Sports,39.38,3,0
ORD001747,U02632,S009197,2023-07-12,PL,Android,variant,Electronics,269.75,4,0
ORD001748,U02634,S009205,2023-07-17,DE,Android,control,Sports,297.96,6,0
ORD001749,U02636,S009215,2023-06-30,SK,Android,control,Beauty,166.67,1,0
ORD001750,U02637,S009216,2023-06-24,DE,Android,control,Beauty,56.48,2,0
ORD001751,U02637,S009219,2023-06-17,DE,Android,control,Sports,174.39,3,1
ORD001752,U02641,S009232,2023-07-29,SK,iOS,variant,Beauty,14.94,1,1
ORD001753,U02642,S009235,2023-08-15,CZ,iOS,variant,Fashion,90.63,5,0
ORD001754,U02644,S009239,2023-07-20,SK,Android,variant,Home & Garden,236.85,3,0
ORD001755,U02644,S009240,2023-08-22,SK,Android,variant,Fashion,290.14,5,0
ORD001756,U02645,S009245,2023-08-28,PL,iOS,control,Electronics,33.48,3,0
ORD001757,U02646,S009249,2023-06-19,DE,Android,variant,Sports,255.6,4,0
ORD001758,U02646,S009250,2023-08-15,DE,Android,control,Electronics,132.33,2,0
ORD001759,U02647,S009252,2023-06-10,DE,Android,control,Beauty,238.98,6,0
ORD001760,U02649,S009259,2023-08-15,RO,Android,control,Beauty,272.84,5,0
ORD001761,U02651,S009263,2023-08-04,DE,Android,control,Beauty,68.16,5,0
ORD001762,U02654,S009269,2023-08-04,RO,iOS,control,Sports,10.52,3,0
ORD001763,U02654,S009271,2023-06-19,RO,iOS,variant,Sports,288.55,2,0
ORD001764,U02655,S009277,2023-06-02,DE,Android,variant,Electronics,151.31,3,0
ORD001765,U02657,S009281,2023-07-09,PL,iOS,control,Sports,278.67,1,0
ORD001766,U02657,S009283,2023-08-16,PL,iOS,variant,Home & Garden,70.35,2,0
ORD001767,U02662,S009297,2023-07-26,PL,Android,control,Home & Garden,201.55,3,0
ORD001768,U02664,S009303,2023-08-24,DE,Android,variant,Sports,123.95,3,0
ORD001769,U02665,S009305,2023-06-15,DE,iOS,variant,Fashion,15.75,4,0
ORD001770,U02669,S009317,2023-07-12,DE,iOS,variant,Sports,249.13,3,0
ORD001771,U02669,S009321,2023-06-12,DE,iOS,variant,Beauty,65.5,3,0
ORD001772,U02671,S009327,2023-08-08,PL,iOS,control,Electronics,134.3,2,0
ORD001773,U02675,S009338,2023-08-07,CZ,Android,variant,Electronics,65.86,3,0
ORD001774,U02675,S009339,2023-06-05,CZ,Android,variant,Home & Garden,287.22,6,1
ORD001775,U02676,S009344,2023-08-28,DE,iOS,control,Home & Garden,11.44,6,0
ORD001776,U02677,S009349,2023-08-07,DE,Android,control,Beauty,75.79,4,0
ORD001777,U02678,S009353,2023-06-22,DE,iOS,variant,Home & Garden,124.41,5,0
ORD001778,U02678,S009354,2023-08-25,DE,iOS,control,Sports,93.55,6,0
ORD001779,U02678,S009355,2023-07-19,DE,iOS,variant,Fashion,190.33,3,0
ORD001780,U02685,S009376,2023-07-18,DE,Android,variant,Fashion,238.34,5,1
ORD001781,U02686,S009379,2023-07-25,CZ,iOS,variant,Beauty,151.75,3,1
ORD001782,U02686,S009380,2023-08-16,CZ,iOS,variant,Beauty,19.82,3,0
ORD001783,U02687,S009384,2023-07-24,DE,iOS,variant,Electronics,279.33,4,0
ORD001784,U02688,S009385,2023-08-26,DE,iOS,variant,Fashion,274.56,3,0
ORD001785,U02688,S009387,2023-06-29,DE,iOS,control,Home & Garden,246.62,1,0
ORD001786,U02689,S009390,2023-06-19,PL,Android,control,Home & Garden,236.46,1,0
ORD001787,U02689,S009392,2023-07-06,PL,Android,control,Electronics,124.31,5,0
ORD001788,U02692,S009400,2023-07-18,PL,Android,control,Sports,246.81,3,0
ORD001789,U02694,S009404,2023-08-05,PL,Android,control,Beauty,149.71,5,0
ORD001790,U02696,S009409,2023-07-31,PL,iOS,variant,Electronics,285.54,2,0
ORD001791,U02696,S009410,2023-07-06,PL,iOS,variant,Beauty,178.71,1,0
ORD001792,U02699,S009418,2023-06-25,DE,iOS,control,Beauty,92.91,3,1
ORD001793,U02701,S009424,2023-08-25,DE,iOS,variant,Beauty,256.96,1,0
ORD001794,U02704,S009435,2023-06-27,PL,Android,control,Sports,72.25,2,1
ORD001795,U02707,S009443,2023-07-18,DE,Android,variant,Electronics,126.11,1,0
ORD001796,U02707,S009444,2023-08-17,DE,Android,control,Home & Garden,238.71,5,0
ORD001797,U02707,S009445,2023-08-09,DE,Android,control,Electronics,172.26,5,0
ORD001798,U02711,S009458,2023-08-07,DE,Android,control,Electronics,21.22,6,0
ORD001799,U02712,S009461,2023-06-19,DE,Android,variant,Sports,88.32,4,0
ORD001800,U02712,S009462,2023-06-04,DE,Android,control,Electronics,285.89,1,0
ORD001801,U02712,S009464,2023-07-04,DE,Android,control,Sports,194.94,3,0
ORD001802,U02715,S009474,2023-06-21,DE,Android,variant,Sports,281.83,5,0
ORD001803,U02715,S009475,2023-06-30,DE,Android,variant,Home & Garden,151.24,3,0
ORD001804,U02716,S009478,2023-07-22,DE,iOS,control,Beauty,64.93,6,0
ORD001805,U02718,S009483,2023-07-16,DE,iOS,variant,Sports,14.17,3,0
ORD001806,U02718,S009484,2023-07-19,DE,iOS,control,Sports,118.37,2,1
ORD001807,U02718,S009485,2023-08-11,DE,iOS,variant,Beauty,48.95,3,0
ORD001808,U02719,S009486,2023-06-29,PL,iOS,control,Electronics,156.67,4,1
ORD001809,U02719,S009487,2023-07-06,PL,iOS,variant,Beauty,275.52,1,0
ORD001810,U02723,S009501,2023-07-02,DE,iOS,control,Home & Garden,138.51,5,1
ORD001811,U02724,S009507,2023-08-15,SK,Android,control,Electronics,259.51,3,0
ORD001812,U02725,S009510,2023-06-09,PL,Android,variant,Home & Garden,279.06,5,0
ORD001813,U02726,S009511,2023-07-31,DE,Android,control,Fashion,39.54,5,1
ORD001814,U02729,S009525,2023-07-25,DE,iOS,variant,Beauty,68.02,6,0
ORD001815,U02731,S009533,2023-07-22,PL,iOS,control,Sports,85.13,4,0
ORD001816,U02732,S009536,2023-07-09,DE,Android,variant,Fashion,133.55,2,0
ORD001817,U02732,S009538,2023-07-24,DE,Android,variant,Beauty,108.07,3,0
ORD001818,U02735,S009547,2023-07-11,DE,iOS,variant,Fashion,276.06,1,1
ORD001819,U02739,S009563,2023-07-23,RO,iOS,control,Sports,146.33,2,0
ORD001820,U02740,S009568,2023-06-07,DE,Android,control,Electronics,79.22,1,0
ORD001821,U02741,S009570,2023-08-18,CZ,iOS,variant,Home & Garden,29.12,2,0
ORD001822,U02743,S009579,2023-07-01,DE,iOS,variant,Fashion,256.21,4,0
ORD001823,U02744,S009580,2023-08-20,DE,Android,control,Fashion,113.06,1,0
ORD001824,U02746,S009589,2023-08-14,DE,Android,variant,Fashion,79.86,6,0
ORD001825,U02746,S009590,2023-07-09,DE,Android,control,Beauty,80.11,4,0
ORD001826,U02748,S009593,2023-08-27,PL,Android,control,Beauty,132.96,5,0
ORD001827,U02749,S009600,2023-07-02,DE,iOS,control,Electronics,288.89,1,0
ORD001828,U02751,S009606,2023-06-08,PL,Android,control,Sports,22.57,1,0
ORD001829,U02753,S009611,2023-07-29,DE,iOS,variant,Fashion,286.47,3,0
ORD001830,U02753,S009612,2023-06-11,DE,iOS,control,Beauty,83.88,3,0
ORD001831,U02753,S009613,2023-06-13,DE,iOS,variant,Sports,239.08,3,0
ORD001832,U02754,S009616,2023-06-09,RO,iOS,control,Home & Garden,246.7,1,0
ORD001833,U02754,S009619,2023-07-07,RO,iOS,variant,Home & Garden,78.69,6,0
ORD001834,U02756,S009629,2023-08-08,DE,Android,variant,Home & Garden,77.33,5,0
ORD001835,U02757,S009633,2023-08-17,DE,Android,control,Home & Garden,244.28,6,0
ORD001836,U02760,S009642,2023-07-25,PL,Android,control,Sports,55.77,4,0
ORD001837,U02760,S009645,2023-08-01,PL,Android,control,Sports,25.36,5,0
ORD001838,U02761,S009649,2023-06-20,PL,Android,control,Home & Garden,258.08,1,0
ORD001839,U02763,S009652,2023-06-23,DE,Android,variant,Electronics,38.13,4,0
ORD001840,U02763,S009653,2023-08-13,DE,Android,control,Sports,102.64,3,0
ORD001841,U02766,S009663,2023-08-26,DE,iOS,control,Sports,261.01,2,0
ORD001842,U02766,S009664,2023-06-13,DE,iOS,variant,Electronics,125.15,6,1
ORD001843,U02767,S009667,2023-08-09,PL,Android,variant,Home & Garden,192.92,2,1
ORD001844,U02767,S009668,2023-06-16,PL,Android,variant,Electronics,147.0,2,1
ORD001845,U02768,S009671,2023-08-13,RO,Android,variant,Electronics,39.48,5,0
ORD001846,U02769,S009676,2023-07-30,DE,iOS,variant,Beauty,214.21,5,0
ORD001847,U02771,S009686,2023-08-15,DE,Android,variant,Fashion,174.42,3,0
ORD001848,U02775,S009697,2023-06-25,DE,iOS,control,Electronics,151.37,1,0
ORD001849,U02776,S009699,2023-07-07,RO,Android,variant,Fashion,170.96,3,0
ORD001850,U02779,S009709,2023-08-02,DE,Android,variant,Sports,52.68,1,0
ORD001851,U02779,S009710,2023-06-30,DE,Android,variant,Electronics,19.37,3,0
ORD001852,U02779,S009712,2023-06-25,DE,Android,control,Electronics,119.99,3,0
ORD001853,U02780,S009714,2023-07-28,DE,Android,control,Beauty,52.98,2,0
ORD001854,U02781,S009718,2023-06-15,CZ,Android,control,Sports,90.88,4,1
ORD001855,U02781,S009720,2023-07-02,CZ,Android,variant,Home & Garden,253.78,4,0
ORD001856,U02782,S009723,2023-08-02,PL,Android,variant,Electronics,126.89,4,0
ORD001857,U02784,S009729,2023-07-27,DE,iOS,variant,Beauty,276.69,5,0
ORD001858,U02784,S009730,2023-06-15,DE,iOS,control,Sports,196.16,5,0
ORD001859,U02788,S009743,2023-08-03,PL,iOS,variant,Home & Garden,227.14,6,0
ORD001860,U02789,S009748,2023-06-20,DE,iOS,variant,Fashion,172.49,3,0
ORD001861,U02790,S009751,2023-08-26,PL,Android,variant,Sports,162.92,3,0
ORD001862,U02793,S009761,2023-08-25,SK,Android,variant,Fashion,110.01,3,0
ORD001863,U02795,S009769,2023-06-05,DE,iOS,control,Fashion,155.34,3,0
ORD001864,U02795,S009770,2023-06-02,DE,iOS,variant,Electronics,164.53,5,0
ORD001865,U02795,S009771,2023-06-18,DE,iOS,variant,Sports,63.59,6,0
ORD001866,U02796,S009773,2023-06-01,SK,iOS,variant,Fashion,20.72,6,1
ORD001867,U02797,S009779,2023-06-23,DE,Android,variant,Sports,269.18,2,0
ORD001868,U02800,S009791,2023-07-04,DE,iOS,control,Electronics,273.92,2,1
ORD001869,U02801,S009793,2023-07-09,SK,Android,variant,Fashion,278.74,4,0
ORD001870,U02802,S009796,2023-08-03,PL,iOS,control,Electronics,92.78,4,0
ORD001871,U02803,S009800,2023-07-12,DE,Android,control,Home & Garden,193.33,2,0
ORD001872,U02805,S009807,2023-07-17,PL,Android,control,Sports,269.22,1,0
ORD001873,U02806,S009808,2023-08-01,CZ,Android,control,Fashion,283.43,1,0
ORD001874,U02808,S009816,2023-07-07,DE,Android,variant,Home & Garden,245.9,4,0
ORD001875,U02808,S009817,2023-07-01,DE,Android,variant,Beauty,228.06,2,0
ORD001876,U02808,S009820,2023-06-07,DE,Android,control,Home & Garden,35.09,4,0
ORD001877,U02811,S009831,2023-07-08,DE,iOS,control,Electronics,112.8,4,1
ORD001878,U02812,S009833,2023-08-02,DE,Android,variant,Electronics,50.62,2,0
ORD001879,U02813,S009836,2023-08-09,DE,Android,variant,Home & Garden,53.6,1,0
ORD001880,U02813,S009837,2023-08-06,DE,Android,variant,Electronics,92.85,6,0
ORD001881,U02814,S009841,2023-07-22,SK,Android,control,Sports,16.0,3,0
ORD001882,U02815,S009842,2023-07-22,DE,Android,control,Beauty,298.29,2,0
ORD001883,U02816,S009847,2023-08-09,SK,iOS,control,Home & Garden,151.24,4,0
ORD001884,U02818,S009857,2023-08-17,DE,iOS,control,Sports,94.41,5,0
ORD001885,U02820,S009863,2023-07-16,PL,Android,control,Fashion,152.22,3,0
ORD001886,U02823,S009871,2023-06-28,DE,Android,variant,Fashion,169.06,2,0
ORD001887,U02824,S009876,2023-08-16,CZ,Android,control,Home & Garden,181.16,5,0
ORD001888,U02825,S009878,2023-07-21,DE,iOS,control,Sports,39.82,5,0
ORD001889,U02827,S009887,2023-07-25,PL,iOS,control,Home & Garden,266.0,5,0
ORD001890,U02830,S009896,2023-07-14,RO,iOS,control,Fashion,136.43,5,1
ORD001891,U02831,S009900,2023-08-26,CZ,iOS,variant,Home & Garden,261.44,3,1
ORD001892,U02833,S009907,2023-08-26,CZ,Android,control,Sports,57.15,5,0
ORD001893,U02834,S009909,2023-06-10,PL,Android,control,Electronics,26.29,3,0
ORD001894,U02835,S009912,2023-06-13,DE,iOS,variant,Home & Garden,115.78,4,0
ORD001895,U02835,S009915,2023-08-05,DE,iOS,variant,Beauty,50.08,5,0
ORD001896,U02839,S009930,2023-08-10,PL,Android,variant,Sports,140.15,5,0
ORD001897,U02841,S009934,2023-06-17,DE,iOS,variant,Fashion,133.4,4,0
ORD001898,U02842,S009941,2023-08-25,PL,iOS,variant,Fashion,47.0,6,0
ORD001899,U02843,S009944,2023-08-07,RO,Android,control,Home & Garden,256.46,2,0
ORD001900,U02846,S009950,2023-08-09,DE,iOS,variant,Fashion,273.98,2,1
ORD001901,U02847,S009952,2023-07-21,DE,Android,control,Sports,19.37,2,0
ORD001902,U02847,S009953,2023-07-13,DE,Android,variant,Fashion,98.54,5,0
ORD001903,U02849,S009961,2023-08-06,PL,Android,variant,Beauty,285.32,6,0
ORD001904,U02849,S009962,2023-08-14,PL,Android,control,Fashion,70.04,5,1
ORD001905,U02850,S009964,2023-08-08,DE,iOS,control,Sports,202.07,5,0
ORD001906,U02852,S009967,2023-07-08,RO,iOS,control,Electronics,232.22,4,0
ORD001907,U02853,S009974,2023-08-13,PL,Android,variant,Beauty,51.57,1,0
ORD001908,U02854,S009976,2023-08-29,PL,Android,variant,Fashion,138.69,1,0
ORD001909,U02857,S009986,2023-06-05,PL,iOS,control,Sports,95.55,6,0
ORD001910,U02858,S009988,2023-07-16,DE,iOS,variant,Beauty,235.47,3,0
ORD001911,U02859,S009993,2023-08-01,PL,Android,variant,Sports,273.39,1,0
ORD001912,U02859,S009995,2023-08-10,PL,Android,variant,Fashion,17.64,3,0
ORD001913,U02860,S009997,2023-07-08,DE,Android,variant,Fashion,176.89,4,1
ORD001914,U02861,S010002,2023-08-21,SK,Android,control,Electronics,240.34,2,0
ORD001915,U02862,S010004,2023-07-12,PL,Android,variant,Home & Garden,62.79,2,0
ORD001916,U02862,S010005,2023-07-11,PL,Android,control,Sports,181.47,4,0
ORD001917,U02863,S010007,2023-08-07,CZ,Android,control,Home & Garden,220.12,4,1
ORD001918,U02866,S010018,2023-06-12,PL,iOS,control,Beauty,102.08,5,0
ORD001919,U02868,S010024,2023-06-24,DE,iOS,variant,Electronics,165.04,1,0
ORD001920,U02871,S010035,2023-06-29,DE,Android,control,Sports,72.37,5,0
ORD001921,U02872,S010039,2023-06-22,PL,iOS,control,Sports,132.18,2,0
ORD001922,U02873,S010042,2023-06-14,CZ,Android,variant,Electronics,291.91,1,0
ORD001923,U02873,S010043,2023-07-06,CZ,Android,variant,Home & Garden,235.64,2,0
ORD001924,U02881,S010071,2023-08-25,CZ,iOS,control,Fashion,285.0,6,0
ORD001925,U02888,S010096,2023-07-22,PL,Android,control,Electronics,205.02,5,0
ORD001926,U02889,S010098,2023-06-01,DE,Android,variant,Fashion,167.14,5,0
ORD001927,U02891,S010104,2023-08-25,DE,Android,variant,Home & Garden,121.3,4,0
ORD001928,U02891,S010105,2023-07-07,DE,Android,control,Sports,59.45,2,0
ORD001929,U02892,S010109,2023-06-05,DE,Android,variant,Fashion,215.45,6,0
ORD001930,U02892,S010110,2023-06-10,DE,Android,variant,Fashion,26.24,3,1
ORD001931,U02892,S010111,2023-08-02,DE,Android,variant,Electronics,54.22,5,0
ORD001932,U02895,S010118,2023-06-19,DE,iOS,control,Sports,176.62,2,0
ORD001933,U02895,S010121,2023-06-16,DE,iOS,control,Fashion,250.87,5,0
ORD001934,U02895,S010122,2023-08-11,DE,iOS,variant,Fashion,190.76,6,0
ORD001935,U02897,S010129,2023-07-07,CZ,iOS,variant,Home & Garden,89.4,3,1
ORD001936,U02899,S010135,2023-07-10,DE,Android,variant,Home & Garden,218.12,4,0
ORD001937,U02899,S010139,2023-08-10,DE,Android,control,Electronics,202.33,3,1
ORD001938,U02900,S010140,2023-06-26,RO,iOS,variant,Electronics,129.66,3,0
ORD001939,U02902,S010148,2023-07-07,CZ,Android,variant,Sports,89.72,4,0
ORD001940,U02904,S010154,2023-07-09,RO,iOS,variant,Sports,294.92,2,1
ORD001941,U02905,S010159,2023-08-20,RO,iOS,control,Fashion,202.46,1,0
ORD001942,U02906,S010163,2023-07-23,DE,Android,variant,Sports,264.74,4,0
ORD001943,U02907,S010166,2023-06-11,CZ,Android,variant,Beauty,198.94,5,0
ORD001944,U02909,S010175,2023-08-07,DE,Android,control,Fashion,170.62,6,0
ORD001945,U02910,S010180,2023-07-07,DE,Android,variant,Beauty,289.21,3,0
ORD001946,U02915,S010195,2023-07-16,DE,Android,control,Sports,257.79,5,0
ORD001947,U02917,S010203,2023-06-06,DE,iOS,control,Fashion,167.0,5,0
ORD001948,U02918,S010206,2023-06-30,PL,Android,control,Home & Garden,54.4,1,0
ORD001949,U02920,S010214,2023-06-19,DE,Android,variant,Fashion,203.62,5,1
ORD001950,U02923,S010222,2023-08-26,DE,iOS,variant,Sports,207.28,3,0
ORD001951,U02924,S010227,2023-08-05,RO,iOS,variant,Sports,55.08,3,0
ORD001952,U02927,S010234,2023-06-07,RO,iOS,control,Electronics,45.39,1,0
ORD001953,U02929,S010243,2023-06-29,PL,iOS,variant,Fashion,56.06,1,0
ORD001954,U02931,S010247,2023-08-04,SK,iOS,control,Electronics,200.93,1,0
ORD001955,U02931,S010250,2023-06-01,SK,iOS,variant,Home & Garden,254.2,6,0
ORD001956,U02932,S010251,2023-06-14,CZ,Android,variant,Fashion,104.21,4,1
ORD001957,U02933,S010256,2023-06-10,CZ,Android,variant,Fashion,236.69,5,0
ORD001958,U02934,S010258,2023-08-08,DE,Android,variant,Fashion,15.15,1,0
ORD001959,U02935,S010260,2023-06-14,DE,Android,control,Beauty,184.8,4,0
ORD001960,U02935,S010261,2023-06-22,DE,Android,control,Sports,271.45,2,0
ORD001961,U02936,S010265,2023-06-12,CZ,Android,variant,Home & Garden,253.84,5,0
ORD001962,U02938,S010269,2023-07-28,PL,Android,control,Beauty,134.39,5,0
ORD001963,U02938,S010271,2023-07-20,PL,Android,control,Fashion,143.85,6,0
ORD001964,U02938,S010272,2023-08-25,PL,Android,control,Home & Garden,126.53,5,0
ORD001965,U02939,S010275,2023-08-27,DE,Android,control,Beauty,192.39,6,0
ORD001966,U02940,S010277,2023-07-24,CZ,Android,variant,Electronics,258.71,2,0
ORD001967,U02942,S010288,2023-06-28,PL,Android,control,Electronics,217.62,4,0
ORD001968,U02942,S010290,2023-06-15,PL,Android,variant,Home & Garden,171.06,1,0
ORD001969,U02943,S010292,2023-07-18,DE,Android,variant,Home & Garden,20.98,4,0
ORD001970,U02943,S010294,2023-07-05,DE,Android,variant,Electronics,215.32,3,0
ORD001971,U02946,S010300,2023-08-01,CZ,iOS,variant,Sports,284.79,4,0
ORD001972,U02947,S010303,2023-06-05,PL,iOS,control,Electronics,263.76,5,0
ORD001973,U02950,S010312,2023-06-28,PL,Android,control,Electronics,14.25,2,0
ORD001974,U02951,S010317,2023-07-17,PL,Android,control,Sports,96.79,5,1
ORD001975,U02952,S010318,2023-08-09,DE,Android,variant,Sports,18.07,3,0
ORD001976,U02954,S010326,2023-06-11,DE,Android,control,Sports,187.83,1,0
ORD001977,U02957,S010336,2023-06-03,PL,Android,control,Fashion,142.86,2,0
ORD001978,U02963,S010352,2023-07-19,DE,Android,variant,Home & Garden,55.9,5,0
ORD001979,U02963,S010356,2023-07-24,DE,Android,variant,Beauty,115.75,2,0
ORD001980,U02964,S010357,2023-07-17,DE,Android,control,Beauty,161.41,4,1
ORD001981,U02965,S010361,2023-06-24,DE,Android,control,Home & Garden,181.69,4,0
ORD001982,U02965,S010363,2023-08-11,DE,Android,variant,Beauty,53.35,5,1
ORD001983,U02966,S010366,2023-08-18,RO,iOS,variant,Home & Garden,299.35,2,0
ORD001984,U02969,S010378,2023-08-19,DE,Android,control,Home & Garden,115.32,2,0
ORD001985,U02973,S010386,2023-06-24,DE,iOS,variant,Sports,141.81,3,0
ORD001986,U02973,S010389,2023-08-10,DE,iOS,variant,Beauty,172.52,4,0
ORD001987,U02975,S010396,2023-07-06,PL,iOS,variant,Fashion,32.16,6,0
ORD001988,U02978,S010404,2023-08-07,DE,Android,variant,Electronics,99.19,1,0
ORD001989,U02978,S010406,2023-06-21,DE,Android,variant,Electronics,249.32,2,0
ORD001990,U02981,S010413,2023-06-09,PL,iOS,control,Sports,24.97,4,0
ORD001991,U02982,S010416,2023-06-08,PL,Android,variant,Electronics,37.05,4,0
ORD001992,U02983,S010423,2023-08-09,PL,iOS,variant,Beauty,259.06,6,0
ORD001993,U02986,S010430,2023-07-29,CZ,Android,variant,Fashion,56.83,3,0
ORD001994,U02989,S010439,2023-07-06,CZ,Android,control,Fashion,111.01,1,0
ORD001995,U02990,S010444,2023-07-05,DE,Android,variant,Beauty,123.21,2,0
ORD001996,U02994,S010457,2023-07-12,RO,Android,control,Beauty,52.22,2,0
ORD001997,U02994,S010460,2023-07-01,RO,Android,variant,Electronics,53.14,4,1
ORD001998,U02995,S010461,2023-07-25,PL,iOS,variant,Fashion,117.38,3,0
ORD001999,U02996,S010467,2023-06-20,PL,Android,variant,Sports,81.86,6,0
ORD002000,U02999,S010478,2023-07-14,SK,Android,control,Sports,261.13,2,1
ORD002001,U03002,S010490,2023-07-17,CZ,Android,variant,Electronics,62.3,2,0
ORD002002,U03002,S010491,2023-07-22,CZ,Android,control,Beauty,128.28,5,0
ORD002003,U03002,S010494,2023-08-16,CZ,Android,control,Home & Garden,125.51,6,0
ORD002004,U03003,S010497,2023-08-22,PL,iOS,variant,Beauty,78.38,6,0
ORD002005,U03003,S010498,2023-07-24,PL,iOS,variant,Fashion,11.33,2,0
ORD002006,U03004,S010500,2023-08-24,DE,Android,variant,Home & Garden,130.36,5,0
ORD002007,U03004,S010501,2023-08-03,DE,Android,variant,Home & Garden,258.77,6,0
ORD002008,U03006,S010510,2023-06-24,RO,Android,variant,Beauty,244.29,5,0
ORD002009,U03007,S010511,2023-06-21,DE,Android,variant,Beauty,85.77,1,0
ORD002010,U03008,S010515,2023-07-16,PL,iOS,control,Beauty,11.98,2,0
ORD002011,U03008,S010516,2023-08-03,PL,iOS,control,Sports,266.59,2,1
ORD002012,U03008,S010517,2023-06-01,PL,iOS,control,Electronics,229.11,6,0
ORD002013,U03009,S010523,2023-06-26,DE,iOS,variant,Home & Garden,125.72,3,0
ORD002014,U03012,S010532,2023-06-10,DE,iOS,variant,Fashion,36.88,2,0
ORD002015,U03012,S010533,2023-06-22,DE,iOS,variant,Beauty,267.86,4,1
ORD002016,U03013,S010536,2023-07-23,CZ,Android,control,Beauty,17.79,6,0
ORD002017,U03013,S010537,2023-07-10,CZ,Android,control,Electronics,86.89,5,0
ORD002018,U03014,S010540,2023-08-16,PL,iOS,variant,Fashion,23.18,6,0
ORD002019,U03016,S010548,2023-07-06,CZ,Android,control,Home & Garden,158.77,5,0
ORD002020,U03016,S010549,2023-06-13,CZ,Android,control,Fashion,233.72,5,0
ORD002021,U03017,S010552,2023-06-26,DE,Android,variant,Electronics,264.03,2,0
ORD002022,U03017,S010554,2023-08-25,DE,Android,variant,Fashion,130.23,5,0
ORD002023,U03020,S010563,2023-07-14,DE,Android,variant,Beauty,264.82,4,0
ORD002024,U03022,S010567,2023-08-06,DE,Android,variant,Fashion,43.08,6,0
ORD002025,U03022,S010568,2023-07-15,DE,Android,control,Electronics,198.48,3,0
ORD002026,U03024,S010574,2023-06-19,DE,Android,variant,Sports,51.76,5,0
ORD002027,U03025,S010577,2023-06-03,PL,Android,control,Beauty,178.46,2,0
ORD002028,U03026,S010578,2023-06-22,PL,Android,variant,Sports,145.43,2,0
ORD002029,U03026,S010579,2023-08-09,PL,Android,control,Sports,175.61,2,1
ORD002030,U03026,S010580,2023-07-11,PL,Android,variant,Home & Garden,278.32,5,0
ORD002031,U03027,S010583,2023-06-27,DE,Android,control,Beauty,117.78,2,0
ORD002032,U03028,S010587,2023-07-08,PL,Android,control,Home & Garden,248.82,4,0
ORD002033,U03031,S010596,2023-08-13,DE,iOS,variant,Sports,22.5,6,0
ORD002034,U03031,S010598,2023-06-05,DE,iOS,variant,Fashion,208.94,5,0
ORD002035,U03032,S010601,2023-06-01,CZ,iOS,control,Home & Garden,263.69,6,0
ORD002036,U03034,S010607,2023-07-28,SK,Android,variant,Fashion,295.28,6,0
ORD002037,U03037,S010616,2023-08-02,DE,Android,control,Beauty,198.79,6,0
ORD002038,U03037,S010618,2023-07-09,DE,Android,variant,Sports,171.12,3,0
ORD002039,U03038,S010622,2023-08-01,DE,Android,variant,Electronics,291.81,3,0
ORD002040,U03039,S010626,2023-08-05,CZ,iOS,variant,Beauty,285.55,5,0
ORD002041,U03052,S010673,2023-07-02,PL,Android,variant,Sports,27.82,1,0
ORD002042,U03053,S010677,2023-06-06,RO,iOS,variant,Beauty,91.39,3,0
ORD002043,U03053,S010678,2023-07-21,RO,iOS,control,Fashion,87.63,4,0
ORD002044,U03053,S010679,2023-06-17,RO,iOS,control,Sports,13.91,2,0
ORD002045,U03053,S010680,2023-08-09,RO,iOS,control,Electronics,215.24,4,0
ORD002046,U03055,S010686,2023-07-11,CZ,Android,variant,Fashion,161.71,2,0
ORD002047,U03055,S010688,2023-07-19,CZ,Android,control,Fashion,82.18,3,0
ORD002048,U03058,S010700,2023-08-01,PL,iOS,control,Home & Garden,14.75,5,0
ORD002049,U03060,S010708,2023-06-13,DE,iOS,control,Beauty,255.66,2,0
ORD002050,U03060,S010710,2023-08-07,DE,iOS,variant,Beauty,68.36,1,0
ORD002051,U03061,S010714,2023-08-14,CZ,Android,variant,Sports,137.61,4,0
ORD002052,U03063,S010722,2023-07-12,DE,Android,control,Beauty,175.33,2,0
ORD002053,U03064,S010724,2023-08-13,PL,Android,control,Sports,60.74,5,0
ORD002054,U03064,S010727,2023-07-30,PL,Android,control,Electronics,204.97,2,0
ORD002055,U03065,S010730,2023-07-18,PL,Android,variant,Sports,228.94,3,0
ORD002056,U03065,S010732,2023-08-10,PL,Android,variant,Electronics,58.82,5,0
ORD002057,U03066,S010733,2023-06-19,DE,Android,control,Sports,270.08,6,0
ORD002058,U03069,S010743,2023-08-06,SK,iOS,variant,Sports,250.35,5,1
ORD002059,U03072,S010750,2023-08-14,DE,Android,variant,Electronics,32.17,5,0
ORD002060,U03075,S010759,2023-06-23,SK,Android,variant,Electronics,11.86,6,0
ORD002061,U03077,S010764,2023-07-22,RO,iOS,control,Home & Garden,176.65,3,0
ORD002062,U03080,S010773,2023-08-14,PL,iOS,variant,Fashion,180.68,4,0
ORD002063,U03081,S010775,2023-08-18,DE,Android,variant,Fashion,266.06,6,0
ORD002064,U03082,S010779,2023-07-12,RO,Android,variant,Sports,23.94,6,1
ORD002065,U03083,S010781,2023-07-19,DE,iOS,variant,Home & Garden,267.74,6,0
ORD002066,U03083,S010782,2023-07-08,DE,iOS,variant,Beauty,35.11,5,0
ORD002067,U03084,S010784,2023-06-24,DE,Android,control,Sports,199.4,1,0
ORD002068,U03087,S010799,2023-06-02,DE,Android,variant,Home & Garden,193.27,1,0
ORD002069,U03087,S010800,2023-06-02,DE,Android,variant,Fashion,217.29,3,1
ORD002070,U03087,S010802,2023-08-16,DE,Android,control,Home & Garden,58.8,2,1
ORD002071,U03088,S010808,2023-07-01,CZ,iOS,control,Electronics,245.64,2,0
ORD002072,U03089,S010809,2023-07-31,DE,iOS,variant,Home & Garden,83.63,2,0
ORD002073,U03092,S010817,2023-07-06,DE,iOS,variant,Beauty,274.65,4,0
ORD002074,U03092,S010818,2023-06-09,DE,iOS,control,Beauty,208.27,6,0
ORD002075,U03094,S010826,2023-07-11,CZ,Android,variant,Beauty,129.13,4,0
ORD002076,U03095,S010829,2023-06-16,DE,Android,control,Fashion,28.97,2,0
ORD002077,U03096,S010831,2023-07-30,PL,Android,control,Home & Garden,296.5,4,0
ORD002078,U03097,S010836,2023-06-23,CZ,iOS,control,Beauty,158.49,4,0
ORD002079,U03097,S010837,2023-07-02,CZ,iOS,control,Sports,240.14,1,0
ORD002080,U03097,S010839,2023-06-05,CZ,iOS,control,Beauty,204.5,4,0
ORD002081,U03099,S010846,2023-07-06,DE,Android,control,Electronics,99.41,6,1
ORD002082,U03100,S010851,2023-06-24,DE,iOS,control,Fashion,13.42,4,0
ORD002083,U03100,S010852,2023-06-15,DE,iOS,control,Fashion,152.63,4,0
ORD002084,U03101,S010854,2023-06-08,DE,Android,variant,Fashion,92.88,1,0
ORD002085,U03102,S010860,2023-06-26,RO,iOS,variant,Fashion,66.0,4,0
ORD002086,U03104,S010866,2023-06-22,DE,Android,control,Fashion,47.97,5,1
ORD002087,U03107,S010875,2023-06-29,DE,iOS,variant,Home & Garden,288.22,5,0
ORD002088,U03109,S010881,2023-08-08,SK,Android,variant,Beauty,146.74,2,0
ORD002089,U03110,S010884,2023-08-27,PL,Android,variant,Fashion,66.5,5,0
ORD002090,U03110,S010886,2023-06-28,PL,Android,variant,Beauty,21.94,5,0
ORD002091,U03110,S010887,2023-06-02,PL,Android,control,Home & Garden,59.95,5,0
ORD002092,U03113,S010894,2023-07-17,DE,Android,control,Beauty,152.18,6,1
ORD002093,U03114,S010897,2023-07-20,PL,iOS,variant,Electronics,273.05,1,0
ORD002094,U03114,S010898,2023-07-06,PL,iOS,control,Electronics,188.62,6,0
ORD002095,U03117,S010906,2023-07-16,DE,Android,variant,Fashion,250.71,2,0
ORD002096,U03118,S010912,2023-08-03,SK,Android,variant,Home & Garden,253.58,4,0
ORD002097,U03119,S010916,2023-08-28,DE,Android,variant,Electronics,134.57,2,0
ORD002098,U03120,S010918,2023-08-06,DE,iOS,variant,Electronics,36.69,2,0
ORD002099,U03120,S010919,2023-06-13,DE,iOS,variant,Home & Garden,114.97,2,0
ORD002100,U03121,S010922,2023-07-31,RO,Android,variant,Home & Garden,149.87,3,1
ORD002101,U03123,S010929,2023-06-30,PL,iOS,variant,Sports,146.9,6,1
ORD002102,U03126,S010940,2023-06-18,DE,iOS,control,Electronics,250.62,2,0
ORD002103,U03129,S010948,2023-06-25,DE,Android,variant,Beauty,50.16,3,0
ORD002104,U03130,S010952,2023-07-22,CZ,iOS,variant,Fashion,97.62,1,0
ORD002105,U03132,S010960,2023-06-28,RO,iOS,variant,Fashion,194.48,2,0
ORD002106,U03133,S010963,2023-08-11,SK,iOS,variant,Home & Garden,266.39,4,0
ORD002107,U03134,S010967,2023-06-22,CZ,iOS,variant,Beauty,179.04,3,0
ORD002108,U03144,S011003,2023-08-04,RO,iOS,control,Electronics,291.86,5,0
ORD002109,U03146,S011009,2023-08-09,DE,Android,control,Sports,249.99,1,0
ORD002110,U03147,S011014,2023-08-09,DE,iOS,variant,Beauty,145.24,4,0
ORD002111,U03148,S011016,2023-07-21,DE,iOS,control,Fashion,91.84,4,1
ORD002112,U03149,S011022,2023-07-14,PL,Android,control,Beauty,82.71,2,0
ORD002113,U03150,S011025,2023-08-04,DE,iOS,variant,Electronics,51.95,3,0
ORD002114,U03150,S011027,2023-06-20,DE,iOS,control,Electronics,207.53,4,0
ORD002115,U03151,S011029,2023-08-29,DE,iOS,control,Fashion,230.43,6,0
ORD002116,U03151,S011030,2023-08-04,DE,iOS,control,Electronics,298.63,1,0
ORD002117,U03152,S011035,2023-07-07,RO,iOS,variant,Home & Garden,122.99,3,0
ORD002118,U03153,S011037,2023-07-29,RO,Android,variant,Home & Garden,256.36,4,0
ORD002119,U03154,S011041,2023-06-29,DE,Android,variant,Home & Garden,200.88,1,0
ORD002120,U03155,S011045,2023-06-23,DE,Android,variant,Sports,63.67,6,0
ORD002121,U03156,S011049,2023-08-21,RO,iOS,control,Home & Garden,279.64,5,0
ORD002122,U03156,S011050,2023-06-08,RO,iOS,control,Sports,20.94,6,0
ORD002123,U03161,S011066,2023-07-01,CZ,Android,variant,Home & Garden,235.97,2,1
ORD002124,U03161,S011067,2023-07-21,CZ,Android,control,Electronics,134.43,1,0
ORD002125,U03163,S011072,2023-08-16,DE,Android,variant,Home & Garden,238.94,6,0
ORD002126,U03166,S011084,2023-06-16,DE,Android,variant,Sports,258.29,2,1
ORD002127,U03166,S011085,2023-07-29,DE,Android,control,Sports,253.76,1,0
ORD002128,U03167,S011087,2023-08-08,SK,Android,variant,Fashion,62.1,3,1
ORD002129,U03172,S011104,2023-08-15,RO,Android,variant,Sports,69.8,6,0
ORD002130,U03172,S011106,2023-06-28,RO,Android,control,Electronics,119.38,4,0
ORD002131,U03173,S011109,2023-07-10,PL,iOS,variant,Sports,57.03,3,1
ORD002132,U03174,S011111,2023-07-04,PL,iOS,variant,Electronics,186.72,6,0
ORD002133,U03174,S011112,2023-06-13,PL,iOS,variant,Electronics,219.23,5,0
ORD002134,U03176,S011117,2023-07-22,CZ,Android,variant,Electronics,27.51,1,0
ORD002135,U03178,S011121,2023-08-28,DE,Android,control,Electronics,77.16,3,0
ORD002136,U03179,S011126,2023-06-23,DE,Android,variant,Home & Garden,131.8,1,0
ORD002137,U03181,S011132,2023-06-28,CZ,iOS,control,Beauty,242.31,1,0
ORD002138,U03183,S011138,2023-07-01,PL,Android,variant,Home & Garden,114.07,2,0
ORD002139,U03185,S011144,2023-06-05,PL,Android,variant,Beauty,277.58,6,0
ORD002140,U03186,S011149,2023-07-22,DE,Android,variant,Sports,99.92,3,0
ORD002141,U03186,S011151,2023-07-26,DE,Android,control,Home & Garden,236.51,6,0
ORD002142,U03187,S011157,2023-07-18,DE,Android,control,Beauty,171.07,1,0
ORD002143,U03189,S011164,2023-07-27,DE,Android,control,Sports,236.86,3,0
ORD002144,U03190,S011165,2023-08-04,PL,Android,control,Sports,73.61,5,0
ORD002145,U03190,S011168,2023-06-13,PL,Android,variant,Home & Garden,24.21,5,0
ORD002146,U03193,S011174,2023-08-05,CZ,Android,control,Home & Garden,113.59,4,0
ORD002147,U03194,S011179,2023-08-10,SK,Android,variant,Fashion,232.1,5,0
ORD002148,U03196,S011188,2023-08-11,DE,iOS,variant,Home & Garden,73.64,4,1
ORD002149,U03196,S011191,2023-07-07,DE,iOS,control,Sports,103.96,2,1
ORD002150,U03197,S011192,2023-07-31,PL,Android,control,Beauty,252.31,4,0
ORD002151,U03198,S011197,2023-07-07,CZ,Android,variant,Sports,17.03,2,0
ORD002152,U03199,S011203,2023-06-26,DE,Android,variant,Sports,101.17,1,0
ORD002153,U03199,S011204,2023-08-01,DE,Android,control,Electronics,201.62,4,0
ORD002154,U03200,S011206,2023-07-14,PL,Android,control,Beauty,183.23,4,1
ORD002155,U03203,S011220,2023-06-18,DE,Android,variant,Beauty,76.07,3,0
ORD002156,U03206,S011228,2023-06-11,CZ,Android,variant,Home & Garden,263.73,4,0
ORD002157,U03208,S011233,2023-07-22,SK,Android,control,Electronics,125.65,6,0
ORD002158,U03209,S011237,2023-08-01,DE,Android,control,Fashion,240.89,2,0
ORD002159,U03209,S011238,2023-08-02,DE,Android,control,Beauty,70.59,4,0
ORD002160,U03210,S011239,2023-08-02,PL,Android,control,Sports,220.39,5,0
ORD002161,U03210,S011240,2023-08-11,PL,Android,variant,Home & Garden,24.24,5,0
ORD002162,U03211,S011245,2023-07-23,SK,Android,variant,Sports,114.42,5,0
ORD002163,U03211,S011247,2023-08-16,SK,Android,variant,Sports,224.06,5,0
ORD002164,U03212,S011248,2023-08-26,DE,Android,control,Beauty,241.76,5,0
ORD002165,U03212,S011250,2023-06-29,DE,Android,variant,Beauty,83.52,3,1
ORD002166,U03213,S011251,2023-07-21,PL,Android,variant,Beauty,84.59,2,0
ORD002167,U03213,S011252,2023-06-23,PL,Android,control,Beauty,68.16,6,0
ORD002168,U03215,S011259,2023-08-02,CZ,Android,variant,Fashion,155.11,1,0
ORD002169,U03221,S011284,2023-06-08,SK,Android,variant,Sports,158.95,4,0
ORD002170,U03223,S011291,2023-07-25,CZ,iOS,variant,Sports,22.67,2,0
ORD002171,U03225,S011300,2023-06-27,SK,Android,control,Fashion,62.18,5,0
ORD002172,U03226,S011301,2023-08-12,PL,iOS,variant,Electronics,117.89,3,1
ORD002173,U03226,S011304,2023-07-04,PL,iOS,variant,Fashion,290.36,2,0
ORD002174,U03227,S011305,2023-07-15,DE,Android,variant,Fashion,299.1,1,0
ORD002175,U03227,S011306,2023-07-15,DE,Android,variant,Home & Garden,11.28,3,1
ORD002176,U03227,S011307,2023-07-18,DE,Android,variant,Home & Garden,44.21,3,0
ORD002177,U03227,S011308,2023-06-10,DE,Android,variant,Fashion,138.51,3,0
ORD002178,U03228,S011310,2023-08-22,PL,Android,variant,Home & Garden,16.72,2,0
ORD002179,U03228,S011313,2023-07-14,PL,Android,control,Home & Garden,244.78,3,0
ORD002180,U03229,S011316,2023-08-08,DE,iOS,variant,Home & Garden,244.9,3,0
ORD002181,U03230,S011323,2023-07-11,PL,iOS,control,Fashion,296.3,5,0
ORD002182,U03238,S011351,2023-07-04,CZ,Android,control,Home & Garden,256.52,1,0
ORD002183,U03239,S011356,2023-08-24,DE,iOS,variant,Electronics,12.95,4,0
ORD002184,U03240,S011360,2023-06-19,DE,Android,control,Beauty,180.3,1,0
ORD002185,U03240,S011361,2023-06-18,DE,Android,variant,Sports,167.76,4,0
ORD002186,U03241,S011362,2023-07-18,DE,Android,variant,Home & Garden,129.79,4,1
ORD002187,U03242,S011367,2023-06-10,CZ,Android,control,Electronics,210.18,5,0
ORD002188,U03243,S011370,2023-06-29,CZ,iOS,control,Sports,212.36,3,1
ORD002189,U03243,S011371,2023-06-10,CZ,iOS,control,Fashion,215.71,5,0
ORD002190,U03244,S011373,2023-07-25,PL,iOS,variant,Sports,26.36,2,0
ORD002191,U03246,S011384,2023-07-17,PL,iOS,variant,Fashion,215.28,3,0
ORD002192,U03247,S011387,2023-07-08,PL,iOS,variant,Electronics,19.88,2,0
ORD002193,U03248,S011390,2023-08-20,PL,Android,variant,Fashion,23.32,3,1
ORD002194,U03248,S011393,2023-07-29,PL,Android,variant,Beauty,284.4,2,0
ORD002195,U03250,S011399,2023-07-16,DE,Android,variant,Fashion,269.29,1,0
ORD002196,U03250,S011400,2023-07-03,DE,Android,variant,Sports,295.48,1,1
ORD002197,U03252,S011405,2023-07-20,DE,Android,control,Home & Garden,260.0,4,1
ORD002198,U03252,S011406,2023-06-24,DE,Android,variant,Fashion,16.5,1,0
ORD002199,U03252,S011407,2023-06-01,DE,Android,control,Home & Garden,183.55,2,1
ORD002200,U03254,S011412,2023-07-31,CZ,iOS,variant,Home & Garden,58.34,2,0
ORD002201,U03258,S011423,2023-08-27,DE,Android,variant,Beauty,256.73,6,0
ORD002202,U03259,S011425,2023-06-08,DE,iOS,variant,Fashion,169.85,3,0
ORD002203,U03259,S011426,2023-06-18,DE,iOS,control,Beauty,105.53,3,0
ORD002204,U03260,S011428,2023-07-10,RO,Android,variant,Fashion,111.43,2,1
ORD002205,U03261,S011429,2023-07-07,DE,iOS,variant,Sports,255.61,2,0
ORD002206,U03262,S011436,2023-07-23,DE,Android,variant,Sports,295.4,3,0
ORD002207,U03264,S011441,2023-07-17,DE,Android,variant,Sports,114.6,6,1
ORD002208,U03265,S011444,2023-08-25,CZ,iOS,control,Beauty,14.06,1,0
ORD002209,U03267,S011451,2023-06-07,DE,iOS,control,Sports,83.2,5,0
ORD002210,U03269,S011456,2023-07-16,CZ,Android,control,Fashion,279.08,4,1
ORD002211,U03269,S011458,2023-08-28,CZ,Android,variant,Home & Garden,285.44,5,0
ORD002212,U03272,S011465,2023-06-02,PL,iOS,control,Beauty,169.9,3,0
ORD002213,U03273,S011470,2023-06-04,CZ,Android,variant,Beauty,141.45,6,0
ORD002214,U03274,S011471,2023-08-15,DE,iOS,variant,Fashion,124.4,3,0
ORD002215,U03276,S011477,2023-08-17,DE,iOS,control,Home & Garden,108.94,1,0
ORD002216,U03278,S011487,2023-07-12,SK,Android,variant,Beauty,34.63,3,0
ORD002217,U03279,S011489,2023-07-18,CZ,iOS,control,Fashion,147.3,3,0
ORD002218,U03281,S011497,2023-08-27,DE,iOS,control,Fashion,268.08,5,0
ORD002219,U03281,S011498,2023-08-26,DE,iOS,control,Fashion,141.81,4,0
ORD002220,U03283,S011504,2023-06-11,DE,Android,control,Home & Garden,24.57,2,0
ORD002221,U03284,S011507,2023-06-10,RO,iOS,variant,Electronics,55.55,6,0
ORD002222,U03286,S011513,2023-06-10,SK,Android,control,Beauty,256.99,5,0
ORD002223,U03289,S011526,2023-08-17,PL,iOS,control,Home & Garden,45.2,1,0
ORD002224,U03289,S011527,2023-06-09,PL,iOS,control,Electronics,193.76,6,0
ORD002225,U03290,S011530,2023-08-22,DE,iOS,control,Beauty,112.52,1,0
ORD002226,U03291,S011532,2023-08-28,CZ,Android,control,Sports,270.47,3,0
ORD002227,U03294,S011543,2023-08-02,DE,Android,control,Electronics,296.15,3,0
ORD002228,U03296,S011547,2023-07-12,PL,Android,control,Electronics,111.97,1,1
ORD002229,U03297,S011549,2023-06-25,DE,Android,control,Beauty,229.93,5,0
ORD002230,U03297,S011551,2023-06-03,DE,Android,variant,Sports,127.88,5,0
ORD002231,U03300,S011559,2023-06-03,DE,iOS,variant,Home & Garden,233.79,5,0
ORD002232,U03301,S011564,2023-06-09,CZ,Android,control,Electronics,260.24,2,0
ORD002233,U03302,S011569,2023-06-05,RO,iOS,variant,Electronics,186.42,1,0
ORD002234,U03305,S011575,2023-08-09,RO,iOS,control,Fashion,225.67,4,0
ORD002235,U03307,S011579,2023-06-07,DE,iOS,variant,Electronics,43.5,3,0
ORD002236,U03308,S011583,2023-06-30,RO,iOS,variant,Beauty,194.73,5,1
ORD002237,U03311,S011592,2023-06-14,DE,iOS,control,Home & Garden,102.18,6,0
ORD002238,U03311,S011593,2023-07-29,DE,iOS,control,Fashion,156.04,2,1
ORD002239,U03312,S011595,2023-07-09,PL,Android,control,Sports,198.19,2,0
ORD002240,U03313,S011598,2023-06-20,DE,iOS,control,Electronics,135.09,1,0
ORD002241,U03313,S011599,2023-08-07,DE,iOS,control,Electronics,26.04,2,0
ORD002242,U03313,S011601,2023-06-08,DE,iOS,variant,Electronics,15.04,5,0
ORD002243,U03315,S011606,2023-06-13,DE,Android,control,Electronics,37.98,2,0
ORD002244,U03317,S011610,2023-06-24,PL,iOS,variant,Sports,230.21,2,1
ORD002245,U03317,S011611,2023-07-11,PL,iOS,variant,Beauty,77.66,4,0
ORD002246,U03317,S011613,2023-08-01,PL,iOS,control,Fashion,231.64,4,0
ORD002247,U03318,S011614,2023-08-15,SK,iOS,control,Home & Garden,279.24,3,0
ORD002248,U03321,S011627,2023-06-18,DE,iOS,variant,Fashion,114.86,6,0
ORD002249,U03325,S011639,2023-06-21,CZ,iOS,variant,Electronics,29.5,4,1
ORD002250,U03325,S011642,2023-06-21,CZ,iOS,variant,Beauty,231.93,6,0
ORD002251,U03326,S011646,2023-06-08,RO,Android,variant,Sports,34.16,2,0
ORD002252,U03331,S011664,2023-07-08,SK,iOS,variant,Sports,148.47,3,0
ORD002253,U03331,S011666,2023-06-03,SK,iOS,control,Home & Garden,265.48,5,0
ORD002254,U03332,S011668,2023-07-02,SK,Android,control,Beauty,151.99,2,0
ORD002255,U03333,S011673,2023-06-24,PL,Android,variant,Home & Garden,256.5,6,0
ORD002256,U03336,S011686,2023-07-08,PL,Android,variant,Beauty,169.11,4,0
ORD002257,U03336,S011687,2023-06-10,PL,Android,variant,Fashion,78.75,2,0
ORD002258,U03337,S011691,2023-06-19,PL,Android,control,Home & Garden,83.66,3,0
ORD002259,U03339,S011698,2023-08-02,SK,iOS,control,Sports,211.62,3,0
ORD002260,U03339,S011699,2023-06-27,SK,iOS,control,Beauty,198.9,4,0
ORD002261,U03340,S011703,2023-06-14,PL,iOS,control,Home & Garden,97.68,3,1
ORD002262,U03343,S011709,2023-08-20,PL,iOS,variant,Electronics,85.13,1,0
ORD002263,U03343,S011711,2023-08-22,PL,iOS,control,Fashion,160.77,4,0
ORD002264,U03346,S011717,2023-06-29,RO,Android,control,Beauty,151.95,3,0
ORD002265,U03347,S011722,2023-07-07,DE,iOS,control,Electronics,109.58,5,0
ORD002266,U03352,S011739,2023-07-03,SK,iOS,control,Beauty,287.73,6,0
ORD002267,U03353,S011743,2023-08-12,DE,Android,variant,Electronics,154.75,6,0
ORD002268,U03354,S011747,2023-07-27,CZ,iOS,variant,Beauty,181.57,3,0
ORD002269,U03356,S011753,2023-06-18,DE,Android,variant,Home & Garden,250.35,3,0
ORD002270,U03357,S011755,2023-07-22,DE,Android,variant,Home & Garden,130.98,2,0
ORD002271,U03357,S011756,2023-08-14,DE,Android,variant,Sports,139.78,1,0
ORD002272,U03360,S011767,2023-07-31,CZ,Android,control,Electronics,167.96,6,0
ORD002273,U03365,S011781,2023-08-19,DE,Android,variant,Beauty,60.28,3,0
ORD002274,U03371,S011807,2023-06-16,DE,Android,control,Sports,31.09,3,0
ORD002275,U03373,S011815,2023-08-23,DE,Android,control,Home & Garden,54.08,1,0
ORD002276,U03375,S011818,2023-06-26,DE,Android,control,Home & Garden,90.73,2,1
ORD002277,U03375,S011821,2023-06-18,DE,Android,control,Electronics,132.8,5,0
ORD002278,U03376,S011823,2023-08-24,CZ,Android,variant,Fashion,266.93,5,1
ORD002279,U03378,S011829,2023-08-02,SK,Android,variant,Sports,146.16,1,0
ORD002280,U03379,S011833,2023-07-15,SK,Android,variant,Electronics,75.25,2,0
ORD002281,U03381,S011840,2023-08-13,DE,iOS,control,Sports,132.75,4,0
ORD002282,U03381,S011842,2023-06-26,DE,iOS,control,Fashion,112.26,1,1
ORD002283,U03388,S011861,2023-08-20,DE,iOS,variant,Home & Garden,135.45,1,0
ORD002284,U03388,S011864,2023-07-02,DE,iOS,control,Sports,119.73,4,0
ORD002285,U03389,S011865,2023-06-25,CZ,Android,control,Electronics,68.26,6,0
ORD002286,U03389,S011867,2023-08-17,CZ,Android,control,Fashion,82.51,6,0
ORD002287,U03390,S011868,2023-07-29,CZ,Android,variant,Beauty,175.21,3,0
ORD002288,U03390,S011869,2023-08-17,CZ,Android,variant,Fashion,137.5,1,0
ORD002289,U03392,S011876,2023-07-31,PL,iOS,control,Electronics,250.88,6,0
ORD002290,U03393,S011879,2023-06-12,PL,Android,control,Sports,11.96,4,0
ORD002291,U03394,S011882,2023-07-31,CZ,Android,variant,Beauty,182.68,5,1
ORD002292,U03396,S011890,2023-07-18,RO,Android,variant,Beauty,159.08,5,1
ORD002293,U03398,S011897,2023-07-21,PL,Android,variant,Beauty,271.57,5,0
ORD002294,U03401,S011906,2023-07-08,PL,iOS,control,Electronics,103.44,6,0
ORD002295,U03403,S011912,2023-08-26,CZ,iOS,control,Beauty,270.72,3,0
ORD002296,U03404,S011916,2023-06-02,CZ,Android,control,Electronics,69.31,1,0
ORD002297,U03407,S011924,2023-06-26,PL,Android,control,Sports,266.38,2,1
ORD002298,U03407,S011925,2023-08-26,PL,Android,variant,Sports,160.57,1,0
ORD002299,U03408,S011930,2023-08-06,DE,Android,control,Electronics,168.25,4,0
ORD002300,U03408,S011931,2023-06-26,DE,Android,variant,Beauty,133.82,2,0
ORD002301,U03408,S011933,2023-07-18,DE,Android,variant,Beauty,79.86,3,0
ORD002302,U03412,S011944,2023-06-11,PL,Android,variant,Sports,151.2,4,0
ORD002303,U03413,S011947,2023-06-23,RO,Android,control,Fashion,110.7,1,0
ORD002304,U03414,S011951,2023-06-27,PL,Android,variant,Beauty,255.05,1,0
ORD002305,U03415,S011954,2023-08-05,PL,iOS,variant,Electronics,73.86,2,0
ORD002306,U03415,S011956,2023-08-16,PL,iOS,variant,Beauty,91.08,1,1
ORD002307,U03416,S011958,2023-08-19,DE,iOS,variant,Beauty,62.24,6,1
ORD002308,U03418,S011969,2023-08-05,DE,Android,control,Electronics,123.23,3,0
ORD002309,U03419,S011971,2023-08-12,DE,Android,variant,Electronics,231.27,3,1
ORD002310,U03421,S011979,2023-07-31,PL,Android,variant,Home & Garden,122.26,4,0
ORD002311,U03422,S011982,2023-06-21,DE,iOS,control,Sports,105.02,6,0
ORD002312,U03422,S011983,2023-07-05,DE,iOS,variant,Beauty,92.95,1,0
ORD002313,U03425,S011993,2023-08-19,PL,Android,control,Electronics,241.51,5,1
ORD002314,U03430,S012010,2023-06-06,PL,Android,variant,Beauty,68.82,5,0
ORD002315,U03430,S012011,2023-06-25,PL,Android,variant,Beauty,258.89,2,1
ORD002316,U03431,S012014,2023-08-01,DE,Android,control,Sports,232.2,5,1
ORD002317,U03432,S012020,2023-06-13,PL,iOS,variant,Home & Garden,88.69,5,1
ORD002318,U03432,S012021,2023-06-14,PL,iOS,variant,Fashion,39.96,2,0
ORD002319,U03433,S012022,2023-06-14,PL,iOS,control,Sports,114.33,6,0
ORD002320,U03434,S012024,2023-07-26,RO,iOS,control,Home & Garden,141.92,3,1
ORD002321,U03434,S012025,2023-07-29,RO,iOS,control,Beauty,55.63,1,0
ORD002322,U03436,S012029,2023-06-26,CZ,Android,variant,Electronics,275.98,1,0
ORD002323,U03436,S012030,2023-07-09,CZ,Android,control,Fashion,263.02,1,0
ORD002324,U03437,S012034,2023-08-27,PL,iOS,variant,Home & Garden,205.91,6,1
ORD002325,U03438,S012038,2023-07-14,CZ,iOS,control,Fashion,52.17,6,0
ORD002326,U03438,S012041,2023-07-11,CZ,iOS,variant,Electronics,59.17,6,0
ORD002327,U03439,S012046,2023-07-17,DE,iOS,control,Sports,139.87,5,1
ORD002328,U03439,S012047,2023-08-20,DE,iOS,control,Sports,128.5,2,0
ORD002329,U03442,S012059,2023-08-19,PL,Android,control,Sports,112.94,6,0
ORD002330,U03444,S012063,2023-07-08,DE,Android,control,Beauty,184.41,5,0
ORD002331,U03446,S012071,2023-06-26,DE,Android,control,Fashion,270.29,6,0
ORD002332,U03447,S012076,2023-06-16,DE,Android,variant,Electronics,123.05,5,0
ORD002333,U03450,S012088,2023-07-30,PL,iOS,variant,Beauty,212.05,5,1
ORD002334,U03451,S012091,2023-06-05,DE,Android,variant,Electronics,25.12,6,0
ORD002335,U03451,S012092,2023-08-15,DE,Android,variant,Fashion,200.77,2,0
ORD002336,U03452,S012093,2023-06-25,DE,iOS,control,Beauty,241.39,4,0
ORD002337,U03453,S012097,2023-08-18,DE,Android,control,Fashion,176.95,5,0
ORD002338,U03453,S012098,2023-08-12,DE,Android,variant,Home & Garden,33.2,4,0
ORD002339,U03456,S012106,2023-07-08,DE,Android,variant,Electronics,86.21,3,0
ORD002340,U03456,S012107,2023-08-16,DE,Android,control,Beauty,91.72,3,0
ORD002341,U03457,S012108,2023-06-08,CZ,Android,variant,Electronics,156.19,2,0
ORD002342,U03457,S012109,2023-06-01,CZ,Android,variant,Home & Garden,199.7,5,0
ORD002343,U03458,S012110,2023-06-12,CZ,iOS,control,Electronics,114.45,5,0
ORD002344,U03464,S012127,2023-08-02,PL,Android,control,Electronics,245.01,4,0
ORD002345,U03465,S012129,2023-08-04,CZ,iOS,control,Electronics,258.43,3,0
ORD002346,U03465,S012130,2023-06-15,CZ,iOS,control,Electronics,137.73,5,0
ORD002347,U03468,S012140,2023-07-19,RO,iOS,control,Electronics,233.14,2,1
ORD002348,U03470,S012147,2023-06-29,DE,Android,variant,Beauty,111.81,3,0
ORD002349,U03471,S012151,2023-08-22,DE,Android,control,Fashion,68.75,2,0
ORD002350,U03473,S012155,2023-07-29,DE,Android,variant,Beauty,299.07,3,0
ORD002351,U03473,S012156,2023-07-04,DE,Android,variant,Fashion,296.57,1,0
ORD002352,U03481,S012181,2023-08-02,CZ,Android,variant,Electronics,229.17,6,0
ORD002353,U03481,S012184,2023-06-02,CZ,Android,control,Home & Garden,97.0,5,0
ORD002354,U03483,S012188,2023-07-19,PL,iOS,variant,Electronics,56.0,6,0
ORD002355,U03484,S012189,2023-06-22,PL,Android,variant,Sports,107.41,2,0
ORD002356,U03485,S012195,2023-08-23,CZ,iOS,control,Electronics,146.84,3,0
ORD002357,U03486,S012196,2023-06-27,DE,iOS,control,Sports,288.97,3,0
ORD002358,U03491,S012208,2023-07-07,PL,iOS,control,Fashion,273.47,2,0
ORD002359,U03491,S012211,2023-08-03,PL,iOS,variant,Electronics,239.17,5,0
ORD002360,U03492,S012213,2023-06-26,CZ,Android,variant,Sports,115.29,2,0
ORD002361,U03493,S012221,2023-07-07,SK,Android,variant,Home & Garden,241.45,3,0
ORD002362,U03495,S012228,2023-07-13,DE,iOS,variant,Fashion,116.3,6,0
ORD002363,U03496,S012229,2023-06-26,DE,Android,control,Sports,166.61,4,0
ORD002364,U03499,S012240,2023-06-22,DE,Android,variant,Electronics,61.05,5,0
ORD002365,U03501,S012249,2023-08-02,CZ,Android,variant,Beauty,252.17,1,0
ORD002366,U03502,S012252,2023-08-05,RO,iOS,control,Sports,190.96,4,0
ORD002367,U03503,S012257,2023-08-22,DE,Android,control,Sports,54.8,4,0
ORD002368,U03508,S012274,2023-07-20,DE,Android,variant,Fashion,25.86,6,0
ORD002369,U03508,S012277,2023-08-14,DE,Android,variant,Electronics,47.32,3,0
ORD002370,U03513,S012287,2023-08-17,DE,Android,variant,Home & Garden,79.28,3,0
ORD002371,U03513,S012288,2023-07-11,DE,Android,variant,Home & Garden,118.89,6,0
ORD002372,U03513,S012290,2023-07-22,DE,Android,variant,Electronics,48.26,4,0
ORD002373,U03514,S012292,2023-08-20,PL,Android,variant,Beauty,132.67,3,0
ORD002374,U03516,S012300,2023-08-08,DE,Android,variant,Sports,36.11,1,0
ORD002375,U03518,S012308,2023-07-07,DE,iOS,variant,Electronics,123.89,3,1
ORD002376,U03519,S012313,2023-07-01,PL,Android,variant,Home & Garden,46.07,4,0
ORD002377,U03521,S012321,2023-06-22,DE,iOS,variant,Sports,91.61,1,1
ORD002378,U03523,S012328,2023-06-17,DE,Android,control,Fashion,56.63,2,0
ORD002379,U03528,S012343,2023-07-21,DE,Android,variant,Beauty,259.41,2,1
ORD002380,U03531,S012349,2023-06-13,DE,Android,control,Home & Garden,252.09,5,1
ORD002381,U03532,S012354,2023-06-30,SK,iOS,variant,Sports,197.94,3,0
ORD002382,U03534,S012363,2023-07-12,DE,Android,variant,Beauty,249.81,1,0
ORD002383,U03536,S012367,2023-07-06,DE,Android,variant,Electronics,85.36,6,1
ORD002384,U03539,S012381,2023-07-17,DE,Android,variant,Home & Garden,173.62,4,0
ORD002385,U03544,S012403,2023-07-23,SK,Android,control,Beauty,25.74,6,0
ORD002386,U03546,S012406,2023-07-10,CZ,iOS,variant,Fashion,184.21,5,0
ORD002387,U03549,S012417,2023-07-24,SK,Android,variant,Electronics,122.28,4,1
ORD002388,U03550,S012422,2023-07-31,DE,Android,control,Sports,63.5,3,0
ORD002389,U03550,S012423,2023-08-21,DE,Android,control,Home & Garden,58.51,1,0
ORD002390,U03552,S012428,2023-07-26,SK,Android,variant,Fashion,40.15,6,0
ORD002391,U03553,S012433,2023-08-23,CZ,Android,variant,Home & Garden,178.24,2,0
ORD002392,U03554,S012438,2023-08-18,DE,Android,variant,Beauty,85.04,1,0
ORD002393,U03555,S012440,2023-07-06,DE,Android,control,Electronics,278.28,5,0
ORD002394,U03556,S012444,2023-06-29,RO,Android,variant,Electronics,247.98,1,0
ORD002395,U03556,S012447,2023-07-17,RO,Android,control,Electronics,52.25,6,0
ORD002396,U03560,S012458,2023-08-11,PL,Android,variant,Beauty,72.25,1,1
ORD002397,U03560,S012460,2023-06-08,PL,Android,control,Electronics,220.84,2,1
ORD002398,U03561,S012466,2023-06-14,SK,iOS,control,Beauty,142.67,5,0
ORD002399,U03562,S012469,2023-06-02,DE,Android,variant,Home & Garden,222.38,3,0
ORD002400,U03563,S012470,2023-07-11,DE,Android,variant,Fashion,256.58,1,0
ORD002401,U03564,S012475,2023-06-12,SK,iOS,control,Fashion,13.19,5,0
ORD002402,U03564,S012477,2023-07-19,SK,iOS,variant,Electronics,282.52,6,0
ORD002403,U03565,S012478,2023-07-28,DE,iOS,control,Electronics,276.92,6,0
ORD002404,U03565,S012482,2023-07-26,DE,iOS,variant,Electronics,126.16,3,1
ORD002405,U03567,S012488,2023-07-20,SK,Android,control,Fashion,75.18,3,0
ORD002406,U03568,S012489,2023-06-23,PL,Android,control,Electronics,121.11,4,0
ORD002407,U03570,S012500,2023-08-07,DE,Android,control,Electronics,177.31,6,0
ORD002408,U03571,S012502,2023-07-23,PL,iOS,variant,Sports,44.89,5,0
ORD002409,U03573,S012508,2023-07-31,DE,Android,control,Electronics,50.51,3,0
ORD002410,U03574,S012509,2023-06-03,DE,iOS,variant,Electronics,199.78,1,0
ORD002411,U03574,S012511,2023-07-31,DE,iOS,variant,Fashion,294.98,4,0
ORD002412,U03576,S012517,2023-07-04,PL,Android,control,Fashion,72.38,1,0
ORD002413,U03576,S012519,2023-08-13,PL,Android,variant,Home & Garden,130.64,4,0
ORD002414,U03580,S012531,2023-06-02,DE,iOS,control,Fashion,147.09,4,0
ORD002415,U03580,S012532,2023-07-16,DE,iOS,control,Beauty,111.01,5,0
ORD002416,U03583,S012540,2023-07-09,DE,iOS,variant,Fashion,257.95,2,0
ORD002417,U03584,S012543,2023-08-12,CZ,iOS,variant,Beauty,230.49,4,0
ORD002418,U03585,S012544,2023-06-21,DE,Android,variant,Fashion,286.42,6,1
ORD002419,U03585,S012545,2023-06-14,DE,Android,variant,Home & Garden,23.25,4,1
ORD002420,U03585,S012546,2023-08-15,DE,Android,control,Electronics,75.22,6,0
ORD002421,U03586,S012551,2023-08-03,PL,iOS,control,Sports,233.94,5,0
ORD002422,U03587,S012554,2023-06-17,CZ,iOS,control,Electronics,228.36,1,0
ORD002423,U03589,S012563,2023-06-07,DE,Android,control,Electronics,287.48,6,0
ORD002424,U03589,S012564,2023-08-02,DE,Android,variant,Sports,21.48,2,0
ORD002425,U03590,S012565,2023-06-20,CZ,iOS,variant,Sports,247.42,6,0
ORD002426,U03591,S012568,2023-06-07,DE,Android,control,Beauty,292.64,6,0
ORD002427,U03593,S012578,2023-07-11,SK,Android,variant,Sports,211.67,1,0
ORD002428,U03594,S012579,2023-07-31,RO,iOS,variant,Beauty,203.75,4,0
ORD002429,U03596,S012588,2023-08-26,DE,iOS,control,Sports,89.08,5,1
ORD002430,U03598,S012596,2023-07-22,CZ,Android,variant,Beauty,180.61,2,0
ORD002431,U03600,S012601,2023-07-05,PL,Android,variant,Beauty,96.65,1,0
ORD002432,U03600,S012604,2023-06-10,PL,Android,variant,Home & Garden,186.28,1,0
ORD002433,U03603,S012613,2023-08-13,CZ,Android,variant,Home & Garden,190.63,6,0
ORD002434,U03604,S012616,2023-06-18,SK,Android,variant,Sports,71.89,3,0
ORD002435,U03604,S012617,2023-08-15,SK,Android,variant,Sports,78.06,5,0
ORD002436,U03608,S012630,2023-08-03,DE,Android,control,Home & Garden,33.14,3,0
ORD002437,U03608,S012631,2023-07-23,DE,Android,control,Beauty,154.67,6,0
ORD002438,U03611,S012639,2023-06-04,RO,Android,control,Home & Garden,63.34,1,0
ORD002439,U03615,S012650,2023-08-24,SK,iOS,control,Fashion,181.07,3,0
ORD002440,U03616,S012655,2023-06-30,RO,iOS,control,Sports,217.04,2,0
ORD002441,U03617,S012657,2023-07-29,PL,Android,variant,Home & Garden,194.12,2,0
ORD002442,U03619,S012664,2023-07-21,DE,Android,control,Home & Garden,274.84,6,0
ORD002443,U03620,S012665,2023-07-13,PL,Android,variant,Home & Garden,80.76,2,0
ORD002444,U03621,S012671,2023-06-21,PL,Android,variant,Fashion,211.37,1,0
ORD002445,U03621,S012672,2023-07-05,PL,Android,control,Fashion,202.82,6,0
ORD002446,U03623,S012680,2023-07-04,DE,iOS,variant,Fashion,65.47,6,1
ORD002447,U03626,S012685,2023-08-27,PL,Android,variant,Home & Garden,55.7,3,0
ORD002448,U03629,S012702,2023-06-07,PL,Android,control,Sports,245.39,4,0
ORD002449,U03630,S012704,2023-06-23,SK,iOS,variant,Sports,154.42,1,0
ORD002450,U03632,S012710,2023-06-10,PL,Android,variant,Home & Garden,123.39,3,0
ORD002451,U03633,S012715,2023-07-16,SK,Android,control,Home & Garden,225.52,6,0
ORD002452,U03633,S012716,2023-07-17,SK,Android,variant,Sports,115.1,4,1
ORD002453,U03634,S012718,2023-07-07,PL,iOS,variant,Sports,241.77,1,0
ORD002454,U03635,S012719,2023-08-19,PL,iOS,variant,Fashion,269.08,1,0
ORD002455,U03636,S012722,2023-07-08,DE,Android,variant,Sports,157.1,2,0
ORD002456,U03637,S012724,2023-06-11,DE,iOS,variant,Home & Garden,12.2,5,1
ORD002457,U03640,S012731,2023-07-09,CZ,iOS,variant,Home & Garden,281.29,1,0
ORD002458,U03642,S012734,2023-07-30,PL,iOS,control,Fashion,293.37,6,0
ORD002459,U03644,S012740,2023-06-22,DE,Android,variant,Beauty,138.27,4,0
ORD002460,U03645,S012742,2023-06-25,DE,Android,control,Electronics,181.87,5,0
ORD002461,U03646,S012749,2023-07-07,DE,Android,control,Home & Garden,45.59,6,1
ORD002462,U03647,S012753,2023-08-12,RO,iOS,control,Beauty,65.46,2,0
ORD002463,U03648,S012757,2023-06-28,CZ,iOS,control,Fashion,263.7,3,1
ORD002464,U03649,S012759,2023-06-19,DE,iOS,control,Sports,191.09,4,0
ORD002465,U03650,S012765,2023-06-06,CZ,Android,variant,Home & Garden,158.87,2,0
ORD002466,U03652,S012770,2023-07-10,DE,iOS,control,Electronics,162.98,1,1
ORD002467,U03653,S012774,2023-07-01,CZ,iOS,control,Home & Garden,263.66,5,0
ORD002468,U03654,S012775,2023-06-07,RO,iOS,variant,Beauty,239.86,1,0
ORD002469,U03656,S012785,2023-08-09,PL,iOS,variant,Home & Garden,14.15,6,0
ORD002470,U03660,S012798,2023-06-18,DE,iOS,variant,Beauty,36.59,3,0
ORD002471,U03660,S012800,2023-06-02,DE,iOS,control,Electronics,209.52,5,0
ORD002472,U03666,S012813,2023-08-22,DE,iOS,control,Home & Garden,243.78,4,1
ORD002473,U03666,S012814,2023-06-11,DE,iOS,variant,Home & Garden,181.56,5,1
ORD002474,U03669,S012823,2023-07-09,CZ,Android,control,Sports,213.44,6,0
ORD002475,U03669,S012825,2023-07-28,CZ,Android,variant,Electronics,248.95,1,0
ORD002476,U03671,S012831,2023-08-23,CZ,iOS,control,Home & Garden,222.74,3,0
ORD002477,U03673,S012838,2023-06-05,PL,Android,control,Fashion,128.01,3,1
ORD002478,U03675,S012844,2023-07-24,DE,Android,variant,Electronics,15.51,2,1
ORD002479,U03678,S012855,2023-07-30,PL,Android,variant,Fashion,38.0,1,1
ORD002480,U03678,S012856,2023-07-16,PL,Android,control,Home & Garden,163.48,5,0
ORD002481,U03680,S012861,2023-08-19,DE,iOS,control,Home & Garden,121.1,4,0
ORD002482,U03683,S012871,2023-08-13,SK,Android,variant,Home & Garden,69.68,5,0
ORD002483,U03684,S012874,2023-07-26,DE,Android,variant,Beauty,32.02,6,1
ORD002484,U03685,S012878,2023-07-14,DE,Android,control,Sports,246.91,6,0
ORD002485,U03687,S012887,2023-06-18,DE,Android,variant,Fashion,153.24,3,1
ORD002486,U03688,S012890,2023-07-02,CZ,Android,variant,Beauty,69.27,3,0
ORD002487,U03691,S012905,2023-06-29,PL,Android,variant,Beauty,233.92,2,0
ORD002488,U03691,S012907,2023-06-03,PL,Android,variant,Beauty,241.15,1,1
ORD002489,U03693,S012912,2023-07-14,PL,iOS,variant,Sports,64.38,3,0
ORD002490,U03694,S012916,2023-07-22,SK,Android,control,Electronics,88.83,2,0
ORD002491,U03696,S012921,2023-07-15,PL,iOS,variant,Beauty,299.61,6,0
ORD002492,U03700,S012938,2023-06-15,SK,iOS,variant,Beauty,168.36,6,0
ORD002493,U03701,S012940,2023-07-17,DE,iOS,variant,Fashion,162.56,3,1
ORD002494,U03702,S012943,2023-07-18,PL,Android,control,Sports,288.69,6,1
ORD002495,U03703,S012946,2023-08-23,PL,Android,control,Home & Garden,182.51,2,0
ORD002496,U03706,S012956,2023-08-26,PL,iOS,control,Beauty,264.42,2,0
ORD002497,U03707,S012959,2023-06-27,DE,Android,control,Electronics,124.27,2,0
ORD002498,U03707,S012960,2023-06-29,DE,Android,variant,Sports,122.78,1,0
ORD002499,U03708,S012961,2023-06-04,PL,Android,control,Home & Garden,180.54,4,0
ORD002500,U03708,S012962,2023-07-11,PL,Android,control,Electronics,26.62,3,0
ORD002501,U03709,S012968,2023-07-03,CZ,Android,variant,Fashion,124.74,2,0
ORD002502,U03711,S012972,2023-07-07,PL,Android,control,Sports,203.65,4,1
ORD002503,U03712,S012974,2023-08-21,DE,Android,variant,Beauty,15.34,4,0
ORD002504,U03715,S012987,2023-08-23,DE,Android,variant,Beauty,248.87,3,0
ORD002505,U03716,S012989,2023-08-29,DE,Android,variant,Electronics,282.85,5,0
ORD002506,U03717,S012992,2023-07-02,CZ,iOS,control,Fashion,167.39,3,1
ORD002507,U03717,S012996,2023-08-27,CZ,iOS,variant,Sports,138.78,5,0
ORD002508,U03719,S013001,2023-06-15,DE,iOS,variant,Sports,65.94,5,0
ORD002509,U03721,S013010,2023-07-30,DE,Android,variant,Sports,76.25,3,0
ORD002510,U03722,S013011,2023-06-10,DE,Android,control,Sports,203.85,4,0
ORD002511,U03722,S013012,2023-06-28,DE,Android,control,Beauty,70.86,5,1
ORD002512,U03723,S013017,2023-06-11,CZ,Android,variant,Home & Garden,155.61,6,0
ORD002513,U03724,S013020,2023-06-01,SK,Android,control,Beauty,72.83,1,0
ORD002514,U03728,S013032,2023-08-29,PL,iOS,variant,Electronics,76.27,1,0
ORD002515,U03728,S013035,2023-07-26,PL,iOS,variant,Beauty,119.08,6,0
ORD002516,U03729,S013037,2023-06-28,DE,Android,variant,Beauty,117.77,1,0
ORD002517,U03732,S013046,2023-08-10,DE,Android,control,Sports,42.87,2,0
ORD002518,U03736,S013062,2023-08-16,DE,iOS,variant,Sports,281.23,3,0
ORD002519,U03736,S013065,2023-06-21,DE,iOS,control,Fashion,236.09,2,1
ORD002520,U03739,S013074,2023-07-16,SK,iOS,control,Beauty,235.93,2,0
ORD002521,U03740,S013076,2023-06-22,PL,Android,control,Electronics,27.0,6,0
ORD002522,U03745,S013093,2023-07-18,DE,iOS,control,Fashion,293.09,1,0
ORD002523,U03746,S013095,2023-06-05,DE,Android,control,Sports,38.71,3,0
ORD002524,U03747,S013096,2023-07-25,DE,Android,variant,Fashion,269.65,4,0
ORD002525,U03747,S013097,2023-07-28,DE,Android,variant,Home & Garden,57.04,3,0
ORD002526,U03748,S013100,2023-08-06,RO,iOS,variant,Sports,39.7,1,0
ORD002527,U03749,S013102,2023-08-08,PL,iOS,variant,Beauty,255.32,2,0
ORD002528,U03750,S013107,2023-07-05,PL,Android,variant,Sports,223.1,2,0
ORD002529,U03751,S013111,2023-07-28,DE,Android,variant,Electronics,64.29,1,1
ORD002530,U03752,S013116,2023-06-19,RO,iOS,variant,Fashion,34.71,5,1
ORD002531,U03753,S013119,2023-06-29,DE,Android,variant,Electronics,17.88,2,0
ORD002532,U03753,S013121,2023-06-13,DE,Android,control,Sports,213.25,5,1
ORD002533,U03753,S013122,2023-07-12,DE,Android,control,Electronics,268.44,4,0
ORD002534,U03754,S013125,2023-08-21,RO,iOS,variant,Fashion,162.46,4,1
ORD002535,U03755,S013128,2023-08-16,RO,Android,control,Beauty,297.1,6,1
ORD002536,U03759,S013142,2023-08-12,PL,Android,variant,Electronics,136.6,3,0
ORD002537,U03759,S013143,2023-08-29,PL,Android,control,Beauty,194.37,2,0
ORD002538,U03761,S013153,2023-06-06,SK,Android,variant,Home & Garden,280.77,3,0
ORD002539,U03763,S013159,2023-08-25,DE,Android,variant,Electronics,233.7,5,0
ORD002540,U03765,S013166,2023-06-16,DE,Android,variant,Beauty,144.16,5,0
ORD002541,U03766,S013169,2023-08-08,RO,iOS,control,Electronics,289.72,2,0
ORD002542,U03768,S013174,2023-07-30,SK,Android,variant,Fashion,295.61,4,0
ORD002543,U03770,S013182,2023-08-06,RO,Android,control,Fashion,74.7,1,0
ORD002544,U03770,S013183,2023-06-05,RO,Android,control,Home & Garden,155.01,1,0
ORD002545,U03775,S013198,2023-06-10,CZ,iOS,variant,Home & Garden,214.73,3,1
ORD002546,U03775,S013201,2023-08-20,CZ,iOS,control,Home & Garden,263.85,6,0
ORD002547,U03780,S013216,2023-08-12,PL,iOS,control,Electronics,101.28,2,0
ORD002548,U03786,S013230,2023-07-23,DE,Android,control,Fashion,130.64,4,0
ORD002549,U03788,S013238,2023-07-13,DE,iOS,control,Sports,151.98,3,0
ORD002550,U03789,S013241,2023-07-11,DE,Android,variant,Beauty,195.22,6,0
ORD002551,U03790,S013242,2023-08-05,DE,Android,control,Sports,169.94,2,0
ORD002552,U03793,S013251,2023-07-26,DE,Android,control,Fashion,99.75,3,0
ORD002553,U03793,S013252,2023-06-18,DE,Android,control,Home & Garden,56.96,6,0
ORD002554,U03794,S013258,2023-06-15,CZ,Android,variant,Sports,109.04,5,0
ORD002555,U03794,S013259,2023-06-06,CZ,Android,variant,Fashion,272.58,3,0
ORD002556,U03795,S013262,2023-06-02,CZ,Android,variant,Electronics,201.31,5,0
ORD002557,U03795,S013264,2023-08-06,CZ,Android,variant,Home & Garden,127.11,5,0
ORD002558,U03797,S013270,2023-08-09,RO,Android,control,Sports,194.59,2,0
ORD002559,U03800,S013280,2023-07-27,CZ,iOS,control,Home & Garden,57.22,3,0
ORD002560,U03801,S013281,2023-06-26,DE,Android,variant,Beauty,146.11,6,0
ORD002561,U03804,S013289,2023-07-12,SK,Android,control,Beauty,63.24,1,0
ORD002562,U03806,S013301,2023-08-19,PL,Android,control,Beauty,149.85,3,0
ORD002563,U03807,S013304,2023-08-04,SK,Android,variant,Electronics,255.12,3,0
ORD002564,U03808,S013306,2023-06-25,DE,iOS,control,Electronics,57.36,1,0
ORD002565,U03808,S013307,2023-06-05,DE,iOS,control,Sports,217.84,4,1
ORD002566,U03809,S013308,2023-06-23,DE,Android,control,Electronics,276.93,1,0
ORD002567,U03809,S013310,2023-06-10,DE,Android,control,Sports,105.61,3,0
ORD002568,U03811,S013318,2023-07-30,DE,Android,control,Fashion,196.58,6,0
ORD002569,U03815,S013337,2023-07-22,RO,Android,variant,Home & Garden,257.84,6,1
ORD002570,U03816,S013340,2023-07-27,DE,iOS,control,Beauty,190.51,2,0
ORD002571,U03818,S013346,2023-06-17,DE,iOS,variant,Sports,91.74,4,0
ORD002572,U03818,S013348,2023-06-18,DE,iOS,control,Electronics,18.74,2,1
ORD002573,U03820,S013352,2023-08-11,DE,Android,control,Home & Garden,31.77,2,0
ORD002574,U03821,S013356,2023-06-23,RO,iOS,variant,Sports,236.8,1,0
ORD002575,U03822,S013359,2023-08-19,DE,Android,control,Home & Garden,265.39,1,0
ORD002576,U03823,S013362,2023-08-05,DE,Android,variant,Sports,77.94,6,0
ORD002577,U03824,S013364,2023-07-01,DE,iOS,control,Beauty,111.63,1,0
ORD002578,U03827,S013374,2023-08-19,SK,Android,variant,Electronics,92.99,1,0
ORD002579,U03827,S013378,2023-08-28,SK,Android,variant,Sports,73.67,5,0
ORD002580,U03832,S013398,2023-07-23,RO,Android,control,Beauty,156.63,2,0
ORD002581,U03832,S013399,2023-07-18,RO,Android,variant,Beauty,99.67,2,0
ORD002582,U03833,S013401,2023-08-11,DE,Android,variant,Sports,195.15,6,0
ORD002583,U03833,S013403,2023-08-29,DE,Android,control,Beauty,206.77,5,1
ORD002584,U03834,S013404,2023-08-04,DE,Android,control,Beauty,30.65,3,0
ORD002585,U03836,S013414,2023-08-26,DE,iOS,control,Home & Garden,160.44,6,0
ORD002586,U03836,S013415,2023-06-29,DE,iOS,variant,Beauty,154.97,3,0
ORD002587,U03837,S013419,2023-08-26,CZ,Android,control,Beauty,149.06,2,0
ORD002588,U03838,S013421,2023-07-16,DE,iOS,variant,Fashion,26.02,3,0
ORD002589,U03838,S013423,2023-07-07,DE,iOS,variant,Home & Garden,230.53,5,0
ORD002590,U03841,S013435,2023-06-04,PL,iOS,control,Home & Garden,40.96,3,0
ORD002591,U03843,S013440,2023-06-12,CZ,iOS,control,Sports,45.3,1,0
ORD002592,U03844,S013445,2023-06-11,DE,Android,control,Home & Garden,71.14,4,0
ORD002593,U03844,S013446,2023-07-02,DE,Android,control,Electronics,100.75,3,1
ORD002594,U03845,S013451,2023-07-07,CZ,Android,control,Home & Garden,64.27,6,0
ORD002595,U03846,S013455,2023-07-07,DE,iOS,control,Home & Garden,240.83,1,0
ORD002596,U03847,S013459,2023-08-12,DE,Android,control,Electronics,260.19,5,1
ORD002597,U03847,S013461,2023-06-21,DE,Android,control,Fashion,215.5,5,0
ORD002598,U03848,S013463,2023-08-26,DE,iOS,variant,Sports,284.92,4,0
ORD002599,U03848,S013465,2023-06-25,DE,iOS,control,Fashion,102.0,6,0
ORD002600,U03850,S013468,2023-06-26,DE,iOS,variant,Home & Garden,255.59,2,0
ORD002601,U03854,S013481,2023-08-05,PL,iOS,variant,Home & Garden,201.7,1,0
ORD002602,U03855,S013483,2023-08-29,PL,iOS,control,Fashion,112.05,6,0
ORD002603,U03856,S013485,2023-07-20,DE,Android,variant,Home & Garden,262.0,5,0
ORD002604,U03856,S013488,2023-08-19,DE,Android,variant,Beauty,121.91,3,0
ORD002605,U03858,S013495,2023-06-26,PL,Android,control,Beauty,252.96,5,0
ORD002606,U03860,S013502,2023-08-08,PL,Android,variant,Sports,31.04,4,0
ORD002607,U03860,S013505,2023-07-25,PL,Android,variant,Sports,174.87,4,0
ORD002608,U03861,S013508,2023-06-20,SK,iOS,variant,Beauty,272.64,5,0
ORD002609,U03871,S013541,2023-08-05,DE,Android,variant,Home & Garden,34.22,4,0
ORD002610,U03877,S013560,2023-08-04,PL,Android,variant,Home & Garden,237.11,5,0
ORD002611,U03879,S013567,2023-07-31,CZ,Android,variant,Fashion,114.6,6,1
ORD002612,U03883,S013578,2023-08-19,SK,Android,variant,Fashion,190.52,3,0
ORD002613,U03884,S013582,2023-07-31,CZ,iOS,variant,Fashion,88.83,6,0
ORD002614,U03884,S013583,2023-07-16,CZ,iOS,variant,Electronics,130.15,5,1
ORD002615,U03887,S013593,2023-06-09,RO,Android,control,Electronics,158.38,2,0
ORD002616,U03889,S013603,2023-06-22,DE,Android,control,Beauty,141.58,6,0
ORD002617,U03892,S013615,2023-06-28,PL,iOS,variant,Sports,277.46,2,0
ORD002618,U03893,S013617,2023-06-04,DE,Android,control,Beauty,124.05,4,1
ORD002619,U03894,S013618,2023-08-26,PL,iOS,control,Electronics,163.57,6,1
ORD002620,U03894,S013619,2023-06-15,PL,iOS,variant,Beauty,261.42,6,0
ORD002621,U03894,S013621,2023-07-30,PL,iOS,variant,Sports,37.71,1,0
ORD002622,U03901,S013644,2023-06-12,CZ,iOS,control,Electronics,63.0,4,1
ORD002623,U03902,S013649,2023-08-29,CZ,iOS,control,Fashion,150.28,1,0
ORD002624,U03903,S013651,2023-08-12,SK,iOS,control,Electronics,68.34,1,0
ORD002625,U03903,S013652,2023-07-16,SK,iOS,variant,Sports,71.2,4,0
ORD002626,U03904,S013659,2023-07-04,SK,iOS,variant,Home & Garden,13.08,3,0
ORD002627,U03910,S013682,2023-07-01,DE,iOS,control,Home & Garden,137.7,6,0
ORD002628,U03911,S013688,2023-06-11,SK,Android,variant,Fashion,34.55,1,0
ORD002629,U03913,S013694,2023-07-06,CZ,Android,variant,Electronics,141.68,6,1
ORD002630,U03914,S013697,2023-08-08,DE,Android,control,Home & Garden,85.7,1,0
ORD002631,U03916,S013708,2023-06-29,RO,iOS,variant,Sports,41.62,3,0
ORD002632,U03918,S013713,2023-07-01,CZ,iOS,variant,Home & Garden,185.81,3,0
ORD002633,U03918,S013717,2023-06-13,CZ,iOS,control,Beauty,153.89,1,0
ORD002634,U03923,S013732,2023-06-05,CZ,Android,variant,Beauty,16.52,2,0
ORD002635,U03924,S013734,2023-07-24,PL,Android,variant,Fashion,159.28,4,0
ORD002636,U03926,S013740,2023-06-19,CZ,Android,control,Electronics,95.6,3,0
ORD002637,U03926,S013741,2023-08-15,CZ,Android,variant,Sports,114.76,1,0
ORD002638,U03929,S013749,2023-07-15,DE,Android,control,Fashion,10.57,1,0
ORD002639,U03929,S013753,2023-08-27,DE,Android,control,Beauty,143.59,4,0
ORD002640,U03931,S013762,2023-07-26,DE,iOS,variant,Home & Garden,235.53,4,0
ORD002641,U03932,S013763,2023-07-05,DE,Android,control,Sports,36.99,6,0
ORD002642,U03932,S013765,2023-06-02,DE,Android,control,Electronics,79.86,1,0
ORD002643,U03934,S013770,2023-07-26,DE,Android,variant,Beauty,42.31,6,0
ORD002644,U03937,S013783,2023-07-25,DE,iOS,control,Beauty,280.07,6,0
ORD002645,U03938,S013784,2023-07-28,PL,Android,control,Fashion,58.46,6,0
ORD002646,U03939,S013787,2023-06-12,PL,Android,control,Fashion,39.17,3,0
ORD002647,U03939,S013788,2023-07-19,PL,Android,variant,Electronics,166.67,3,0
ORD002648,U03942,S013796,2023-08-03,RO,iOS,control,Home & Garden,123.91,4,0
ORD002649,U03944,S013800,2023-07-14,CZ,iOS,variant,Electronics,38.19,1,0
ORD002650,U03944,S013804,2023-07-07,CZ,iOS,control,Electronics,265.12,4,0
ORD002651,U03945,S013805,2023-08-26,DE,Android,control,Home & Garden,223.45,3,0
ORD002652,U03946,S013810,2023-06-18,DE,iOS,control,Sports,102.35,1,0
ORD002653,U03947,S013811,2023-06-19,DE,Android,variant,Electronics,205.46,5,1
ORD002654,U03948,S013816,2023-08-09,PL,Android,variant,Electronics,169.89,3,0
ORD002655,U03951,S013824,2023-07-15,PL,Android,variant,Electronics,151.79,2,0
ORD002656,U03955,S013835,2023-07-03,DE,Android,control,Sports,120.7,3,0
ORD002657,U03955,S013836,2023-07-05,DE,Android,control,Beauty,248.06,6,0
ORD002658,U03957,S013845,2023-07-14,DE,Android,control,Sports,163.22,3,0
ORD002659,U03963,S013864,2023-07-26,CZ,iOS,variant,Beauty,213.81,1,0
ORD002660,U03963,S013866,2023-06-09,CZ,iOS,control,Home & Garden,32.54,6,1
ORD002661,U03964,S013869,2023-07-17,CZ,Android,variant,Electronics,275.27,5,0
ORD002662,U03965,S013874,2023-07-14,CZ,Android,control,Fashion,225.7,4,0
ORD002663,U03966,S013876,2023-06-01,PL,Android,variant,Home & Garden,244.18,5,0
ORD002664,U03970,S013887,2023-07-30,DE,Android,variant,Sports,69.64,4,0
ORD002665,U03974,S013902,2023-06-19,DE,iOS,variant,Beauty,173.9,5,0
ORD002666,U03974,S013905,2023-08-26,DE,iOS,control,Fashion,213.69,1,0
ORD002667,U03974,S013906,2023-07-21,DE,iOS,variant,Home & Garden,283.5,5,0
ORD002668,U03975,S013908,2023-06-10,PL,Android,variant,Home & Garden,144.2,4,0
ORD002669,U03976,S013912,2023-06-18,DE,iOS,variant,Fashion,180.99,2,0
ORD002670,U03977,S013916,2023-07-11,SK,Android,control,Beauty,282.55,4,0
ORD002671,U03978,S013917,2023-08-17,DE,Android,variant,Sports,53.9,4,0
ORD002672,U03981,S013928,2023-06-23,DE,Android,variant,Beauty,226.06,6,0
ORD002673,U03983,S013932,2023-08-03,DE,Android,variant,Beauty,165.5,6,0
ORD002674,U03986,S013939,2023-08-20,DE,iOS,control,Beauty,161.11,5,0
ORD002675,U03986,S013942,2023-08-14,DE,iOS,variant,Home & Garden,292.34,3,0
ORD002676,U03986,S013943,2023-08-15,DE,iOS,variant,Beauty,76.13,2,0
ORD002677,U03987,S013944,2023-08-11,DE,iOS,variant,Sports,96.65,4,0
ORD002678,U03987,S013947,2023-06-02,DE,iOS,variant,Sports,118.78,3,0
ORD002679,U03987,S013948,2023-07-10,DE,iOS,control,Fashion,224.14,1,0
ORD002680,U03990,S013961,2023-07-07,DE,Android,control,Home & Garden,209.41,5,0
ORD002681,U03993,S013973,2023-06-28,DE,iOS,variant,Home & Garden,93.42,1,0
ORD002682,U03997,S013986,2023-07-27,DE,iOS,control,Electronics,293.24,1,0
ORD002683,U03998,S013988,2023-08-17,DE,Android,variant,Home & Garden,288.56,5,0
ORD002684,U03998,S013989,2023-08-14,DE,Android,variant,Home & Garden,183.12,1,0
ORD002685,U03998,S013990,2023-07-01,DE,Android,control,Electronics,126.33,2,0
ORD002686,U03998,S013992,2023-07-31,DE,Android,variant,Beauty,84.44,5,0
ORD002687,U03999,S013993,2023-07-23,DE,iOS,control,Home & Garden,290.04,1,1
ORD002688,U04000,S013996,2023-07-25,DE,Android,variant,Electronics,255.21,1,0
ORD002689,U04001,S013998,2023-07-04,DE,Android,variant,Electronics,127.72,2,0
ORD002690,U04001,S014000,2023-06-08,DE,Android,variant,Sports,135.54,3,0
ORD002691,U04002,S014004,2023-07-19,DE,Android,variant,Sports,240.22,5,0
ORD002692,U04002,S014006,2023-06-08,DE,Android,variant,Beauty,118.08,1,0
ORD002693,U04003,S014007,2023-06-29,DE,Android,control,Sports,294.63,2,0
ORD002694,U04003,S014009,2023-07-28,DE,Android,control,Home & Garden,213.1,4,0
ORD002695,U04004,S014010,2023-06-06,PL,Android,control,Fashion,51.23,5,1
ORD002696,U04010,S014029,2023-07-03,DE,Android,variant,Sports,109.03,5,0
ORD002697,U04011,S014031,2023-07-28,DE,Android,variant,Fashion,38.12,1,0
ORD002698,U04014,S014044,2023-07-13,CZ,Android,variant,Sports,216.35,2,0
ORD002699,U04017,S014052,2023-06-10,DE,Android,control,Sports,251.13,1,1
ORD002700,U04025,S014082,2023-07-31,DE,Android,variant,Electronics,281.09,4,0
ORD002701,U04026,S014086,2023-08-11,DE,iOS,variant,Sports,181.94,2,1
ORD002702,U04026,S014087,2023-08-25,DE,iOS,variant,Electronics,279.54,5,0
ORD002703,U04029,S014099,2023-08-14,PL,iOS,variant,Home & Garden,225.13,2,0
ORD002704,U04030,S014103,2023-07-13,PL,Android,control,Home & Garden,197.17,3,0
ORD002705,U04031,S014107,2023-08-24,CZ,Android,control,Home & Garden,205.03,5,0
ORD002706,U04034,S014117,2023-08-21,SK,Android,variant,Sports,257.19,5,0
ORD002707,U04035,S014118,2023-07-19,CZ,iOS,variant,Fashion,124.45,2,0
ORD002708,U04038,S014128,2023-07-11,DE,Android,variant,Beauty,66.16,2,0
ORD002709,U04040,S014135,2023-07-09,CZ,Android,variant,Beauty,272.62,5,0
ORD002710,U04040,S014136,2023-08-24,CZ,Android,control,Beauty,131.6,5,0
ORD002711,U04044,S014145,2023-08-11,CZ,Android,variant,Sports,269.55,5,0
ORD002712,U04046,S014154,2023-08-21,SK,Android,variant,Sports,275.51,1,0
ORD002713,U04047,S014156,2023-07-07,DE,Android,variant,Fashion,34.59,1,0
ORD002714,U04047,S014157,2023-06-01,DE,Android,control,Home & Garden,85.07,6,0
ORD002715,U04050,S014165,2023-07-13,PL,iOS,variant,Beauty,131.23,6,0
ORD002716,U04052,S014172,2023-08-23,DE,iOS,control,Fashion,136.28,6,0
ORD002717,U04052,S014173,2023-06-09,DE,iOS,control,Fashion,125.31,1,0
ORD002718,U04052,S014174,2023-06-04,DE,iOS,variant,Sports,277.22,6,0
ORD002719,U04052,S014176,2023-06-06,DE,iOS,variant,Beauty,161.8,1,0
ORD002720,U04054,S014184,2023-08-14,DE,Android,variant,Sports,244.29,3,0
ORD002721,U04056,S014191,2023-08-02,CZ,Android,variant,Electronics,65.73,2,0
ORD002722,U04058,S014198,2023-06-23,PL,Android,variant,Home & Garden,174.47,3,0
ORD002723,U04059,S014199,2023-06-11,DE,Android,control,Fashion,168.13,3,0
ORD002724,U04059,S014201,2023-06-14,DE,Android,control,Fashion,72.63,3,0
ORD002725,U04059,S014202,2023-07-28,DE,Android,control,Sports,14.57,3,0
ORD002726,U04061,S014209,2023-07-31,CZ,Android,variant,Beauty,111.38,1,0
ORD002727,U04062,S014210,2023-08-12,PL,Android,control,Fashion,149.53,1,0
ORD002728,U04062,S014212,2023-08-24,PL,Android,variant,Fashion,251.39,2,0
ORD002729,U04065,S014219,2023-06-24,DE,iOS,variant,Sports,45.78,5,0
ORD002730,U04066,S014222,2023-07-31,SK,Android,variant,Sports,281.81,5,0
ORD002731,U04067,S014225,2023-07-26,CZ,Android,control,Fashion,168.08,2,0
ORD002732,U04067,S014227,2023-08-24,CZ,Android,control,Home & Garden,157.44,6,0
ORD002733,U04068,S014231,2023-08-16,DE,iOS,variant,Fashion,116.06,1,0
ORD002734,U04069,S014236,2023-06-21,RO,Android,control,Home & Garden,129.98,2,0
ORD002735,U04074,S014254,2023-07-10,CZ,iOS,variant,Fashion,186.93,2,0
ORD002736,U04074,S014255,2023-06-08,CZ,iOS,control,Electronics,119.52,4,0
ORD002737,U04080,S014272,2023-06-20,PL,Android,control,Sports,256.44,6,0
ORD002738,U04080,S014274,2023-08-25,PL,Android,control,Electronics,87.62,4,0
ORD002739,U04080,S014276,2023-06-20,PL,Android,variant,Fashion,176.26,1,0
ORD002740,U04081,S014278,2023-07-19,RO,iOS,variant,Fashion,266.2,1,0
ORD002741,U04084,S014285,2023-07-04,PL,iOS,control,Home & Garden,159.33,5,0
ORD002742,U04086,S014291,2023-07-31,DE,Android,variant,Electronics,21.56,3,0
ORD002743,U04088,S014298,2023-08-23,PL,Android,variant,Fashion,64.16,4,0
ORD002744,U04089,S014302,2023-08-10,PL,iOS,variant,Home & Garden,60.09,6,0
ORD002745,U04092,S014312,2023-08-08,CZ,iOS,control,Sports,207.03,6,0
ORD002746,U04094,S014317,2023-08-11,CZ,iOS,variant,Fashion,209.42,2,0
ORD002747,U04095,S014321,2023-07-24,DE,iOS,control,Home & Garden,181.1,4,0
ORD002748,U04096,S014323,2023-06-02,PL,iOS,variant,Home & Garden,71.04,6,0
ORD002749,U04097,S014327,2023-06-01,DE,iOS,control,Sports,236.3,4,0
ORD002750,U04098,S014330,2023-06-24,CZ,Android,variant,Sports,134.43,2,0
ORD002751,U04099,S014338,2023-07-21,DE,Android,control,Home & Garden,195.52,5,0
ORD002752,U04102,S014346,2023-06-16,DE,Android,control,Sports,283.58,4,0
ORD002753,U04102,S014348,2023-07-16,DE,Android,variant,Beauty,42.3,2,0
ORD002754,U04106,S014360,2023-07-21,DE,Android,variant,Home & Garden,95.08,2,0
ORD002755,U04107,S014363,2023-06-09,DE,iOS,control,Beauty,90.63,3,1
ORD002756,U04109,S014371,2023-08-10,DE,iOS,variant,Sports,265.57,1,0
ORD002757,U04109,S014373,2023-07-03,DE,iOS,control,Sports,169.67,2,0
ORD002758,U04110,S014374,2023-08-11,PL,Android,variant,Sports,48.17,6,0
ORD002759,U04110,S014377,2023-06-04,PL,Android,variant,Electronics,215.75,3,1
ORD002760,U04111,S014380,2023-07-28,DE,Android,variant,Electronics,104.63,1,0
ORD002761,U04117,S014398,2023-08-18,DE,iOS,control,Sports,67.1,3,0
ORD002762,U04118,S014402,2023-07-14,DE,iOS,variant,Fashion,263.05,6,0
ORD002763,U04121,S014412,2023-07-16,DE,iOS,variant,Home & Garden,21.54,1,0
ORD002764,U04122,S014417,2023-07-20,CZ,iOS,control,Fashion,278.08,6,0
ORD002765,U04124,S014423,2023-06-05,PL,iOS,control,Sports,42.06,1,0
ORD002766,U04126,S014428,2023-08-24,DE,Android,variant,Fashion,22.0,6,0
ORD002767,U04126,S014430,2023-08-08,DE,Android,variant,Beauty,168.02,6,1
ORD002768,U04127,S014432,2023-06-11,SK,iOS,control,Home & Garden,276.76,4,0
ORD002769,U04128,S014434,2023-08-28,PL,Android,control,Sports,184.82,4,0
ORD002770,U04133,S014447,2023-07-16,DE,Android,control,Electronics,131.51,2,0
ORD002771,U04134,S014450,2023-07-25,DE,iOS,control,Home & Garden,24.04,4,0
ORD002772,U04135,S014453,2023-06-01,DE,Android,variant,Electronics,86.51,2,0
ORD002773,U04136,S014454,2023-07-15,DE,Android,variant,Home & Garden,69.77,3,0
ORD002774,U04136,S014456,2023-06-10,DE,Android,control,Fashion,261.55,4,1
ORD002775,U04137,S014461,2023-07-16,PL,Android,variant,Electronics,49.08,4,0
ORD002776,U04138,S014466,2023-07-24,CZ,Android,variant,Beauty,215.16,5,0
ORD002777,U04138,S014467,2023-08-09,CZ,Android,control,Sports,243.6,2,0
ORD002778,U04139,S014468,2023-08-23,PL,iOS,variant,Sports,55.97,2,0
ORD002779,U04139,S014472,2023-06-28,PL,iOS,control,Beauty,134.19,1,0
ORD002780,U04140,S014474,2023-07-03,PL,Android,variant,Sports,67.79,6,0
ORD002781,U04141,S014478,2023-08-20,DE,Android,variant,Beauty,15.94,1,0
ORD002782,U04142,S014480,2023-08-25,DE,Android,control,Sports,245.02,2,0
ORD002783,U04151,S014505,2023-06-21,PL,Android,variant,Home & Garden,163.94,5,0
ORD002784,U04152,S014509,2023-07-01,DE,Android,variant,Home & Garden,36.12,3,1
ORD002785,U04153,S014512,2023-07-05,DE,Android,variant,Sports,284.99,3,0
ORD002786,U04154,S014515,2023-06-26,CZ,Android,control,Sports,225.91,3,0
ORD002787,U04155,S014519,2023-07-16,SK,iOS,variant,Beauty,150.0,4,0
ORD002788,U04156,S014522,2023-07-02,CZ,iOS,control,Sports,153.44,2,0
ORD002789,U04159,S014532,2023-08-11,PL,iOS,control,Fashion,143.68,2,0
ORD002790,U04162,S014540,2023-06-23,DE,iOS,control,Fashion,256.47,2,0
ORD002791,U04162,S014541,2023-08-11,DE,iOS,control,Electronics,143.39,5,0
ORD002792,U04163,S014545,2023-07-13,DE,iOS,variant,Fashion,44.71,3,0
ORD002793,U04165,S014549,2023-06-23,DE,iOS,variant,Home & Garden,256.31,5,0
ORD002794,U04165,S014550,2023-07-27,DE,iOS,variant,Sports,97.74,2,0
ORD002795,U04167,S014556,2023-08-22,SK,Android,variant,Home & Garden,187.62,4,0
ORD002796,U04168,S014560,2023-08-28,DE,Android,control,Home & Garden,58.8,5,0
ORD002797,U04168,S014561,2023-07-02,DE,Android,control,Sports,175.29,3,0
ORD002798,U04168,S014563,2023-07-04,DE,Android,variant,Sports,182.21,5,0
ORD002799,U04171,S014575,2023-06-10,PL,Android,control,Electronics,292.67,3,0
ORD002800,U04174,S014582,2023-08-04,PL,Android,variant,Fashion,198.22,3,0
ORD002801,U04176,S014591,2023-07-22,DE,Android,control,Fashion,126.17,4,1
ORD002802,U04178,S014596,2023-08-07,DE,iOS,control,Home & Garden,62.03,6,0
ORD002803,U04182,S014608,2023-08-06,DE,Android,control,Beauty,147.64,6,1
ORD002804,U04183,S014611,2023-07-12,CZ,iOS,variant,Beauty,198.63,3,0
ORD002805,U04184,S014616,2023-07-04,DE,Android,control,Electronics,117.1,2,0
ORD002806,U04184,S014617,2023-06-05,DE,Android,control,Beauty,238.61,6,1
ORD002807,U04185,S014622,2023-08-15,PL,iOS,variant,Electronics,118.62,5,1
ORD002808,U04191,S014637,2023-07-25,DE,iOS,control,Electronics,89.85,5,0
ORD002809,U04191,S014639,2023-06-23,DE,iOS,variant,Electronics,293.99,6,1
ORD002810,U04191,S014641,2023-08-20,DE,iOS,variant,Fashion,10.13,4,0
ORD002811,U04193,S014645,2023-07-12,SK,iOS,variant,Beauty,66.07,4,0
ORD002812,U04194,S014649,2023-08-06,DE,Android,variant,Sports,20.52,6,0
ORD002813,U04196,S014657,2023-07-09,PL,Android,control,Beauty,125.67,6,0
ORD002814,U04205,S014685,2023-06-13,DE,iOS,variant,Beauty,259.36,4,0
ORD002815,U04206,S014688,2023-06-17,DE,Android,variant,Sports,136.78,3,1
ORD002816,U04206,S014690,2023-07-05,DE,Android,control,Electronics,199.77,3,1
ORD002817,U04206,S014691,2023-08-15,DE,Android,variant,Home & Garden,27.47,5,0
ORD002818,U04207,S014692,2023-08-01,DE,Android,control,Beauty,232.91,5,0
ORD002819,U04208,S014696,2023-06-24,DE,Android,control,Beauty,286.5,6,0
ORD002820,U04209,S014698,2023-08-06,DE,iOS,control,Beauty,101.47,2,0
ORD002821,U04210,S014703,2023-06-14,CZ,iOS,variant,Sports,268.57,1,0
ORD002822,U04212,S014710,2023-08-10,DE,Android,variant,Electronics,62.9,5,1
ORD002823,U04214,S014715,2023-07-14,DE,Android,variant,Beauty,119.6,3,0
ORD002824,U04214,S014717,2023-06-11,DE,Android,variant,Beauty,36.5,1,1
ORD002825,U04217,S014729,2023-06-21,DE,iOS,variant,Fashion,12.08,4,1
ORD002826,U04218,S014731,2023-07-03,PL,iOS,variant,Electronics,123.44,6,0
ORD002827,U04228,S014769,2023-07-07,PL,iOS,control,Sports,272.88,2,0
ORD002828,U04232,S014780,2023-07-28,DE,Android,control,Fashion,200.28,2,0
ORD002829,U04234,S014785,2023-06-21,CZ,iOS,variant,Fashion,173.61,3,0
ORD002830,U04235,S014791,2023-07-14,PL,iOS,control,Electronics,175.73,1,1
ORD002831,U04236,S014795,2023-08-12,DE,Android,control,Fashion,182.77,4,0
ORD002832,U04236,S014796,2023-06-09,DE,Android,variant,Electronics,51.11,1,1
ORD002833,U04237,S014798,2023-06-11,DE,Android,control,Fashion,89.58,2,0
ORD002834,U04237,S014799,2023-06-02,DE,Android,control,Beauty,219.57,2,0
ORD002835,U04237,S014800,2023-06-23,DE,Android,control,Fashion,219.04,4,0
ORD002836,U04238,S014802,2023-08-04,DE,Android,variant,Sports,295.44,6,0
ORD002837,U04240,S014810,2023-08-02,PL,iOS,control,Beauty,129.97,2,0
ORD002838,U04242,S014814,2023-08-29,RO,Android,control,Sports,124.82,5,0
ORD002839,U04243,S014816,2023-08-08,PL,iOS,control,Home & Garden,226.3,3,0
ORD002840,U04244,S014818,2023-06-20,DE,iOS,variant,Sports,297.22,4,0
ORD002841,U04244,S014820,2023-08-27,DE,iOS,control,Beauty,231.01,6,0
ORD002842,U04248,S014832,2023-08-14,DE,iOS,control,Home & Garden,130.74,5,0
ORD002843,U04250,S014840,2023-06-27,DE,Android,control,Fashion,183.64,6,1
ORD002844,U04255,S014852,2023-06-21,DE,Android,control,Electronics,57.2,5,0
ORD002845,U04255,S014853,2023-08-13,DE,Android,variant,Home & Garden,44.63,4,0
ORD002846,U04257,S014859,2023-08-10,PL,iOS,variant,Home & Garden,216.63,5,0
ORD002847,U04258,S014861,2023-08-15,DE,Android,control,Sports,279.49,2,0
ORD002848,U04258,S014862,2023-08-07,DE,Android,variant,Sports,78.34,5,0
ORD002849,U04259,S014864,2023-07-06,DE,Android,variant,Sports,286.41,6,0
ORD002850,U04259,S014865,2023-07-22,DE,Android,variant,Home & Garden,150.41,2,1
ORD002851,U04259,S014866,2023-06-06,DE,Android,control,Beauty,42.26,6,1
ORD002852,U04259,S014868,2023-07-07,DE,Android,variant,Beauty,219.33,6,0
ORD002853,U04260,S014869,2023-06-23,DE,Android,variant,Home & Garden,155.75,5,0
ORD002854,U04261,S014872,2023-08-10,DE,Android,control,Home & Garden,50.59,5,1
ORD002855,U04261,S014873,2023-06-25,DE,Android,variant,Electronics,62.24,6,0
ORD002856,U04263,S014882,2023-08-21,DE,Android,variant,Beauty,168.42,6,0
ORD002857,U04263,S014885,2023-06-08,DE,Android,control,Electronics,242.65,2,0
ORD002858,U04265,S014892,2023-07-25,DE,iOS,variant,Home & Garden,128.63,2,0
ORD002859,U04265,S014893,2023-07-27,DE,iOS,variant,Sports,11.13,6,0
ORD002860,U04266,S014897,2023-07-04,CZ,iOS,control,Fashion,143.3,2,0
ORD002861,U04269,S014909,2023-06-14,CZ,Android,control,Electronics,40.45,6,0
ORD002862,U04272,S014917,2023-06-16,RO,iOS,variant,Fashion,193.03,2,0
ORD002863,U04273,S014921,2023-07-17,DE,iOS,variant,Electronics,297.17,6,0
ORD002864,U04274,S014924,2023-08-15,DE,Android,control,Home & Garden,221.09,5,0
ORD002865,U04275,S014929,2023-06-18,PL,Android,variant,Home & Garden,97.57,5,0
ORD002866,U04276,S014931,2023-08-26,PL,iOS,variant,Home & Garden,148.44,6,0
ORD002867,U04277,S014933,2023-08-08,DE,iOS,variant,Sports,270.15,3,0
ORD002868,U04277,S014934,2023-07-19,DE,iOS,control,Fashion,69.59,6,0
ORD002869,U04278,S014939,2023-08-18,DE,Android,control,Beauty,221.42,5,0
ORD002870,U04281,S014947,2023-06-04,RO,iOS,variant,Fashion,100.21,6,1
ORD002871,U04283,S014954,2023-08-19,PL,Android,variant,Sports,218.79,2,0
ORD002872,U04284,S014956,2023-08-28,PL,Android,control,Electronics,220.73,6,0
ORD002873,U04285,S014962,2023-06-04,CZ,Android,control,Home & Garden,17.7,3,0
ORD002874,U04286,S014966,2023-07-25,DE,Android,variant,Electronics,250.07,2,0
ORD002875,U04295,S014998,2023-08-15,DE,Android,variant,Beauty,275.28,4,0
ORD002876,U04296,S015000,2023-07-07,DE,Android,control,Electronics,213.51,4,1
ORD002877,U04299,S015008,2023-06-22,DE,Android,variant,Beauty,107.0,6,0
ORD002878,U04301,S015014,2023-07-11,DE,Android,control,Beauty,292.81,5,0
ORD002879,U04301,S015016,2023-07-29,DE,Android,variant,Fashion,182.25,4,1
ORD002880,U04302,S015017,2023-08-07,PL,iOS,variant,Sports,201.39,3,0
ORD002881,U04302,S015020,2023-06-16,PL,iOS,control,Sports,43.54,1,0
ORD002882,U04304,S015023,2023-07-27,RO,iOS,variant,Electronics,111.8,1,0
ORD002883,U04305,S015028,2023-06-04,PL,Android,variant,Home & Garden,68.49,2,0
ORD002884,U04305,S015029,2023-07-07,PL,Android,variant,Electronics,11.6,2,0
ORD002885,U04315,S015065,2023-06-13,PL,iOS,variant,Electronics,127.61,3,0
ORD002886,U04319,S015079,2023-08-10,DE,iOS,variant,Fashion,34.05,6,0
ORD002887,U04323,S015093,2023-08-16,DE,Android,variant,Fashion,50.54,6,1
ORD002888,U04328,S015111,2023-06-26,PL,Android,control,Beauty,254.87,6,0
ORD002889,U04330,S015115,2023-07-10,RO,Android,control,Electronics,81.74,4,0
ORD002890,U04342,S015155,2023-07-09,SK,iOS,variant,Sports,171.81,5,0
ORD002891,U04343,S015157,2023-07-05,CZ,iOS,control,Fashion,192.47,1,0
ORD002892,U04346,S015168,2023-06-09,PL,iOS,variant,Fashion,112.39,1,1
ORD002893,U04347,S015171,2023-06-11,PL,Android,variant,Beauty,217.64,4,0
ORD002894,U04349,S015178,2023-08-26,DE,iOS,control,Sports,32.91,1,0
ORD002895,U04350,S015179,2023-07-18,DE,Android,variant,Sports,191.77,4,0
ORD002896,U04352,S015184,2023-06-27,PL,iOS,variant,Fashion,110.08,3,0
ORD002897,U04352,S015185,2023-06-07,PL,iOS,control,Sports,67.04,2,1
ORD002898,U04356,S015198,2023-06-19,DE,iOS,variant,Beauty,297.11,1,0
ORD002899,U04356,S015199,2023-06-18,DE,iOS,control,Home & Garden,290.93,5,0
ORD002900,U04357,S015201,2023-07-02,DE,Android,variant,Sports,214.21,5,0
ORD002901,U04358,S015205,2023-07-21,CZ,Android,variant,Fashion,70.61,1,0
ORD002902,U04358,S015206,2023-06-22,CZ,Android,control,Sports,14.05,2,1
ORD002903,U04360,S015211,2023-06-20,SK,iOS,control,Fashion,151.96,3,0
ORD002904,U04361,S015214,2023-08-16,DE,iOS,variant,Fashion,19.44,5,1
ORD002905,U04364,S015223,2023-08-01,DE,iOS,control,Sports,43.6,6,0
ORD002906,U04364,S015225,2023-06-15,DE,iOS,variant,Fashion,252.36,6,0
ORD002907,U04366,S015231,2023-06-07,DE,iOS,variant,Electronics,274.3,4,0
ORD002908,U04368,S015238,2023-08-20,DE,Android,control,Fashion,107.76,5,0
ORD002909,U04369,S015245,2023-07-12,RO,Android,control,Sports,165.59,2,0
ORD002910,U04371,S015252,2023-06-16,DE,iOS,variant,Beauty,74.9,3,0
ORD002911,U04372,S015254,2023-06-25,CZ,iOS,variant,Electronics,145.23,4,0
ORD002912,U04373,S015259,2023-06-01,CZ,Android,control,Fashion,222.97,1,0
ORD002913,U04374,S015262,2023-08-24,PL,Android,variant,Electronics,142.99,1,0
ORD002914,U04376,S015268,2023-06-02,PL,iOS,control,Beauty,195.73,3,0
ORD002915,U04377,S015270,2023-06-05,PL,iOS,variant,Fashion,207.77,4,0
ORD002916,U04378,S015272,2023-06-08,DE,Android,control,Fashion,114.51,3,0
ORD002917,U04378,S015273,2023-07-22,DE,Android,variant,Fashion,136.02,2,1
ORD002918,U04380,S015281,2023-06-26,PL,iOS,control,Home & Garden,166.79,4,0
ORD002919,U04381,S015285,2023-06-17,SK,iOS,control,Beauty,200.85,2,0
ORD002920,U04383,S015291,2023-07-03,DE,Android,variant,Home & Garden,118.69,4,0
ORD002921,U04383,S015294,2023-08-02,DE,Android,variant,Beauty,255.17,1,0
ORD002922,U04386,S015300,2023-08-01,PL,iOS,control,Sports,265.87,2,0
ORD002923,U04387,S015306,2023-07-24,DE,iOS,variant,Fashion,67.94,3,1
ORD002924,U04395,S015328,2023-08-13,DE,Android,variant,Electronics,238.27,4,0
ORD002925,U04395,S015329,2023-07-26,DE,Android,variant,Fashion,240.86,3,1
ORD002926,U04395,S015331,2023-07-30,DE,Android,variant,Beauty,260.26,5,0
ORD002927,U04398,S015337,2023-08-18,PL,Android,control,Fashion,207.93,4,0
ORD002928,U04399,S015344,2023-07-23,PL,Android,control,Sports,14.23,6,0
ORD002929,U04400,S015349,2023-07-03,PL,iOS,control,Sports,253.42,1,1
ORD002930,U04403,S015360,2023-06-23,DE,iOS,variant,Fashion,84.27,3,0
ORD002931,U04404,S015362,2023-08-05,DE,Android,variant,Electronics,218.58,4,0
ORD002932,U04407,S015372,2023-08-15,SK,Android,variant,Beauty,222.53,4,0
ORD002933,U04407,S015375,2023-06-30,SK,Android,variant,Sports,44.67,5,0
ORD002934,U04408,S015376,2023-08-24,DE,iOS,variant,Beauty,39.9,1,0
ORD002935,U04408,S015377,2023-06-09,DE,iOS,control,Home & Garden,16.25,6,0
ORD002936,U04409,S015381,2023-06-28,CZ,iOS,variant,Beauty,67.45,6,0
ORD002937,U04409,S015382,2023-08-29,CZ,iOS,variant,Sports,284.56,1,1
ORD002938,U04409,S015383,2023-06-22,CZ,iOS,variant,Home & Garden,11.24,1,0
ORD002939,U04410,S015386,2023-07-21,DE,Android,control,Fashion,289.55,3,1
ORD002940,U04413,S015397,2023-08-18,DE,iOS,control,Sports,256.77,3,1
ORD002941,U04415,S015405,2023-08-16,PL,Android,control,Beauty,109.61,1,0
ORD002942,U04415,S015406,2023-08-04,PL,Android,control,Home & Garden,123.67,2,0
ORD002943,U04415,S015407,2023-06-22,PL,Android,variant,Electronics,154.86,4,0
ORD002944,U04416,S015412,2023-07-18,DE,Android,variant,Electronics,185.29,5,0
ORD002945,U04417,S015414,2023-06-17,RO,iOS,control,Home & Garden,32.69,4,0
ORD002946,U04419,S015424,2023-07-25,CZ,iOS,variant,Home & Garden,232.84,3,0
ORD002947,U04420,S015426,2023-08-25,PL,Android,variant,Sports,30.63,2,0
ORD002948,U04420,S015427,2023-07-25,PL,Android,variant,Beauty,143.2,4,0
ORD002949,U04420,S015429,2023-07-03,PL,Android,variant,Fashion,144.24,3,0
ORD002950,U04421,S015430,2023-06-18,DE,Android,control,Home & Garden,120.62,6,1
ORD002951,U04421,S015431,2023-06-26,DE,Android,variant,Home & Garden,207.75,4,0
ORD002952,U04422,S015434,2023-08-03,PL,iOS,control,Electronics,213.9,1,1
ORD002953,U04424,S015438,2023-08-02,DE,Android,variant,Electronics,233.69,4,0
ORD002954,U04424,S015440,2023-07-25,DE,Android,variant,Home & Garden,152.3,2,0
ORD002955,U04425,S015441,2023-06-16,DE,Android,control,Beauty,37.53,5,0
ORD002956,U04425,S015442,2023-07-28,DE,Android,control,Fashion,138.97,5,0
ORD002957,U04426,S015445,2023-06-04,DE,Android,variant,Sports,11.86,4,1
ORD002958,U04429,S015456,2023-07-02,CZ,iOS,variant,Fashion,38.47,5,0
ORD002959,U04430,S015461,2023-08-24,PL,Android,control,Sports,266.68,4,0
ORD002960,U04431,S015463,2023-06-23,CZ,Android,variant,Beauty,177.83,3,1
ORD002961,U04434,S015474,2023-06-25,SK,Android,control,Fashion,31.52,3,0
ORD002962,U04435,S015479,2023-07-12,DE,iOS,variant,Electronics,192.18,2,0
ORD002963,U04435,S015480,2023-07-05,DE,iOS,variant,Electronics,256.76,3,0
ORD002964,U04436,S015482,2023-08-06,CZ,Android,control,Sports,266.77,6,0
ORD002965,U04438,S015491,2023-08-10,CZ,Android,variant,Fashion,140.47,3,0
ORD002966,U04439,S015493,2023-07-29,DE,Android,variant,Electronics,89.12,6,0
ORD002967,U04441,S015500,2023-06-06,RO,Android,variant,Fashion,185.59,6,1
ORD002968,U04442,S015503,2023-08-04,SK,iOS,variant,Fashion,199.78,6,1
ORD002969,U04444,S015512,2023-08-28,PL,Android,variant,Electronics,102.36,6,0
ORD002970,U04444,S015513,2023-07-23,PL,Android,variant,Home & Garden,140.3,6,0
ORD002971,U04445,S015516,2023-07-01,PL,Android,control,Electronics,50.82,2,0
ORD002972,U04447,S015523,2023-08-15,DE,iOS,control,Fashion,222.61,6,0
ORD002973,U04449,S015528,2023-07-05,DE,Android,control,Fashion,143.38,4,0
ORD002974,U04450,S015531,2023-06-27,DE,Android,variant,Beauty,130.42,1,0
ORD002975,U04453,S015542,2023-08-29,DE,Android,control,Beauty,150.14,1,0
ORD002976,U04454,S015547,2023-07-30,RO,Android,variant,Electronics,188.44,2,1
ORD002977,U04458,S015558,2023-08-28,DE,iOS,variant,Fashion,80.89,5,0
ORD002978,U04460,S015563,2023-08-18,PL,Android,control,Beauty,141.52,1,0
ORD002979,U04460,S015566,2023-07-29,PL,Android,control,Sports,196.42,5,0
ORD002980,U04461,S015567,2023-08-04,DE,iOS,control,Fashion,79.46,4,0
ORD002981,U04464,S015580,2023-07-09,PL,Android,variant,Electronics,22.82,3,0
ORD002982,U04465,S015581,2023-08-27,PL,iOS,control,Electronics,54.88,6,0
ORD002983,U04466,S015588,2023-08-25,PL,Android,variant,Beauty,147.18,1,0
ORD002984,U04469,S015601,2023-06-21,RO,iOS,variant,Sports,113.14,6,0
ORD002985,U04470,S015606,2023-06-03,CZ,iOS,variant,Sports,137.95,2,0
ORD002986,U04471,S015607,2023-08-08,PL,Android,variant,Fashion,105.56,1,0
ORD002987,U04473,S015615,2023-08-13,DE,Android,control,Electronics,25.14,2,0
ORD002988,U04474,S015618,2023-07-21,DE,iOS,control,Sports,53.78,2,0
ORD002989,U04478,S015636,2023-07-02,CZ,Android,control,Fashion,293.74,2,0
ORD002990,U04478,S015637,2023-08-10,CZ,Android,variant,Home & Garden,211.04,2,0
ORD002991,U04479,S015642,2023-07-06,SK,Android,control,Fashion,88.23,3,0
ORD002992,U04480,S015643,2023-08-20,PL,Android,variant,Home & Garden,268.83,5,0
ORD002993,U04480,S015647,2023-06-03,PL,Android,variant,Fashion,77.44,3,0
ORD002994,U04481,S015649,2023-06-07,CZ,Android,variant,Electronics,254.55,4,1
ORD002995,U04481,S015650,2023-06-01,CZ,Android,control,Fashion,247.98,6,0
ORD002996,U04483,S015658,2023-07-18,SK,Android,variant,Sports,167.89,5,0
ORD002997,U04484,S015662,2023-07-28,DE,iOS,control,Sports,162.66,2,0
ORD002998,U04485,S015665,2023-07-18,DE,Android,control,Beauty,63.56,2,1
ORD002999,U04488,S015679,2023-08-14,DE,Android,variant,Electronics,62.49,3,0
ORD003000,U04488,S015680,2023-07-19,DE,Android,variant,Beauty,267.96,6,0
ORD003001,U04488,S015681,2023-08-24,DE,Android,control,Electronics,236.93,2,0
ORD003002,U04490,S015686,2023-07-30,PL,Android,control,Home & Garden,43.93,6,0
ORD003003,U04491,S015689,2023-06-21,PL,Android,control,Fashion,153.62,6,0
ORD003004,U04493,S015698,2023-07-14,PL,Android,variant,Sports,36.81,1,0
ORD003005,U04494,S015701,2023-07-30,PL,Android,variant,Fashion,49.77,3,0
ORD003006,U04494,S015702,2023-06-15,PL,Android,control,Fashion,252.04,3,0
ORD003007,U04500,S015725,2023-06-22,PL,iOS,control,Home & Garden,52.25,2,0
ORD003008,U04502,S015731,2023-08-15,CZ,Android,control,Sports,14.12,3,0
ORD003009,U04504,S015738,2023-08-22,PL,Android,variant,Fashion,140.58,1,0
ORD003010,U04508,S015748,2023-07-05,DE,iOS,variant,Sports,125.96,4,0
ORD003011,U04511,S015757,2023-07-19,PL,Android,variant,Beauty,293.88,2,0
ORD003012,U04511,S015759,2023-06-04,PL,Android,variant,Home & Garden,283.74,2,0
ORD003013,U04513,S015763,2023-06-06,RO,iOS,variant,Home & Garden,111.32,5,0
ORD003014,U04513,S015765,2023-08-06,RO,iOS,control,Beauty,235.41,1,0
ORD003015,U04514,S015767,2023-07-26,DE,Android,variant,Home & Garden,117.28,3,0
ORD003016,U04514,S015768,2023-08-21,DE,Android,variant,Sports,119.84,4,0
ORD003017,U04515,S015771,2023-06-10,DE,Android,control,Sports,125.42,5,0
ORD003018,U04516,S015772,2023-06-15,DE,iOS,control,Beauty,202.78,1,0
ORD003019,U04516,S015773,2023-07-07,DE,iOS,variant,Beauty,298.17,5,0
ORD003020,U04520,S015789,2023-07-15,DE,Android,control,Electronics,97.85,3,0
ORD003021,U04523,S015798,2023-06-05,RO,Android,variant,Electronics,27.43,2,1
ORD003022,U04523,S015799,2023-07-09,RO,Android,variant,Beauty,212.79,5,1
ORD003023,U04525,S015806,2023-06-30,DE,iOS,variant,Sports,218.2,4,0
ORD003024,U04526,S015808,2023-08-27,DE,Android,variant,Electronics,221.66,3,0
ORD003025,U04528,S015817,2023-08-05,DE,Android,variant,Sports,63.55,6,0
ORD003026,U04529,S015822,2023-06-25,DE,Android,control,Sports,197.45,2,0
ORD003027,U04533,S015834,2023-08-05,DE,Android,variant,Beauty,43.11,6,0
ORD003028,U04533,S015835,2023-06-22,DE,Android,variant,Beauty,32.95,4,0
ORD003029,U04533,S015836,2023-08-18,DE,Android,control,Beauty,278.68,3,0
ORD003030,U04534,S015838,2023-06-26,SK,iOS,variant,Home & Garden,22.13,6,0
ORD003031,U04534,S015841,2023-08-09,SK,iOS,control,Electronics,237.74,4,0
ORD003032,U04541,S015863,2023-07-28,SK,Android,control,Fashion,243.01,1,0
ORD003033,U04544,S015872,2023-07-22,DE,Android,variant,Beauty,177.3,2,0
ORD003034,U04544,S015873,2023-06-10,DE,Android,variant,Fashion,204.22,4,0
ORD003035,U04544,S015875,2023-07-22,DE,Android,variant,Beauty,290.4,1,0
ORD003036,U04547,S015880,2023-08-08,CZ,Android,control,Sports,79.33,1,0
ORD003037,U04547,S015882,2023-07-11,CZ,Android,variant,Sports,97.32,2,0
ORD003038,U04550,S015889,2023-06-11,DE,Android,variant,Electronics,153.3,1,0
ORD003039,U04551,S015895,2023-07-04,PL,Android,control,Electronics,162.31,3,0
ORD003040,U04552,S015898,2023-07-02,PL,iOS,variant,Sports,42.15,5,0
ORD003041,U04552,S015900,2023-06-08,PL,iOS,control,Fashion,288.23,3,0
ORD003042,U04554,S015906,2023-08-04,CZ,Android,control,Home & Garden,15.94,2,0
ORD003043,U04555,S015909,2023-07-06,DE,Android,control,Beauty,131.49,2,0
ORD003044,U04556,S015912,2023-06-02,CZ,Android,variant,Home & Garden,142.81,4,0
ORD003045,U04557,S015915,2023-08-24,DE,iOS,control,Sports,236.78,3,0
ORD003046,U04557,S015919,2023-08-25,DE,iOS,control,Sports,149.87,1,1
ORD003047,U04559,S015923,2023-08-26,DE,Android,control,Electronics,74.59,5,0
ORD003048,U04559,S015924,2023-08-18,DE,Android,variant,Beauty,67.61,2,0
ORD003049,U04560,S015928,2023-08-02,CZ,iOS,variant,Home & Garden,69.99,5,0
ORD003050,U04561,S015930,2023-08-12,DE,Android,variant,Fashion,101.83,6,0
ORD003051,U04565,S015941,2023-08-12,PL,iOS,variant,Beauty,241.36,6,0
ORD003052,U04565,S015943,2023-07-25,PL,iOS,control,Sports,226.77,6,0
ORD003053,U04565,S015944,2023-06-30,PL,iOS,variant,Beauty,77.04,4,0
ORD003054,U04567,S015950,2023-07-01,SK,Android,control,Beauty,250.56,4,0
ORD003055,U04568,S015953,2023-07-14,PL,iOS,control,Home & Garden,105.5,3,0
ORD003056,U04570,S015959,2023-07-07,DE,Android,variant,Electronics,190.95,4,0
ORD003057,U04570,S015962,2023-06-16,DE,Android,variant,Beauty,226.18,6,0
ORD003058,U04571,S015965,2023-06-05,DE,iOS,variant,Home & Garden,214.5,1,1
ORD003059,U04575,S015977,2023-07-18,DE,iOS,control,Fashion,110.17,1,0
ORD003060,U04576,S015985,2023-07-10,PL,Android,control,Electronics,198.62,5,1
ORD003061,U04577,S015989,2023-07-19,SK,iOS,variant,Beauty,258.84,4,0
ORD003062,U04579,S015992,2023-08-09,SK,iOS,control,Fashion,231.92,5,0
ORD003063,U04581,S016002,2023-07-19,CZ,iOS,control,Sports,185.32,3,0
ORD003064,U04581,S016004,2023-07-25,CZ,iOS,control,Home & Garden,84.38,1,0
ORD003065,U04583,S016007,2023-07-30,CZ,Android,variant,Sports,228.79,5,0
ORD003066,U04584,S016009,2023-08-02,DE,iOS,control,Fashion,220.55,5,0
ORD003067,U04584,S016011,2023-07-15,DE,iOS,variant,Fashion,66.34,1,0
ORD003068,U04586,S016018,2023-07-10,DE,Android,variant,Home & Garden,258.59,2,0
ORD003069,U04589,S016029,2023-08-25,PL,Android,variant,Home & Garden,196.46,1,1
ORD003070,U04590,S016035,2023-07-19,CZ,iOS,variant,Fashion,114.05,5,0
ORD003071,U04591,S016036,2023-06-12,CZ,iOS,variant,Beauty,153.18,6,0
ORD003072,U04592,S016041,2023-08-03,DE,Android,variant,Beauty,181.78,2,0
ORD003073,U04594,S016044,2023-08-17,DE,Android,variant,Fashion,48.47,6,0
ORD003074,U04595,S016046,2023-08-17,RO,Android,control,Home & Garden,192.36,4,0
ORD003075,U04597,S016054,2023-06-21,CZ,iOS,variant,Beauty,233.52,4,0
ORD003076,U04597,S016055,2023-07-07,CZ,iOS,control,Sports,94.19,3,1
ORD003077,U04599,S016061,2023-08-07,PL,iOS,control,Sports,50.12,4,0
ORD003078,U04601,S016071,2023-07-22,DE,iOS,control,Beauty,143.02,5,0
ORD003079,U04605,S016083,2023-07-15,PL,Android,control,Fashion,249.35,5,0
ORD003080,U04606,S016086,2023-07-10,PL,iOS,control,Fashion,279.64,5,0
ORD003081,U04606,S016088,2023-08-01,PL,iOS,control,Fashion,296.05,3,0
ORD003082,U04607,S016093,2023-07-27,DE,Android,control,Fashion,124.69,1,1
ORD003083,U04610,S016103,2023-07-16,DE,Android,control,Beauty,52.74,6,0
ORD003084,U04612,S016108,2023-08-05,PL,Android,control,Sports,205.58,2,0
ORD003085,U04612,S016109,2023-08-08,PL,Android,variant,Fashion,38.39,2,0
ORD003086,U04612,S016110,2023-08-06,PL,Android,variant,Sports,280.69,5,0
ORD003087,U04613,S016113,2023-06-22,SK,Android,variant,Home & Garden,176.78,4,1
ORD003088,U04616,S016126,2023-06-09,DE,iOS,variant,Electronics,233.06,6,0
ORD003089,U04618,S016132,2023-07-25,DE,iOS,variant,Electronics,148.77,6,0
ORD003090,U04620,S016142,2023-06-09,DE,iOS,control,Sports,46.44,5,0
ORD003091,U04620,S016143,2023-08-07,DE,iOS,control,Beauty,130.97,6,0
ORD003092,U04624,S016156,2023-07-15,PL,iOS,control,Fashion,25.03,4,0
ORD003093,U04624,S016157,2023-07-26,PL,iOS,control,Home & Garden,95.42,1,0
ORD003094,U04625,S016159,2023-08-12,DE,Android,variant,Beauty,220.31,3,0
ORD003095,U04627,S016163,2023-08-23,CZ,iOS,control,Fashion,85.13,4,1
ORD003096,U04627,S016164,2023-07-26,CZ,iOS,variant,Beauty,73.79,3,0
ORD003097,U04628,S016168,2023-07-04,CZ,iOS,control,Sports,286.53,2,0
ORD003098,U04629,S016170,2023-06-18,PL,Android,control,Electronics,90.26,5,0
ORD003099,U04632,S016181,2023-08-17,DE,iOS,control,Fashion,52.58,4,0
ORD003100,U04633,S016184,2023-08-26,PL,Android,variant,Fashion,233.21,5,0
ORD003101,U04634,S016185,2023-08-22,PL,Android,control,Sports,223.67,2,0
ORD003102,U04636,S016193,2023-06-15,DE,iOS,control,Beauty,70.3,6,0
ORD003103,U04637,S016195,2023-07-08,DE,Android,variant,Home & Garden,298.58,5,0
ORD003104,U04642,S016216,2023-07-20,PL,iOS,control,Fashion,168.77,6,0
ORD003105,U04644,S016221,2023-07-12,PL,Android,variant,Fashion,146.3,2,0
ORD003106,U04647,S016231,2023-08-06,DE,Android,control,Electronics,244.46,2,0
ORD003107,U04649,S016239,2023-08-10,SK,iOS,variant,Home & Garden,149.69,1,0
ORD003108,U04650,S016243,2023-07-22,CZ,iOS,variant,Fashion,43.83,5,0
ORD003109,U04652,S016250,2023-07-24,DE,iOS,control,Home & Garden,172.85,3,0
ORD003110,U04652,S016251,2023-06-29,DE,iOS,variant,Fashion,97.79,4,0
ORD003111,U04654,S016255,2023-06-01,DE,Android,control,Fashion,89.53,4,0
ORD003112,U04661,S016277,2023-06-29,PL,Android,variant,Fashion,268.64,2,0
ORD003113,U04663,S016282,2023-07-02,DE,Android,variant,Fashion,163.96,6,0
ORD003114,U04663,S016283,2023-07-25,DE,Android,control,Electronics,62.69,3,0
ORD003115,U04665,S016288,2023-08-03,CZ,Android,control,Fashion,30.11,2,0
ORD003116,U04674,S016318,2023-07-29,PL,Android,control,Electronics,136.85,1,0
ORD003117,U04677,S016328,2023-08-06,CZ,iOS,variant,Sports,145.26,1,0
ORD003118,U04677,S016329,2023-08-23,CZ,iOS,variant,Electronics,199.39,6,0
ORD003119,U04678,S016331,2023-07-14,DE,iOS,variant,Electronics,299.75,3,1
ORD003120,U04678,S016333,2023-06-26,DE,iOS,control,Sports,189.57,3,0
ORD003121,U04678,S016334,2023-08-20,DE,iOS,variant,Beauty,210.82,5,0
ORD003122,U04680,S016337,2023-07-10,DE,iOS,variant,Home & Garden,247.96,3,0
ORD003123,U04683,S016345,2023-08-24,CZ,Android,variant,Fashion,66.43,4,1
ORD003124,U04686,S016354,2023-07-15,SK,Android,variant,Beauty,247.33,5,0
ORD003125,U04686,S016355,2023-08-01,SK,Android,control,Sports,85.94,2,1
ORD003126,U04688,S016363,2023-06-05,SK,Android,variant,Fashion,17.53,4,0
ORD003127,U04688,S016366,2023-08-07,SK,Android,control,Sports,197.4,2,0
ORD003128,U04690,S016373,2023-06-30,PL,iOS,variant,Fashion,61.21,4,0
ORD003129,U04694,S016389,2023-07-29,CZ,iOS,variant,Sports,45.89,3,0
ORD003130,U04694,S016390,2023-07-21,CZ,iOS,control,Fashion,187.98,1,0
ORD003131,U04695,S016391,2023-08-06,DE,Android,variant,Electronics,213.68,6,0
ORD003132,U04699,S016406,2023-06-08,DE,iOS,variant,Fashion,61.47,1,0
ORD003133,U04700,S016408,2023-07-21,PL,Android,variant,Electronics,74.86,5,0
ORD003134,U04701,S016412,2023-06-19,DE,Android,variant,Sports,108.53,3,1
ORD003135,U04702,S016414,2023-07-06,DE,Android,control,Fashion,77.46,1,0
ORD003136,U04702,S016416,2023-08-16,DE,Android,variant,Electronics,155.62,1,1
ORD003137,U04707,S016433,2023-07-07,PL,Android,variant,Electronics,215.92,6,1
ORD003138,U04708,S016435,2023-08-08,CZ,iOS,variant,Sports,74.99,3,0
ORD003139,U04711,S016442,2023-08-13,PL,iOS,variant,Beauty,50.57,3,1
ORD003140,U04711,S016445,2023-06-09,PL,iOS,control,Beauty,270.19,2,0
ORD003141,U04718,S016465,2023-06-01,DE,iOS,control,Electronics,25.96,5,1
ORD003142,U04721,S016481,2023-08-11,DE,Android,variant,Beauty,54.23,6,1
ORD003143,U04725,S016497,2023-06-27,PL,Android,variant,Sports,287.4,4,0
ORD003144,U04726,S016499,2023-08-13,CZ,Android,control,Fashion,225.03,1,1
ORD003145,U04729,S016506,2023-07-29,DE,iOS,control,Home & Garden,39.72,5,1
ORD003146,U04730,S016509,2023-06-23,DE,Android,control,Fashion,183.57,4,0
ORD003147,U04732,S016512,2023-07-26,DE,Android,variant,Fashion,46.43,5,0
ORD003148,U04736,S016528,2023-06-21,SK,iOS,control,Home & Garden,26.64,3,0
ORD003149,U04737,S016532,2023-07-05,PL,Android,variant,Electronics,280.31,3,0
ORD003150,U04738,S016537,2023-08-06,RO,Android,variant,Electronics,45.34,6,0
ORD003151,U04739,S016540,2023-08-07,DE,Android,control,Electronics,189.98,3,1
ORD003152,U04739,S016541,2023-06-24,DE,Android,variant,Sports,249.23,6,0
ORD003153,U04743,S016550,2023-06-19,DE,Android,control,Electronics,54.95,4,0
ORD003154,U04743,S016552,2023-08-19,DE,Android,variant,Beauty,163.59,6,0
ORD003155,U04744,S016555,2023-06-01,DE,iOS,variant,Fashion,66.43,5,0
ORD003156,U04745,S016556,2023-07-09,DE,iOS,variant,Fashion,95.37,3,0
ORD003157,U04745,S016557,2023-06-23,DE,iOS,control,Sports,133.98,6,0
ORD003158,U04746,S016560,2023-07-30,DE,iOS,control,Electronics,158.81,2,0
ORD003159,U04747,S016562,2023-06-29,RO,iOS,control,Home & Garden,61.21,5,0
ORD003160,U04751,S016577,2023-06-14,RO,Android,control,Home & Garden,198.31,4,0
ORD003161,U04753,S016586,2023-07-15,DE,iOS,control,Home & Garden,177.23,3,0
ORD003162,U04755,S016590,2023-06-05,DE,iOS,variant,Home & Garden,196.38,6,0
ORD003163,U04756,S016594,2023-06-10,PL,iOS,variant,Fashion,166.42,5,0
ORD003164,U04757,S016596,2023-06-09,DE,Android,variant,Electronics,187.96,4,0
ORD003165,U04757,S016597,2023-06-12,DE,Android,control,Fashion,232.01,2,1
ORD003166,U04758,S016600,2023-07-23,DE,Android,variant,Electronics,105.43,1,0
ORD003167,U04761,S016610,2023-08-21,CZ,iOS,control,Electronics,229.95,3,0
ORD003168,U04762,S016612,2023-08-06,DE,Android,variant,Electronics,256.24,1,0
ORD003169,U04765,S016624,2023-06-02,CZ,iOS,variant,Fashion,278.32,5,0
ORD003170,U04765,S016625,2023-07-30,CZ,iOS,variant,Electronics,54.04,6,0
ORD003171,U04767,S016628,2023-08-07,SK,iOS,variant,Sports,244.25,5,0
ORD003172,U04767,S016629,2023-06-16,SK,iOS,control,Sports,195.94,3,0
ORD003173,U04769,S016637,2023-08-19,DE,Android,variant,Fashion,135.35,1,0
ORD003174,U04775,S016652,2023-07-10,DE,Android,variant,Electronics,220.86,6,0
ORD003175,U04777,S016660,2023-07-24,PL,Android,variant,Beauty,296.59,1,0
ORD003176,U04778,S016661,2023-08-25,DE,Android,variant,Sports,171.33,3,0
ORD003177,U04778,S016664,2023-07-31,DE,Android,variant,Sports,246.98,1,0
ORD003178,U04780,S016670,2023-07-02,DE,Android,control,Home & Garden,102.35,6,0
ORD003179,U04782,S016676,2023-08-01,CZ,Android,variant,Sports,71.21,1,0
ORD003180,U04783,S016681,2023-08-19,SK,iOS,control,Beauty,63.07,1,0
ORD003181,U04785,S016686,2023-08-02,PL,Android,control,Sports,230.84,3,0
ORD003182,U04785,S016688,2023-07-31,PL,Android,variant,Sports,183.99,6,0
ORD003183,U04786,S016689,2023-08-27,CZ,Android,variant,Sports,232.81,3,0
ORD003184,U04787,S016692,2023-07-12,CZ,iOS,control,Sports,11.83,1,0
ORD003185,U04789,S016699,2023-07-03,SK,iOS,variant,Home & Garden,153.31,5,1
ORD003186,U04790,S016704,2023-08-22,CZ,iOS,control,Fashion,261.16,6,0
ORD003187,U04795,S016725,2023-07-20,DE,Android,control,Beauty,246.63,5,0
ORD003188,U04798,S016733,2023-06-15,DE,iOS,variant,Fashion,167.18,1,0
ORD003189,U04799,S016735,2023-06-16,DE,Android,variant,Beauty,110.38,4,0
ORD003190,U04799,S016736,2023-06-14,DE,Android,variant,Beauty,269.47,6,0
ORD003191,U04804,S016749,2023-07-17,CZ,Android,control,Fashion,253.87,4,0
ORD003192,U04807,S016760,2023-08-21,DE,iOS,control,Sports,37.64,3,1
ORD003193,U04808,S016763,2023-08-21,RO,iOS,variant,Electronics,177.83,3,0
ORD003194,U04809,S016766,2023-07-11,DE,iOS,variant,Home & Garden,214.32,1,0
ORD003195,U04810,S016769,2023-08-28,PL,Android,variant,Fashion,115.54,1,0
ORD003196,U04811,S016772,2023-06-27,DE,Android,variant,Beauty,186.87,6,0
ORD003197,U04812,S016778,2023-06-08,CZ,Android,variant,Electronics,87.6,4,0
ORD003198,U04817,S016793,2023-06-30,CZ,Android,variant,Beauty,249.22,2,0
ORD003199,U04818,S016795,2023-07-25,DE,Android,control,Home & Garden,290.04,2,1
ORD003200,U04818,S016796,2023-08-25,DE,Android,variant,Fashion,168.03,2,0
ORD003201,U04818,S016797,2023-06-01,DE,Android,variant,Sports,240.83,4,0
ORD003202,U04818,S016799,2023-08-29,DE,Android,variant,Electronics,110.62,4,0
ORD003203,U04824,S016819,2023-08-11,SK,Android,variant,Fashion,123.99,3,0
ORD003204,U04824,S016820,2023-07-08,SK,Android,control,Electronics,241.63,3,1
ORD003205,U04825,S016822,2023-08-13,PL,Android,variant,Electronics,234.23,1,0
ORD003206,U04825,S016823,2023-08-24,PL,Android,control,Sports,96.56,3,0
ORD003207,U04826,S016828,2023-06-08,PL,iOS,variant,Electronics,207.09,4,0
ORD003208,U04828,S016836,2023-07-26,CZ,iOS,variant,Sports,153.85,2,0
ORD003209,U04829,S016840,2023-08-05,PL,iOS,variant,Fashion,161.2,4,0
ORD003210,U04830,S016844,2023-07-27,DE,Android,control,Electronics,187.69,1,1
ORD003211,U04831,S016846,2023-07-02,DE,Android,variant,Home & Garden,109.44,5,0
ORD003212,U04831,S016847,2023-07-29,DE,Android,variant,Home & Garden,22.34,5,0
ORD003213,U04832,S016851,2023-07-02,DE,iOS,variant,Fashion,15.67,4,0
ORD003214,U04834,S016856,2023-06-01,DE,iOS,variant,Sports,50.36,6,0
ORD003215,U04836,S016863,2023-06-25,DE,iOS,control,Fashion,241.91,3,0
ORD003216,U04848,S016895,2023-06-10,DE,iOS,control,Beauty,245.81,5,0
ORD003217,U04856,S016921,2023-07-15,PL,Android,variant,Fashion,280.21,1,0
ORD003218,U04858,S016928,2023-06-01,DE,iOS,variant,Beauty,13.97,6,0
ORD003219,U04859,S016929,2023-07-23,SK,iOS,variant,Beauty,84.61,2,1
ORD003220,U04860,S016937,2023-06-26,PL,Android,variant,Sports,90.3,3,0
ORD003221,U04862,S016945,2023-07-01,PL,Android,control,Beauty,143.83,4,0
ORD003222,U04863,S016949,2023-06-20,PL,Android,variant,Fashion,290.0,5,0
ORD003223,U04863,S016953,2023-08-27,PL,Android,control,Home & Garden,33.85,4,0
ORD003224,U04864,S016957,2023-06-24,PL,Android,variant,Fashion,15.06,4,0
ORD003225,U04865,S016959,2023-08-29,PL,Android,variant,Sports,214.91,5,0
ORD003226,U04868,S016967,2023-06-05,DE,Android,variant,Sports,271.62,2,0
ORD003227,U04869,S016970,2023-06-24,SK,iOS,variant,Electronics,70.15,5,0
ORD003228,U04870,S016976,2023-06-24,DE,Android,variant,Fashion,107.14,5,0
ORD003229,U04871,S016977,2023-07-09,RO,iOS,variant,Electronics,277.2,3,1
ORD003230,U04872,S016982,2023-06-03,PL,iOS,control,Home & Garden,118.33,3,1
ORD003231,U04872,S016984,2023-07-05,PL,iOS,control,Home & Garden,177.3,5,0
ORD003232,U04875,S016993,2023-07-10,RO,Android,variant,Electronics,293.01,3,0
ORD003233,U04875,S016994,2023-07-18,RO,Android,variant,Electronics,24.42,6,0
ORD003234,U04882,S017015,2023-07-05,DE,iOS,control,Beauty,223.99,5,0
ORD003235,U04883,S017019,2023-07-19,DE,Android,variant,Beauty,134.09,5,0
ORD003236,U04889,S017040,2023-06-01,DE,iOS,variant,Fashion,189.98,2,1
ORD003237,U04892,S017053,2023-06-23,PL,iOS,control,Sports,247.96,2,0
ORD003238,U04892,S017055,2023-06-01,PL,iOS,control,Sports,262.91,3,0
ORD003239,U04893,S017057,2023-06-04,PL,Android,control,Sports,297.03,5,1
ORD003240,U04894,S017059,2023-06-13,PL,Android,variant,Home & Garden,121.83,2,0
ORD003241,U04894,S017062,2023-06-28,PL,Android,variant,Electronics,113.47,4,0
ORD003242,U04895,S017065,2023-07-06,PL,Android,variant,Sports,47.42,2,1
ORD003243,U04895,S017067,2023-08-04,PL,Android,control,Sports,218.91,2,0
ORD003244,U04897,S017071,2023-08-10,CZ,Android,control,Sports,123.42,4,0
ORD003245,U04899,S017082,2023-06-01,CZ,Android,variant,Electronics,36.15,1,0
ORD003246,U04901,S017087,2023-08-04,RO,iOS,control,Fashion,171.36,6,0
ORD003247,U04905,S017101,2023-06-15,DE,Android,variant,Electronics,253.77,3,0
ORD003248,U04907,S017109,2023-08-21,PL,Android,control,Electronics,83.53,2,0
ORD003249,U04908,S017111,2023-07-24,DE,Android,variant,Beauty,118.16,3,0
ORD003250,U04908,S017113,2023-07-07,DE,Android,variant,Sports,134.52,2,0
ORD003251,U04911,S017123,2023-06-18,CZ,iOS,control,Fashion,235.42,4,0
ORD003252,U04911,S017124,2023-07-02,CZ,iOS,variant,Home & Garden,180.33,6,0
ORD003253,U04913,S017133,2023-08-06,PL,Android,control,Beauty,227.8,6,0
ORD003254,U04915,S017138,2023-08-22,SK,iOS,variant,Sports,248.61,4,0
ORD003255,U04916,S017140,2023-06-20,PL,iOS,variant,Sports,151.09,6,0
ORD003256,U04916,S017143,2023-07-16,PL,iOS,variant,Sports,40.47,4,0
ORD003257,U04917,S017144,2023-06-17,DE,iOS,control,Sports,256.5,6,0
ORD003258,U04920,S017155,2023-07-31,PL,iOS,control,Fashion,101.23,3,0
ORD003259,U04923,S017162,2023-08-01,DE,iOS,variant,Home & Garden,140.26,2,0
ORD003260,U04923,S017163,2023-06-06,DE,iOS,control,Electronics,38.91,1,0
ORD003261,U04924,S017167,2023-08-26,DE,iOS,control,Electronics,99.59,2,0
ORD003262,U04925,S017170,2023-06-25,CZ,iOS,control,Sports,77.42,2,0
ORD003263,U04927,S017175,2023-08-28,PL,iOS,control,Home & Garden,244.95,2,0
ORD003264,U04928,S017176,2023-07-08,DE,iOS,control,Fashion,287.36,3,0
ORD003265,U04928,S017178,2023-07-06,DE,iOS,control,Sports,21.03,3,0
ORD003266,U04929,S017184,2023-08-11,PL,Android,control,Beauty,81.43,1,0
ORD003267,U04930,S017187,2023-08-15,DE,Android,variant,Fashion,38.78,5,1
ORD003268,U04931,S017190,2023-07-16,PL,iOS,variant,Fashion,102.35,2,0
ORD003269,U04931,S017191,2023-08-18,PL,iOS,variant,Home & Garden,107.29,2,1
ORD003270,U04931,S017192,2023-06-22,PL,iOS,variant,Sports,78.52,5,0
ORD003271,U04932,S017195,2023-08-19,DE,iOS,variant,Fashion,163.69,4,1
ORD003272,U04933,S017197,2023-06-11,DE,Android,variant,Home & Garden,245.54,3,0
ORD003273,U04945,S017236,2023-07-14,DE,iOS,variant,Fashion,115.67,1,1
ORD003274,U04945,S017237,2023-08-17,DE,iOS,variant,Sports,17.09,5,0
ORD003275,U04948,S017245,2023-06-02,PL,Android,control,Fashion,204.8,1,1
ORD003276,U04950,S017252,2023-07-13,CZ,Android,variant,Home & Garden,111.83,1,0
ORD003277,U04950,S017254,2023-08-14,CZ,Android,control,Sports,95.18,1,0
ORD003278,U04953,S017266,2023-08-26,PL,Android,variant,Sports,75.85,3,1
ORD003279,U04953,S017267,2023-07-27,PL,Android,variant,Electronics,259.97,2,0
ORD003280,U04954,S017269,2023-06-24,PL,Android,control,Fashion,54.53,6,0
ORD003281,U04955,S017277,2023-08-24,DE,iOS,control,Fashion,191.31,1,0
ORD003282,U04956,S017279,2023-06-27,PL,iOS,variant,Home & Garden,86.47,4,0
ORD003283,U04956,S017280,2023-08-01,PL,iOS,variant,Beauty,193.49,4,0
ORD003284,U04958,S017284,2023-08-24,RO,Android,variant,Sports,188.74,4,0
ORD003285,U04958,S017285,2023-07-26,RO,Android,variant,Fashion,268.53,2,1
ORD003286,U04961,S017294,2023-08-05,DE,Android,control,Home & Garden,284.31,4,1
ORD003287,U04961,S017296,2023-08-28,DE,Android,variant,Fashion,235.93,5,0
ORD003288,U04963,S017301,2023-08-24,PL,Android,variant,Sports,141.12,3,0
ORD003289,U04966,S017311,2023-08-11,DE,Android,control,Home & Garden,167.39,2,0
ORD003290,U04967,S017315,2023-08-17,SK,Android,control,Home & Garden,291.82,6,1
ORD003291,U04968,S017320,2023-06-28,DE,Android,variant,Beauty,95.34,1,0
ORD003292,U04969,S017321,2023-08-26,SK,Android,control,Fashion,177.52,2,0
ORD003293,U04969,S017323,2023-08-18,SK,Android,variant,Fashion,216.34,6,0
ORD003294,U04970,S017326,2023-08-19,DE,Android,variant,Sports,106.61,2,0
ORD003295,U04971,S017334,2023-07-04,DE,Android,control,Sports,126.22,5,1
ORD003296,U04972,S017335,2023-06-14,DE,Android,variant,Beauty,176.88,5,0
ORD003297,U04974,S017343,2023-08-29,DE,iOS,control,Fashion,49.29,1,0
ORD003298,U04976,S017350,2023-07-29,DE,Android,variant,Fashion,115.61,5,0
ORD003299,U04980,S017361,2023-06-04,CZ,iOS,control,Electronics,124.07,2,0
ORD003300,U04980,S017362,2023-08-13,CZ,iOS,variant,Electronics,233.29,5,0
ORD003301,U04980,S017363,2023-06-25,CZ,iOS,variant,Home & Garden,232.09,1,0
ORD003302,U04980,S017364,2023-06-30,CZ,iOS,variant,Electronics,142.0,6,0
ORD003303,U04984,S017379,2023-06-25,CZ,Android,control,Home & Garden,41.9,4,1
ORD003304,U04985,S017381,2023-07-23,DE,Android,variant,Home & Garden,295.82,4,0
ORD003305,U04988,S017393,2023-06-02,SK,Android,control,Electronics,104.54,5,0
ORD003306,U04991,S017400,2023-07-26,DE,Android,variant,Sports,171.83,5,1
ORD003307,U04992,S017406,2023-07-18,CZ,Android,variant,Sports,280.29,3,0
ORD003308,U04996,S017420,2023-08-07,DE,iOS,variant,Sports,226.08,5,0
ORD003309,U04997,S017425,2023-07-30,DE,Android,variant,Electronics,247.81,3,0
ORD003310,U04998,S017426,2023-07-17,DE,iOS,control,Beauty,147.93,1,0
