user_id,country,device,user_type,registration_date,age_group
U00001,DE,iOS,new,2023-11-24,25-34
U00002,CZ,iOS,new,2023-02-22,45-54
U00003,DE,Android,returning,2023-01-17,18-24
U00004,DE,iOS,returning,2023-10-15,25-34
U00005,PL,iOS,new,2023-08-18,25-34
U00006,PL,Android,new,2023-12-24,35-44
U00007,DE,Android,returning,2023-02-22,55+
U00008,SK,iOS,returning,2023-05-16,45-54
U00009,PL,iOS,returning,2023-02-10,35-44
U00010,DE,Android,returning,2023-10-23,35-44
U00011,SK,iOS,new,2023-02-10,45-54
U00012,SK,Android,new,2023-11-22,35-44
U00013,RO,iOS,returning,2023-12-26,25-34
U00014,CZ,Android,new,2023-10-01,55+
U00015,CZ,iOS,returning,2023-04-23,25-34
U00016,SK,Android,new,2023-01-17,55+
U00017,DE,Android,returning,2023-06-11,45-54
U00018,DE,Android,returning,2023-03-15,35-44
U00019,PL,Android,new,2023-10-27,25-34
U00020,PL,iOS,returning,2023-09-18,25-34
U00021,DE,iOS,returning,2023-11-18,45-54
U00022,PL,Android,new,2023-07-15,55+
U00023,CZ,Android,returning,2023-01-06,35-44
U00024,DE,Android,new,2023-11-25,18-24
U00025,RO,iOS,returning,2023-05-15,18-24
U00026,DE,iOS,returning,2023-11-17,25-34
U00027,CZ,Android,returning,2023-07-11,55+
U00028,PL,Android,new,2023-01-01,35-44
U00029,DE,Android,returning,2023-06-07,18-24
U00030,CZ,iOS,returning,2023-02-13,55+
U00031,DE,Android,returning,2023-03-06,35-44
U00032,SK,Android,new,2023-09-28,55+
U00033,DE,Android,returning,2023-12-20,35-44
U00034,SK,Android,new,2023-08-13,18-24
U00035,DE,Android,returning,2023-06-23,18-24
U00036,CZ,Android,new,2023-02-06,18-24
U00037,DE,Android,returning,2023-06-19,25-34
U00038,DE,iOS,returning,2023-10-04,45-54
U00039,CZ,iOS,new,2023-05-05,18-24
U00040,PL,Android,returning,2023-12-04,18-24
U00041,CZ,iOS,new,2023-12-11,35-44
U00042,DE,Android,new,2023-02-25,45-54
U00043,DE,Android,returning,2023-04-04,45-54
U00044,DE,iOS,returning,2023-10-09,18-24
U00045,RO,iOS,new,2023-02-17,45-54
U00046,DE,Android,new,2023-09-04,45-54
U00047,RO,Android,returning,2023-01-02,45-54
U00048,PL,iOS,returning,2023-05-27,55+
U00049,CZ,Android,new,2023-12-05,18-24
U00050,CZ,Android,new,2023-10-24,18-24
U00051,PL,iOS,returning,2023-10-27,18-24
U00052,DE,Android,returning,2023-09-18,25-34
U00053,DE,iOS,new,2023-07-26,55+
U00054,PL,Android,returning,2023-01-21,55+
U00055,RO,Android,returning,2023-06-11,25-34
U00056,DE,iOS,new,2023-05-16,35-44
U00057,DE,iOS,returning,2023-02-07,18-24
U00058,PL,Android,new,2023-02-07,35-44
U00059,SK,Android,new,2023-02-05,55+
U00060,DE,iOS,returning,2023-12-27,55+
U00061,CZ,Android,returning,2023-01-05,18-24
U00062,DE,iOS,returning,2023-03-10,25-34
U00063,DE,Android,new,2023-05-20,35-44
U00064,PL,iOS,returning,2023-09-16,18-24
U00065,PL,Android,new,2023-11-21,25-34
U00066,RO,Android,new,2023-11-23,45-54
U00067,DE,Android,returning,2023-10-15,25-34
U00068,DE,Android,returning,2023-10-07,45-54
U00069,DE,Android,returning,2023-03-07,18-24
U00070,DE,Android,new,2023-07-03,55+
U00071,RO,iOS,returning,2023-07-28,25-34
U00072,RO,iOS,returning,2023-03-25,18-24
U00073,CZ,Android,returning,2023-04-02,25-34
U00074,DE,iOS,new,2023-05-17,18-24
U00075,DE,iOS,returning,2023-08-29,35-44
U00076,DE,iOS,new,2023-04-27,35-44
U00077,RO,Android,returning,2023-02-05,45-54
U00078,RO,Android,returning,2023-12-14,18-24
U00079,DE,iOS,new,2023-05-14,18-24
U00080,PL,iOS,new,2023-11-02,55+
U00081,DE,iOS,new,2023-09-19,18-24
U00082,PL,Android,returning,2023-12-29,25-34
U00083,PL,iOS,returning,2023-07-06,55+
U00084,CZ,Android,returning,2023-06-10,55+
U00085,CZ,Android,returning,2023-06-08,55+
U00086,DE,iOS,new,2023-03-07,25-34
U00087,PL,Android,returning,2023-11-12,35-44
U00088,DE,iOS,returning,2023-05-27,35-44
U00089,PL,iOS,returning,2023-08-27,25-34
U00090,DE,Android,returning,2023-12-04,35-44
U00091,SK,iOS,returning,2023-02-17,25-34
U00092,DE,Android,returning,2023-04-12,55+
U00093,PL,iOS,returning,2023-02-07,45-54
U00094,DE,Android,returning,2023-09-11,18-24
U00095,DE,iOS,returning,2023-08-06,45-54
U00096,PL,iOS,new,2023-01-26,25-34
U00097,CZ,iOS,returning,2023-08-26,45-54
U00098,SK,iOS,new,2023-11-10,55+
U00099,SK,iOS,returning,2023-08-17,35-44
U00100,SK,Android,returning,2023-05-07,45-54
U00101,DE,Android,returning,2023-11-17,25-34
U00102,DE,iOS,new,2023-05-20,25-34
U00103,DE,Android,new,2023-04-29,45-54
U00104,DE,Android,new,2023-07-28,45-54
U00105,RO,Android,returning,2023-07-19,55+
U00106,PL,iOS,new,2023-07-14,45-54
U00107,PL,iOS,returning,2023-08-03,25-34
U00108,DE,Android,new,2023-09-07,35-44
U00109,CZ,Android,new,2023-12-09,45-54
U00110,RO,Android,returning,2023-03-07,55+
U00111,CZ,Android,new,2023-10-16,45-54
U00112,DE,Android,new,2023-04-04,35-44
U00113,CZ,Android,returning,2023-06-22,45-54
U00114,SK,Android,returning,2023-05-10,18-24
U00115,DE,Android,returning,2023-06-29,18-24
U00116,RO,Android,new,2023-01-16,25-34
U00117,DE,iOS,returning,2023-05-03,25-34
U00118,CZ,iOS,new,2023-08-27,55+
U00119,CZ,Android,new,2023-02-28,55+
U00120,RO,Android,returning,2023-01-14,45-54
U00121,RO,Android,returning,2023-07-23,25-34
U00122,CZ,Android,returning,2023-02-22,18-24
U00123,CZ,Android,new,2023-10-17,35-44
U00124,PL,Android,returning,2023-02-05,45-54
U00125,PL,Android,returning,2023-02-24,45-54
U00126,DE,Android,returning,2023-12-29,35-44
U00127,SK,Android,returning,2023-11-12,45-54
U00128,DE,iOS,returning,2023-10-31,18-24
U00129,SK,Android,returning,2023-05-23,55+
U00130,DE,Android,returning,2023-12-09,25-34
U00131,DE,iOS,new,2023-09-07,55+
U00132,SK,Android,returning,2023-12-26,25-34
U00133,DE,Android,returning,2023-02-13,25-34
U00134,PL,iOS,new,2023-12-20,18-24
U00135,DE,Android,new,2023-02-17,55+
U00136,PL,Android,new,2023-07-08,55+
U00137,DE,Android,new,2023-06-19,25-34
U00138,CZ,Android,returning,2023-03-03,25-34
U00139,DE,Android,returning,2023-04-09,55+
U00140,DE,Android,new,2023-11-02,25-34
U00141,DE,Android,returning,2023-07-04,35-44
U00142,RO,Android,returning,2023-01-24,25-34
U00143,SK,Android,returning,2023-11-23,55+
U00144,PL,Android,new,2023-05-26,18-24
U00145,RO,Android,returning,2023-05-10,45-54
U00146,DE,iOS,new,2023-09-09,25-34
U00147,RO,Android,new,2023-10-16,55+
U00148,PL,iOS,new,2023-08-02,55+
U00149,PL,Android,returning,2023-07-14,45-54
U00150,PL,Android,returning,2023-06-06,18-24
U00151,PL,Android,new,2023-04-17,25-34
U00152,PL,Android,new,2023-03-30,55+
U00153,DE,Android,returning,2023-08-29,45-54
U00154,CZ,iOS,returning,2023-02-06,55+
U00155,SK,Android,new,2023-12-05,25-34
U00156,DE,Android,new,2023-11-28,18-24
U00157,CZ,Android,returning,2023-03-26,35-44
U00158,DE,iOS,returning,2023-08-13,35-44
U00159,PL,Android,returning,2023-09-14,45-54
U00160,PL,Android,new,2023-06-15,55+
U00161,RO,iOS,returning,2023-10-28,35-44
U00162,DE,iOS,returning,2023-10-23,45-54
U00163,DE,Android,returning,2023-05-23,45-54
U00164,PL,Android,new,2023-02-16,18-24
U00165,DE,iOS,new,2023-03-24,45-54
U00166,DE,Android,new,2023-10-09,18-24
U00167,SK,iOS,new,2023-07-26,55+
U00168,PL,Android,new,2023-08-25,45-54
U00169,PL,Android,new,2023-11-17,25-34
U00170,PL,iOS,new,2023-05-28,55+
U00171,CZ,Android,new,2023-05-03,45-54
U00172,DE,iOS,new,2023-02-17,18-24
U00173,SK,Android,returning,2023-11-28,55+
U00174,DE,iOS,returning,2023-12-28,25-34
U00175,PL,Android,returning,2023-08-22,55+
U00176,SK,Android,returning,2023-03-11,45-54
U00177,RO,Android,returning,2023-06-24,35-44
U00178,SK,Android,returning,2023-06-02,25-34
U00179,PL,Android,returning,2023-08-17,55+
U00180,PL,Android,new,2023-07-13,25-34
U00181,DE,iOS,new,2023-10-20,35-44
U00182,CZ,iOS,new,2023-08-31,25-34
U00183,RO,Android,returning,2023-09-11,35-44
U00184,SK,Android,returning,2023-02-21,45-54
U00185,CZ,Android,returning,2023-01-08,25-34
U00186,PL,iOS,new,2023-02-08,45-54
U00187,DE,Android,returning,2023-11-29,55+
U00188,RO,iOS,returning,2023-07-14,45-54
U00189,DE,Android,returning,2023-10-05,35-44
U00190,CZ,Android,new,2023-04-27,18-24
U00191,DE,Android,new,2023-08-16,35-44
U00192,DE,Android,new,2023-01-29,55+
U00193,PL,iOS,new,2023-07-30,18-24
U00194,SK,iOS,new,2023-11-09,55+
U00195,DE,iOS,returning,2023-03-15,18-24
U00196,RO,iOS,new,2023-08-27,45-54
U00197,RO,Android,returning,2023-06-26,35-44
U00198,SK,Android,new,2023-08-22,45-54
U00199,DE,Android,returning,2023-02-24,35-44
U00200,RO,iOS,new,2023-01-12,55+
U00201,CZ,iOS,returning,2023-12-18,45-54
U00202,CZ,Android,returning,2023-05-27,25-34
U00203,DE,Android,returning,2023-11-22,25-34
U00204,DE,iOS,new,2023-11-18,45-54
U00205,PL,iOS,new,2023-01-18,35-44
U00206,CZ,Android,new,2023-06-17,55+
U00207,PL,iOS,returning,2023-07-07,35-44
U00208,RO,Android,returning,2023-09-04,18-24
U00209,RO,Android,returning,2023-08-28,45-54
U00210,DE,iOS,new,2023-10-13,55+
U00211,PL,iOS,returning,2023-03-05,55+
U00212,SK,iOS,new,2023-07-15,25-34
U00213,DE,iOS,returning,2023-08-30,55+
U00214,PL,iOS,returning,2023-04-24,35-44
U00215,PL,Android,returning,2023-11-29,35-44
U00216,DE,Android,returning,2023-09-10,45-54
U00217,DE,iOS,returning,2023-08-21,55+
U00218,PL,iOS,returning,2023-08-03,18-24
U00219,PL,iOS,new,2023-09-08,35-44
U00220,PL,iOS,returning,2023-04-22,18-24
U00221,DE,iOS,returning,2023-12-18,18-24
U00222,DE,iOS,returning,2023-07-23,45-54
U00223,CZ,iOS,returning,2023-02-16,18-24
U00224,CZ,Android,new,2023-01-26,55+
U00225,DE,iOS,new,2023-04-16,25-34
U00226,DE,Android,returning,2023-04-30,18-24
U00227,SK,Android,new,2023-05-22,35-44
U00228,DE,iOS,new,2023-03-31,35-44
U00229,PL,Android,new,2023-05-02,25-34
U00230,PL,iOS,returning,2023-08-04,35-44
U00231,PL,Android,new,2023-09-20,55+
U00232,CZ,iOS,returning,2023-01-23,35-44
U00233,PL,Android,returning,2023-08-23,45-54
U00234,CZ,Android,returning,2023-08-07,18-24
U00235,DE,Android,new,2023-02-11,55+
U00236,PL,iOS,new,2023-11-21,55+
U00237,DE,Android,new,2023-09-29,18-24
U00238,CZ,iOS,returning,2023-12-02,25-34
U00239,PL,Android,new,2023-08-09,45-54
U00240,PL,Android,new,2023-07-24,35-44
U00241,RO,iOS,returning,2023-07-11,18-24
U00242,DE,Android,returning,2023-02-13,25-34
U00243,DE,iOS,returning,2023-10-12,18-24
U00244,DE,iOS,returning,2023-07-30,18-24
U00245,PL,Android,returning,2023-05-28,25-34
U00246,CZ,Android,new,2023-03-21,55+
U00247,DE,Android,new,2023-07-08,45-54
U00248,RO,iOS,returning,2023-10-15,55+
U00249,PL,iOS,returning,2023-01-14,18-24
U00250,DE,iOS,returning,2023-04-03,35-44
U00251,DE,Android,returning,2023-01-04,18-24
U00252,CZ,iOS,new,2023-03-14,55+
U00253,DE,Android,new,2023-04-21,35-44
U00254,CZ,Android,new,2023-06-16,18-24
U00255,DE,iOS,returning,2023-03-21,35-44
U00256,CZ,Android,new,2023-08-15,35-44
U00257,CZ,Android,new,2023-04-21,35-44
U00258,CZ,Android,returning,2023-12-14,18-24
U00259,DE,Android,new,2023-04-23,35-44
U00260,CZ,iOS,new,2023-04-19,18-24
U00261,PL,Android,new,2023-01-04,55+
U00262,DE,Android,returning,2023-12-27,35-44
U00263,DE,iOS,new,2023-02-06,45-54
U00264,SK,Android,returning,2023-02-09,45-54
U00265,DE,Android,new,2023-05-29,55+
U00266,SK,iOS,new,2023-08-24,18-24
U00267,PL,Android,new,2023-05-05,35-44
U00268,DE,iOS,new,2023-06-23,18-24
U00269,PL,iOS,new,2023-09-29,25-34
U00270,DE,Android,new,2023-05-01,25-34
U00271,DE,iOS,returning,2023-12-02,45-54
U00272,CZ,Android,returning,2023-10-16,55+
U00273,PL,iOS,returning,2023-11-26,35-44
U00274,PL,Android,returning,2023-03-19,35-44
U00275,DE,Android,new,2023-10-30,45-54
U00276,DE,iOS,new,2023-01-20,18-24
U00277,PL,Android,returning,2023-11-11,18-24
U00278,RO,Android,new,2023-08-19,55+
U00279,PL,iOS,returning,2023-09-01,35-44
U00280,PL,Android,new,2023-02-13,45-54
U00281,PL,iOS,new,2023-08-13,35-44
U00282,PL,Android,returning,2023-07-18,35-44
U00283,DE,Android,new,2023-02-03,35-44
U00284,RO,iOS,new,2023-12-03,18-24
U00285,CZ,iOS,new,2023-10-26,45-54
U00286,PL,iOS,new,2023-03-08,45-54
U00287,CZ,iOS,returning,2023-11-26,55+
U00288,PL,Android,new,2023-02-17,35-44
U00289,DE,Android,returning,2023-06-08,45-54
U00290,DE,Android,new,2023-04-09,18-24
U00291,CZ,iOS,returning,2023-09-17,18-24
U00292,DE,iOS,new,2023-12-05,45-54
U00293,DE,iOS,returning,2023-03-20,25-34
U00294,DE,Android,returning,2023-08-13,45-54
U00295,DE,iOS,new,2023-11-09,55+
U00296,DE,iOS,returning,2023-05-03,25-34
U00297,CZ,Android,new,2023-07-08,35-44
U00298,PL,Android,new,2023-07-15,25-34
U00299,DE,Android,returning,2023-11-06,35-44
U00300,RO,iOS,returning,2023-10-11,18-24
U00301,DE,Android,new,2023-05-26,55+
U00302,SK,Android,returning,2023-03-17,45-54
U00303,RO,Android,new,2023-06-28,35-44
U00304,DE,Android,new,2023-05-01,35-44
U00305,SK,iOS,returning,2023-02-20,25-34
U00306,DE,iOS,returning,2023-01-20,25-34
U00307,PL,iOS,returning,2023-12-28,18-24
U00308,DE,Android,returning,2023-05-12,55+
U00309,PL,iOS,new,2023-09-28,18-24
U00310,DE,iOS,returning,2023-01-25,18-24
U00311,SK,Android,returning,2023-02-26,55+
U00312,DE,Android,new,2023-10-22,55+
U00313,DE,Android,returning,2023-06-30,18-24
U00314,RO,Android,returning,2023-09-26,55+
U00315,PL,Android,returning,2023-09-17,45-54
U00316,DE,Android,returning,2023-07-11,35-44
U00317,CZ,iOS,returning,2023-05-04,35-44
U00318,DE,Android,returning,2023-03-10,25-34
U00319,PL,iOS,returning,2023-12-17,25-34
U00320,CZ,iOS,new,2023-02-02,25-34
U00321,CZ,iOS,new,2023-01-23,35-44
U00322,DE,iOS,returning,2023-09-21,18-24
U00323,DE,Android,returning,2023-11-28,35-44
U00324,DE,Android,returning,2023-05-20,45-54
U00325,DE,Android,returning,2023-07-17,35-44
U00326,DE,Android,new,2023-09-23,45-54
U00327,RO,Android,new,2023-11-05,18-24
U00328,DE,Android,new,2023-02-10,45-54
U00329,CZ,Android,new,2023-03-27,35-44
U00330,RO,Android,returning,2023-11-11,18-24
U00331,CZ,Android,returning,2023-02-08,25-34
U00332,DE,iOS,returning,2023-01-16,18-24
U00333,DE,iOS,new,2023-03-06,45-54
U00334,DE,Android,new,2023-10-18,35-44
U00335,PL,Android,new,2023-07-10,35-44
U00336,DE,Android,returning,2023-07-23,18-24
U00337,PL,Android,returning,2023-04-06,35-44
U00338,CZ,Android,returning,2023-05-14,45-54
U00339,DE,iOS,returning,2023-04-13,45-54
U00340,SK,iOS,returning,2023-02-14,35-44
U00341,DE,Android,returning,2023-12-30,25-34
U00342,CZ,iOS,new,2023-12-31,35-44
U00343,DE,iOS,returning,2023-09-18,25-34
U00344,DE,Android,new,2023-09-10,55+
U00345,PL,Android,new,2023-03-08,45-54
U00346,PL,Android,returning,2023-09-27,25-34
U00347,PL,Android,returning,2023-06-12,35-44
U00348,SK,iOS,returning,2023-03-07,25-34
U00349,PL,iOS,new,2023-03-08,18-24
U00350,DE,Android,new,2023-09-23,25-34
U00351,RO,Android,new,2023-06-27,18-24
U00352,DE,iOS,new,2023-05-09,35-44
U00353,PL,Android,new,2023-11-11,55+
U00354,DE,iOS,returning,2023-03-20,35-44
U00355,DE,iOS,new,2023-10-16,55+
U00356,CZ,iOS,new,2023-05-16,18-24
U00357,SK,Android,returning,2023-09-12,35-44
U00358,DE,iOS,new,2023-09-05,45-54
U00359,CZ,Android,new,2023-02-07,45-54
U00360,DE,Android,returning,2023-04-15,35-44
U00361,RO,Android,new,2023-06-26,55+
U00362,DE,Android,new,2023-02-24,25-34
U00363,DE,Android,new,2023-03-14,55+
U00364,DE,iOS,new,2023-08-03,35-44
U00365,CZ,Android,new,2023-10-23,55+
U00366,PL,Android,new,2023-08-28,45-54
U00367,PL,Android,returning,2023-09-16,18-24
U00368,DE,Android,returning,2023-01-26,45-54
U00369,PL,iOS,new,2023-05-27,35-44
U00370,CZ,Android,new,2023-07-07,55+
U00371,DE,Android,new,2023-10-15,55+
U00372,CZ,Android,returning,2023-08-19,55+
U00373,DE,Android,new,2023-03-02,35-44
U00374,RO,iOS,new,2023-10-13,55+
U00375,PL,Android,new,2023-07-25,35-44
U00376,PL,Android,returning,2023-08-31,25-34
U00377,RO,Android,new,2023-06-17,55+
U00378,PL,Android,returning,2023-06-03,45-54
U00379,PL,Android,new,2023-12-29,35-44
U00380,DE,Android,new,2023-12-11,18-24
U00381,PL,iOS,returning,2023-11-02,55+
U00382,DE,Android,returning,2023-10-23,55+
U00383,CZ,iOS,new,2023-11-19,25-34
U00384,PL,iOS,new,2023-01-17,45-54
U00385,PL,Android,new,2023-06-10,55+
U00386,RO,iOS,returning,2023-11-10,18-24
U00387,DE,Android,new,2023-12-28,45-54
U00388,DE,iOS,returning,2023-09-27,55+
U00389,PL,iOS,returning,2023-06-25,35-44
U00390,PL,iOS,new,2023-11-09,35-44
U00391,RO,iOS,returning,2023-04-26,25-34
U00392,CZ,Android,new,2023-12-20,35-44
U00393,DE,iOS,new,2023-05-28,45-54
U00394,RO,iOS,new,2023-06-26,35-44
U00395,DE,Android,new,2023-02-10,45-54
U00396,DE,Android,returning,2023-04-20,35-44
U00397,DE,iOS,new,2023-03-12,18-24
U00398,RO,Android,new,2023-12-09,18-24
U00399,DE,Android,returning,2023-07-31,25-34
U00400,RO,iOS,new,2023-01-03,45-54
U00401,CZ,iOS,new,2023-09-02,35-44
U00402,DE,iOS,returning,2023-11-27,25-34
U00403,CZ,iOS,new,2023-10-01,25-34
U00404,SK,Android,returning,2023-08-02,45-54
U00405,DE,iOS,returning,2023-09-11,35-44
U00406,DE,Android,new,2023-01-20,35-44
U00407,PL,iOS,returning,2023-05-26,25-34
U00408,PL,Android,new,2023-09-16,25-34
U00409,PL,iOS,new,2023-08-23,35-44
U00410,PL,iOS,new,2023-06-01,45-54
U00411,PL,Android,returning,2023-08-07,25-34
U00412,PL,iOS,new,2023-03-13,45-54
U00413,PL,Android,new,2023-05-01,55+
U00414,DE,iOS,returning,2023-10-21,18-24
U00415,DE,Android,new,2023-12-08,55+
U00416,CZ,iOS,returning,2023-12-27,35-44
U00417,PL,Android,new,2023-07-08,25-34
U00418,CZ,iOS,new,2023-08-21,55+
U00419,CZ,iOS,returning,2023-08-30,25-34
U00420,CZ,iOS,new,2023-12-15,45-54
U00421,CZ,Android,returning,2023-09-28,18-24
U00422,RO,Android,returning,2023-10-08,25-34
U00423,SK,Android,returning,2023-06-17,55+
U00424,DE,Android,returning,2023-09-08,45-54
U00425,PL,Android,new,2023-03-09,45-54
U00426,SK,iOS,new,2023-12-11,18-24
U00427,PL,Android,new,2023-04-22,18-24
U00428,RO,iOS,new,2023-10-05,45-54
U00429,DE,Android,new,2023-01-17,45-54
U00430,RO,Android,returning,2023-07-11,45-54
U00431,DE,iOS,returning,2023-07-12,25-34
U00432,SK,Android,returning,2023-12-01,45-54
U00433,DE,iOS,returning,2023-09-28,18-24
U00434,PL,iOS,new,2023-06-02,45-54
U00435,DE,Android,new,2023-04-28,18-24
U00436,SK,Android,returning,2023-01-17,18-24
U00437,DE,Android,new,2023-05-04,55+
U00438,CZ,Android,returning,2023-12-11,45-54
U00439,DE,Android,returning,2023-08-13,18-24
U00440,PL,Android,returning,2023-03-13,55+
U00441,PL,iOS,returning,2023-06-13,25-34
U00442,SK,iOS,returning,2023-06-04,45-54
U00443,DE,Android,returning,2023-06-03,25-34
U00444,CZ,Android,new,2023-11-17,35-44
U00445,CZ,iOS,new,2023-11-26,45-54
U00446,DE,Android,returning,2023-07-29,45-54
U00447,SK,Android,returning,2023-05-04,45-54
U00448,PL,iOS,returning,2023-01-30,25-34
U00449,DE,Android,returning,2023-07-18,45-54
U00450,DE,iOS,new,2023-07-09,35-44
U00451,CZ,iOS,returning,2023-07-13,25-34
U00452,CZ,Android,returning,2023-10-28,35-44
U00453,RO,Android,returning,2023-06-05,18-24
U00454,RO,iOS,returning,2023-09-03,45-54
U00455,PL,iOS,new,2023-05-03,55+
U00456,DE,Android,returning,2023-11-29,45-54
U00457,DE,iOS,returning,2023-08-27,35-44
U00458,DE,Android,returning,2023-04-15,25-34
U00459,DE,Android,returning,2023-03-16,45-54
U00460,DE,Android,new,2023-06-01,25-34
U00461,PL,iOS,new,2023-09-13,45-54
U00462,CZ,Android,returning,2023-11-25,35-44
U00463,DE,Android,new,2023-03-28,55+
U00464,RO,Android,returning,2023-11-25,18-24
U00465,DE,Android,new,2023-12-09,25-34
U00466,CZ,Android,returning,2023-02-04,35-44
U00467,PL,iOS,returning,2023-01-31,45-54
U00468,PL,Android,returning,2023-12-04,18-24
U00469,PL,Android,returning,2023-01-09,18-24
U00470,SK,iOS,returning,2023-09-15,25-34
U00471,RO,Android,new,2023-02-24,55+
U00472,DE,Android,returning,2023-09-27,18-24
U00473,RO,Android,new,2023-07-11,25-34
U00474,CZ,iOS,returning,2023-06-03,18-24
U00475,PL,Android,returning,2023-02-17,18-24
U00476,DE,Android,new,2023-12-26,35-44
U00477,RO,iOS,returning,2023-10-17,18-24
U00478,DE,iOS,returning,2023-04-28,45-54
U00479,DE,Android,returning,2023-05-19,55+
U00480,CZ,Android,returning,2023-10-16,18-24
U00481,PL,iOS,returning,2023-04-17,45-54
U00482,DE,Android,returning,2023-02-09,45-54
U00483,SK,Android,returning,2023-12-13,25-34
U00484,CZ,Android,returning,2023-12-19,18-24
U00485,PL,iOS,new,2023-02-20,55+
U00486,DE,iOS,new,2023-11-01,35-44
U00487,PL,Android,returning,2023-08-19,45-54
U00488,CZ,iOS,new,2023-04-06,55+
U00489,CZ,iOS,new,2023-06-01,25-34
U00490,CZ,iOS,returning,2023-07-14,35-44
U00491,DE,Android,new,2023-07-04,35-44
U00492,DE,Android,new,2023-05-19,55+
U00493,PL,Android,new,2023-10-12,55+
U00494,PL,iOS,returning,2023-02-17,18-24
U00495,PL,iOS,returning,2023-05-30,55+
U00496,PL,Android,new,2023-05-05,25-34
U00497,DE,Android,new,2023-05-18,45-54
U00498,PL,Android,new,2023-05-22,35-44
U00499,CZ,Android,returning,2023-05-07,45-54
U00500,DE,Android,new,2023-02-24,55+
U00501,SK,Android,new,2023-07-14,55+
U00502,DE,iOS,returning,2023-03-11,45-54
U00503,DE,Android,new,2023-06-10,45-54
U00504,CZ,Android,new,2023-10-22,45-54
U00505,DE,Android,returning,2023-07-06,55+
U00506,CZ,Android,returning,2023-04-03,45-54
U00507,DE,iOS,returning,2023-12-29,18-24
U00508,CZ,Android,new,2023-07-29,35-44
U00509,DE,Android,new,2023-12-04,45-54
U00510,PL,Android,returning,2023-11-03,45-54
U00511,DE,iOS,returning,2023-10-06,55+
U00512,PL,Android,returning,2023-11-01,35-44
U00513,PL,Android,returning,2023-03-27,45-54
U00514,RO,Android,new,2023-06-19,35-44
U00515,PL,Android,returning,2023-04-24,55+
U00516,PL,Android,returning,2023-04-24,55+
U00517,PL,Android,new,2023-12-20,18-24
U00518,PL,iOS,new,2023-06-01,25-34
U00519,DE,Android,new,2023-06-28,45-54
U00520,PL,Android,returning,2023-06-28,35-44
U00521,DE,iOS,new,2023-02-04,35-44
U00522,DE,iOS,returning,2023-11-28,25-34
U00523,DE,Android,returning,2023-09-22,45-54
U00524,CZ,iOS,new,2023-04-29,45-54
U00525,DE,iOS,new,2023-07-22,55+
U00526,DE,iOS,new,2023-08-08,18-24
U00527,DE,iOS,new,2023-10-23,35-44
U00528,PL,Android,returning,2023-04-11,55+
U00529,DE,Android,new,2023-11-24,18-24
U00530,DE,Android,new,2023-06-28,35-44
U00531,PL,iOS,new,2023-11-11,25-34
U00532,DE,Android,new,2023-06-06,45-54
U00533,PL,Android,new,2023-08-03,45-54
U00534,PL,iOS,returning,2023-11-22,25-34
U00535,DE,Android,new,2023-10-12,45-54
U00536,DE,Android,new,2023-11-14,25-34
U00537,SK,iOS,returning,2023-04-10,45-54
U00538,CZ,Android,returning,2023-07-29,45-54
U00539,DE,Android,returning,2023-03-27,35-44
U00540,DE,Android,new,2023-01-17,45-54
U00541,CZ,iOS,returning,2023-10-17,18-24
U00542,DE,iOS,returning,2023-10-21,35-44
U00543,SK,Android,returning,2023-10-05,55+
U00544,RO,Android,returning,2023-04-22,25-34
U00545,SK,Android,new,2023-06-02,18-24
U00546,SK,Android,returning,2023-08-13,25-34
U00547,CZ,iOS,returning,2023-10-29,45-54
U00548,PL,iOS,returning,2023-03-26,18-24
U00549,DE,Android,returning,2023-10-19,35-44
U00550,DE,Android,returning,2023-12-27,55+
U00551,SK,Android,returning,2023-12-14,45-54
U00552,RO,iOS,new,2023-01-31,25-34
U00553,DE,Android,new,2023-05-08,45-54
U00554,DE,iOS,returning,2023-09-08,45-54
U00555,DE,iOS,returning,2023-08-20,45-54
U00556,CZ,iOS,returning,2023-09-21,45-54
U00557,DE,Android,returning,2023-09-07,18-24
U00558,PL,iOS,returning,2023-08-23,55+
U00559,DE,Android,new,2023-07-23,35-44
U00560,SK,Android,returning,2023-06-15,55+
U00561,CZ,iOS,returning,2023-09-06,18-24
U00562,PL,iOS,new,2023-02-20,25-34
U00563,PL,iOS,new,2023-08-14,25-34
U00564,DE,iOS,returning,2023-11-29,18-24
U00565,DE,Android,returning,2023-12-02,25-34
U00566,DE,Android,returning,2023-01-27,25-34
U00567,CZ,iOS,new,2023-08-08,45-54
U00568,DE,Android,returning,2023-02-09,18-24
U00569,CZ,iOS,returning,2023-01-05,45-54
U00570,DE,Android,new,2023-12-22,18-24
U00571,DE,iOS,new,2023-02-22,25-34
U00572,RO,Android,returning,2023-11-25,18-24
U00573,CZ,Android,returning,2023-11-09,25-34
U00574,PL,Android,new,2023-07-30,18-24
U00575,CZ,Android,new,2023-03-13,45-54
U00576,CZ,Android,returning,2023-06-11,25-34
U00577,PL,iOS,new,2023-10-11,18-24
U00578,SK,Android,returning,2023-12-04,25-34
U00579,DE,Android,returning,2023-07-20,25-34
U00580,DE,Android,returning,2023-09-11,18-24
U00581,SK,Android,new,2023-09-28,35-44
U00582,DE,iOS,new,2023-03-09,55+
U00583,DE,Android,returning,2023-12-16,18-24
U00584,PL,Android,new,2023-01-09,18-24
U00585,PL,iOS,returning,2023-07-23,45-54
U00586,CZ,Android,returning,2023-08-05,55+
U00587,DE,Android,returning,2023-03-20,25-34
U00588,PL,Android,returning,2023-03-21,18-24
U00589,CZ,iOS,returning,2023-06-08,18-24
U00590,DE,Android,returning,2023-05-06,55+
U00591,DE,iOS,returning,2023-01-29,18-24
U00592,CZ,iOS,new,2023-01-07,35-44
U00593,PL,iOS,new,2023-09-25,35-44
U00594,CZ,iOS,returning,2023-03-06,18-24
U00595,DE,Android,returning,2023-01-16,35-44
U00596,RO,iOS,returning,2023-12-31,55+
U00597,DE,iOS,new,2023-07-04,25-34
U00598,CZ,iOS,returning,2023-05-11,18-24
U00599,CZ,Android,returning,2023-04-27,18-24
U00600,DE,Android,returning,2023-05-06,25-34
U00601,PL,iOS,returning,2023-01-19,45-54
U00602,DE,Android,returning,2023-04-25,35-44
U00603,PL,Android,returning,2023-02-09,18-24
U00604,DE,Android,new,2023-04-02,45-54
U00605,SK,iOS,returning,2023-02-05,35-44
U00606,DE,Android,new,2023-06-17,35-44
U00607,CZ,iOS,new,2023-10-16,35-44
U00608,RO,iOS,returning,2023-10-30,55+
U00609,DE,iOS,new,2023-05-06,55+
U00610,PL,iOS,new,2023-06-27,35-44
U00611,CZ,Android,returning,2023-01-01,35-44
U00612,DE,iOS,new,2023-02-23,18-24
U00613,CZ,Android,returning,2023-03-14,55+
U00614,CZ,Android,returning,2023-07-31,18-24
U00615,DE,Android,returning,2023-10-25,18-24
U00616,PL,Android,returning,2023-10-31,25-34
U00617,DE,Android,returning,2023-05-30,35-44
U00618,PL,Android,returning,2023-06-12,25-34
U00619,DE,Android,new,2023-10-27,35-44
U00620,DE,Android,returning,2023-07-28,45-54
U00621,PL,iOS,new,2023-06-07,35-44
U00622,CZ,Android,returning,2023-12-27,35-44
U00623,DE,Android,new,2023-03-17,55+
U00624,CZ,Android,returning,2023-01-26,18-24
U00625,SK,Android,returning,2023-07-27,18-24
U00626,DE,iOS,new,2023-08-25,18-24
U00627,DE,iOS,new,2023-04-24,18-24
U00628,PL,iOS,new,2023-10-26,18-24
U00629,RO,Android,new,2023-04-12,35-44
U00630,DE,Android,new,2023-03-04,55+
U00631,SK,Android,new,2023-08-10,45-54
U00632,DE,iOS,new,2023-03-30,45-54
U00633,DE,iOS,new,2023-03-18,35-44
U00634,PL,Android,new,2023-09-13,35-44
U00635,DE,Android,returning,2023-07-16,55+
U00636,PL,iOS,returning,2023-05-08,45-54
U00637,PL,iOS,new,2023-07-03,55+
U00638,DE,Android,new,2023-09-15,55+
U00639,DE,iOS,new,2023-04-23,45-54
U00640,DE,Android,new,2023-09-29,25-34
U00641,DE,Android,returning,2023-02-21,18-24
U00642,PL,iOS,new,2023-04-23,25-34
U00643,DE,Android,returning,2023-04-01,35-44
U00644,DE,iOS,returning,2023-10-30,55+
U00645,PL,Android,returning,2023-03-14,45-54
U00646,DE,Android,new,2023-10-05,25-34
U00647,DE,Android,new,2023-11-05,55+
U00648,SK,Android,new,2023-04-14,35-44
U00649,DE,Android,returning,2023-01-31,18-24
U00650,SK,iOS,new,2023-09-27,45-54
U00651,DE,Android,new,2023-10-28,25-34
U00652,CZ,iOS,returning,2023-08-12,25-34
U00653,RO,iOS,returning,2023-12-29,35-44
U00654,CZ,iOS,new,2023-04-25,35-44
U00655,DE,Android,returning,2023-03-07,55+
U00656,SK,iOS,returning,2023-07-20,25-34
U00657,DE,iOS,returning,2023-11-05,55+
U00658,RO,Android,returning,2023-02-23,25-34
U00659,RO,Android,returning,2023-06-27,18-24
U00660,CZ,iOS,new,2023-12-29,18-24
U00661,DE,iOS,new,2023-05-16,18-24
U00662,DE,Android,new,2023-01-01,25-34
U00663,PL,Android,returning,2023-07-31,18-24
U00664,CZ,Android,returning,2023-09-03,25-34
U00665,PL,iOS,new,2023-03-25,18-24
U00666,DE,Android,new,2023-06-13,45-54
U00667,CZ,Android,returning,2023-03-24,18-24
U00668,PL,iOS,returning,2023-06-23,18-24
U00669,RO,Android,returning,2023-08-09,25-34
U00670,DE,Android,new,2023-01-28,55+
U00671,DE,Android,new,2023-10-04,18-24
U00672,PL,iOS,new,2023-07-21,35-44
U00673,PL,Android,returning,2023-01-02,55+
U00674,DE,Android,new,2023-09-03,35-44
U00675,PL,Android,returning,2023-02-11,45-54
U00676,SK,Android,returning,2023-09-08,45-54
U00677,DE,Android,new,2023-04-05,18-24
U00678,PL,Android,returning,2023-05-15,55+
U00679,DE,iOS,new,2023-02-01,35-44
U00680,PL,iOS,new,2023-10-05,18-24
U00681,SK,Android,returning,2023-07-18,45-54
U00682,SK,Android,new,2023-10-21,18-24
U00683,PL,Android,returning,2023-09-15,55+
U00684,DE,iOS,new,2023-03-17,25-34
U00685,SK,Android,new,2023-04-19,45-54
U00686,RO,iOS,returning,2023-04-14,35-44
U00687,RO,iOS,new,2023-06-13,45-54
U00688,DE,Android,new,2023-10-12,45-54
U00689,CZ,iOS,returning,2023-01-07,45-54
U00690,PL,Android,returning,2023-02-27,18-24
U00691,PL,Android,new,2023-02-24,55+
U00692,SK,Android,returning,2023-06-26,55+
U00693,PL,Android,new,2023-11-08,55+
U00694,CZ,Android,new,2023-11-08,35-44
U00695,DE,iOS,returning,2023-12-20,35-44
U00696,DE,iOS,new,2023-01-11,45-54
U00697,CZ,iOS,new,2023-12-23,35-44
U00698,CZ,Android,returning,2023-08-15,55+
U00699,DE,Android,returning,2023-11-27,45-54
U00700,CZ,iOS,returning,2023-09-06,55+
U00701,DE,iOS,new,2023-03-23,55+
U00702,DE,Android,returning,2023-10-19,18-24
U00703,DE,Android,new,2023-05-08,25-34
U00704,DE,Android,new,2023-05-21,18-24
U00705,DE,Android,returning,2023-12-15,25-34
U00706,PL,Android,new,2023-08-31,35-44
U00707,DE,Android,new,2023-12-19,55+
U00708,SK,iOS,returning,2023-04-20,35-44
U00709,PL,Android,returning,2023-11-30,18-24
U00710,RO,iOS,returning,2023-08-31,18-24
U00711,DE,iOS,new,2023-04-25,35-44
U00712,SK,iOS,returning,2023-08-05,25-34
U00713,DE,Android,returning,2023-08-27,55+
U00714,DE,iOS,returning,2023-02-22,35-44
U00715,PL,iOS,new,2023-10-15,18-24
U00716,DE,iOS,returning,2023-09-04,35-44
U00717,CZ,iOS,returning,2023-05-14,25-34
U00718,PL,Android,new,2023-03-18,55+
U00719,CZ,iOS,returning,2023-07-26,45-54
U00720,DE,Android,new,2023-06-01,18-24
U00721,CZ,Android,new,2023-10-26,25-34
U00722,PL,iOS,returning,2023-12-18,35-44
U00723,DE,Android,returning,2023-09-17,55+
U00724,DE,Android,returning,2023-04-03,55+
U00725,RO,iOS,returning,2023-04-04,25-34
U00726,DE,iOS,new,2023-07-01,35-44
U00727,DE,Android,returning,2023-07-10,45-54
U00728,SK,Android,returning,2023-01-28,18-24
U00729,SK,Android,returning,2023-08-30,45-54
U00730,DE,Android,returning,2023-09-29,25-34
U00731,DE,iOS,returning,2023-04-13,45-54
U00732,DE,iOS,returning,2023-03-15,45-54
U00733,PL,Android,returning,2023-06-20,18-24
U00734,DE,iOS,new,2023-08-20,25-34
U00735,CZ,iOS,new,2023-09-08,45-54
U00736,PL,Android,returning,2023-11-21,18-24
U00737,PL,iOS,returning,2023-01-20,35-44
U00738,DE,iOS,returning,2023-09-29,25-34
U00739,CZ,Android,new,2023-04-26,45-54
U00740,PL,Android,returning,2023-09-15,35-44
U00741,PL,Android,returning,2023-05-29,45-54
U00742,RO,Android,returning,2023-12-18,35-44
U00743,DE,iOS,returning,2023-04-07,18-24
U00744,DE,iOS,new,2023-04-27,18-24
U00745,PL,Android,returning,2023-10-29,18-24
U00746,SK,Android,returning,2023-07-12,18-24
U00747,RO,iOS,returning,2023-11-01,18-24
U00748,CZ,Android,new,2023-01-25,55+
U00749,PL,Android,returning,2023-05-10,18-24
U00750,PL,Android,returning,2023-06-04,55+
U00751,CZ,Android,returning,2023-11-07,55+
U00752,DE,Android,new,2023-11-13,25-34
U00753,DE,Android,returning,2023-11-08,25-34
U00754,CZ,Android,new,2023-07-03,45-54
U00755,CZ,Android,new,2023-04-17,18-24
U00756,DE,Android,returning,2023-12-10,45-54
U00757,RO,iOS,new,2023-03-18,18-24
U00758,PL,Android,returning,2023-05-12,35-44
U00759,DE,iOS,returning,2023-08-26,35-44
U00760,SK,Android,returning,2023-07-04,18-24
U00761,DE,Android,returning,2023-01-24,35-44
U00762,SK,iOS,new,2023-07-03,18-24
U00763,SK,Android,new,2023-07-10,45-54
U00764,SK,iOS,returning,2023-05-20,45-54
U00765,SK,Android,new,2023-11-29,18-24
U00766,DE,iOS,returning,2023-03-23,55+
U00767,PL,iOS,returning,2023-12-14,55+
U00768,SK,iOS,returning,2023-01-15,25-34
U00769,RO,Android,new,2023-09-05,18-24
U00770,DE,Android,returning,2023-02-02,55+
U00771,CZ,Android,returning,2023-10-23,35-44
U00772,PL,iOS,new,2023-09-23,25-34
U00773,DE,iOS,new,2023-09-04,55+
U00774,DE,iOS,new,2023-11-10,45-54
U00775,SK,Android,returning,2023-09-11,25-34
U00776,RO,Android,new,2023-06-19,45-54
U00777,SK,Android,new,2023-07-26,55+
U00778,DE,Android,new,2023-08-18,45-54
U00779,DE,Android,new,2023-12-01,55+
U00780,SK,iOS,returning,2023-01-01,35-44
U00781,PL,iOS,returning,2023-09-18,35-44
U00782,SK,iOS,returning,2023-07-06,35-44
U00783,CZ,Android,returning,2023-10-14,35-44
U00784,DE,iOS,new,2023-08-20,35-44
U00785,SK,iOS,new,2023-07-01,55+
U00786,CZ,Android,new,2023-07-11,25-34
U00787,DE,iOS,new,2023-07-29,45-54
U00788,PL,iOS,returning,2023-04-21,18-24
U00789,DE,iOS,returning,2023-08-01,18-24
U00790,PL,Android,returning,2023-08-19,45-54
U00791,PL,Android,returning,2023-01-03,55+
U00792,RO,iOS,returning,2023-09-05,55+
U00793,CZ,Android,new,2023-03-30,55+
U00794,SK,Android,new,2023-11-07,55+
U00795,CZ,Android,returning,2023-12-21,35-44
U00796,SK,Android,returning,2023-08-20,55+
U00797,SK,Android,new,2023-06-03,55+
U00798,DE,Android,returning,2023-11-20,35-44
U00799,DE,iOS,returning,2023-12-11,25-34
U00800,PL,iOS,returning,2023-09-15,35-44
U00801,PL,Android,returning,2023-10-15,45-54
U00802,CZ,iOS,new,2023-12-12,45-54
U00803,PL,Android,new,2023-01-07,18-24
U00804,DE,iOS,returning,2023-04-13,35-44
U00805,SK,iOS,new,2023-03-16,55+
U00806,DE,Android,returning,2023-01-17,55+
U00807,CZ,Android,new,2023-04-25,35-44
U00808,CZ,iOS,new,2023-12-21,35-44
U00809,DE,iOS,new,2023-10-10,45-54
U00810,RO,iOS,returning,2023-04-26,55+
U00811,CZ,Android,returning,2023-10-07,25-34
U00812,PL,iOS,new,2023-05-31,25-34
U00813,DE,Android,new,2023-09-21,35-44
U00814,DE,iOS,new,2023-03-08,45-54
U00815,RO,Android,returning,2023-12-30,55+
U00816,CZ,iOS,returning,2023-01-27,35-44
U00817,CZ,Android,new,2023-09-09,35-44
U00818,DE,Android,new,2023-09-27,55+
U00819,PL,Android,new,2023-03-23,25-34
U00820,CZ,Android,new,2023-04-20,55+
U00821,PL,Android,returning,2023-09-29,18-24
U00822,CZ,Android,returning,2023-02-28,55+
U00823,DE,Android,returning,2023-11-15,45-54
U00824,DE,Android,new,2023-02-28,55+
U00825,PL,Android,returning,2023-07-11,35-44
U00826,DE,Android,returning,2023-11-30,25-34
U00827,PL,iOS,new,2023-10-03,25-34
U00828,PL,Android,returning,2023-12-17,45-54
U00829,SK,Android,returning,2023-11-28,18-24
U00830,CZ,Android,new,2023-08-24,25-34
U00831,PL,Android,new,2023-05-09,35-44
U00832,DE,iOS,new,2023-07-28,18-24
U00833,CZ,Android,returning,2023-07-19,55+
U00834,CZ,Android,returning,2023-02-02,18-24
U00835,RO,Android,returning,2023-07-03,35-44
U00836,DE,iOS,new,2023-11-07,45-54
U00837,DE,Android,new,2023-12-05,45-54
U00838,DE,iOS,new,2023-10-07,35-44
U00839,PL,Android,new,2023-01-06,18-24
U00840,PL,Android,returning,2023-10-21,35-44
U00841,CZ,iOS,new,2023-04-18,45-54
U00842,SK,Android,new,2023-11-27,55+
U00843,DE,Android,returning,2023-05-10,18-24
U00844,PL,Android,new,2023-10-09,18-24
U00845,DE,iOS,returning,2023-05-09,35-44
U00846,DE,iOS,new,2023-07-02,55+
U00847,RO,Android,returning,2023-02-05,55+
U00848,DE,Android,returning,2023-12-04,35-44
U00849,RO,Android,new,2023-06-11,25-34
U00850,CZ,Android,returning,2023-12-31,25-34
U00851,CZ,iOS,returning,2023-12-14,35-44
U00852,PL,Android,returning,2023-06-06,18-24
U00853,SK,Android,returning,2023-05-24,35-44
U00854,DE,Android,new,2023-11-17,55+
U00855,DE,Android,new,2023-11-20,55+
U00856,RO,Android,returning,2023-04-19,55+
U00857,CZ,Android,new,2023-08-30,55+
U00858,DE,Android,new,2023-05-29,35-44
U00859,DE,Android,returning,2023-09-15,55+
U00860,DE,Android,new,2023-12-17,25-34
U00861,RO,iOS,returning,2023-10-17,45-54
U00862,DE,iOS,new,2023-07-03,35-44
U00863,DE,iOS,returning,2023-07-09,35-44
U00864,PL,Android,new,2023-07-18,35-44
U00865,CZ,Android,returning,2023-02-22,35-44
U00866,PL,Android,returning,2023-10-24,35-44
U00867,CZ,iOS,returning,2023-10-28,45-54
U00868,PL,Android,returning,2023-04-25,45-54
U00869,SK,Android,returning,2023-09-04,45-54
U00870,DE,Android,new,2023-03-26,25-34
U00871,DE,iOS,returning,2023-04-06,25-34
U00872,SK,iOS,returning,2023-08-01,45-54
U00873,DE,Android,returning,2023-09-03,18-24
U00874,DE,Android,new,2023-05-05,55+
U00875,SK,Android,new,2023-01-21,25-34
U00876,RO,Android,returning,2023-09-22,18-24
U00877,SK,iOS,new,2023-12-05,55+
U00878,SK,Android,returning,2023-08-30,55+
U00879,CZ,iOS,new,2023-03-15,55+
U00880,DE,iOS,returning,2023-05-16,55+
U00881,DE,Android,new,2023-10-30,18-24
U00882,PL,iOS,returning,2023-04-14,25-34
U00883,DE,Android,returning,2023-11-07,18-24
U00884,PL,Android,returning,2023-09-30,25-34
U00885,PL,Android,returning,2023-11-05,45-54
U00886,PL,iOS,returning,2023-09-25,45-54
U00887,RO,Android,returning,2023-04-28,35-44
U00888,SK,iOS,returning,2023-10-29,55+
U00889,PL,Android,returning,2023-02-20,18-24
U00890,PL,Android,new,2023-05-26,18-24
U00891,CZ,Android,returning,2023-12-30,55+
U00892,DE,Android,returning,2023-01-04,45-54
U00893,DE,Android,returning,2023-07-05,35-44
U00894,PL,Android,new,2023-10-02,45-54
U00895,PL,iOS,returning,2023-04-15,35-44
U00896,PL,Android,new,2023-10-14,35-44
U00897,DE,Android,returning,2023-12-28,18-24
U00898,PL,iOS,new,2023-04-28,25-34
U00899,PL,Android,returning,2023-09-18,18-24
U00900,DE,iOS,returning,2023-03-24,25-34
U00901,RO,Android,new,2023-08-30,25-34
U00902,DE,Android,new,2023-07-09,45-54
U00903,CZ,Android,returning,2023-11-11,18-24
U00904,PL,Android,new,2023-03-31,55+
U00905,DE,iOS,returning,2023-05-27,25-34
U00906,DE,Android,new,2023-11-11,18-24
U00907,DE,Android,new,2023-03-22,45-54
U00908,PL,Android,returning,2023-07-27,18-24
U00909,PL,iOS,returning,2023-02-16,55+
U00910,DE,iOS,new,2023-06-28,25-34
U00911,RO,Android,new,2023-08-21,45-54
U00912,DE,Android,new,2023-09-17,18-24
U00913,RO,iOS,returning,2023-09-20,55+
U00914,CZ,iOS,returning,2023-05-09,25-34
U00915,RO,Android,returning,2023-06-23,55+
U00916,PL,Android,new,2023-01-15,25-34
U00917,CZ,iOS,new,2023-12-13,35-44
U00918,PL,iOS,new,2023-09-22,35-44
U00919,DE,iOS,new,2023-02-17,55+
U00920,PL,Android,returning,2023-04-02,35-44
U00921,RO,iOS,returning,2023-04-04,45-54
U00922,DE,Android,new,2023-04-13,25-34
U00923,SK,iOS,new,2023-04-14,18-24
U00924,RO,iOS,returning,2023-03-03,55+
U00925,CZ,Android,new,2023-01-04,45-54
U00926,PL,Android,returning,2023-07-10,55+
U00927,PL,iOS,returning,2023-05-21,35-44
U00928,DE,Android,new,2023-07-23,45-54
U00929,RO,Android,new,2023-09-02,25-34
U00930,RO,iOS,returning,2023-08-23,18-24
U00931,CZ,Android,new,2023-01-07,35-44
U00932,SK,Android,new,2023-11-10,35-44
U00933,RO,Android,new,2023-08-30,45-54
U00934,PL,iOS,new,2023-04-18,45-54
U00935,PL,Android,returning,2023-05-24,25-34
U00936,CZ,iOS,returning,2023-02-21,45-54
U00937,DE,iOS,new,2023-04-11,18-24
U00938,PL,Android,returning,2023-04-01,55+
U00939,CZ,iOS,new,2023-10-01,55+
U00940,DE,Android,new,2023-10-18,25-34
U00941,PL,iOS,new,2023-05-11,35-44
U00942,DE,Android,returning,2023-05-14,35-44
U00943,DE,Android,returning,2023-06-26,55+
U00944,PL,iOS,returning,2023-04-12,35-44
U00945,DE,Android,returning,2023-07-01,45-54
U00946,DE,Android,returning,2023-02-10,25-34
U00947,PL,iOS,new,2023-03-27,55+
U00948,PL,iOS,new,2023-10-20,35-44
U00949,DE,iOS,returning,2023-04-27,55+
U00950,DE,iOS,returning,2023-11-27,35-44
U00951,PL,Android,new,2023-10-28,18-24
U00952,CZ,iOS,returning,2023-03-06,18-24
U00953,DE,Android,new,2023-04-18,45-54
U00954,DE,iOS,returning,2023-10-08,18-24
U00955,DE,Android,returning,2023-02-23,45-54
U00956,DE,iOS,new,2023-06-08,25-34
U00957,PL,Android,new,2023-03-09,35-44
U00958,SK,Android,returning,2023-06-16,35-44
U00959,PL,iOS,returning,2023-10-08,25-34
U00960,PL,iOS,returning,2023-10-30,55+
U00961,PL,iOS,new,2023-08-11,35-44
U00962,PL,iOS,new,2023-09-04,35-44
U00963,DE,Android,new,2023-07-31,25-34
U00964,DE,Android,returning,2023-06-26,45-54
U00965,DE,iOS,returning,2023-09-02,55+
U00966,CZ,Android,new,2023-04-29,55+
U00967,DE,Android,returning,2023-08-12,45-54
U00968,DE,Android,returning,2023-07-13,55+
U00969,SK,iOS,new,2023-11-10,55+
U00970,PL,iOS,new,2023-05-18,35-44
U00971,PL,iOS,new,2023-02-26,55+
U00972,DE,Android,new,2023-09-09,55+
U00973,DE,Android,new,2023-01-12,45-54
U00974,DE,Android,returning,2023-01-05,35-44
U00975,DE,iOS,returning,2023-08-04,45-54
U00976,CZ,Android,returning,2023-12-23,25-34
U00977,DE,Android,returning,2023-01-29,25-34
U00978,SK,Android,new,2023-04-09,18-24
U00979,RO,iOS,new,2023-03-04,45-54
U00980,CZ,Android,returning,2023-05-07,18-24
U00981,CZ,Android,new,2023-09-24,35-44
U00982,DE,iOS,returning,2023-06-15,55+
U00983,DE,Android,new,2023-09-24,35-44
U00984,SK,Android,new,2023-01-27,45-54
U00985,DE,iOS,returning,2023-06-16,45-54
U00986,DE,Android,returning,2023-05-05,45-54
U00987,PL,Android,new,2023-12-19,25-34
U00988,DE,iOS,returning,2023-09-13,18-24
U00989,DE,Android,returning,2023-01-31,18-24
U00990,PL,Android,returning,2023-03-06,35-44
U00991,CZ,Android,new,2023-08-13,25-34
U00992,SK,Android,new,2023-05-09,35-44
U00993,CZ,Android,new,2023-10-05,35-44
U00994,CZ,Android,returning,2023-06-15,55+
U00995,DE,Android,new,2023-03-24,35-44
U00996,DE,Android,returning,2023-10-05,45-54
U00997,SK,iOS,new,2023-04-05,55+
U00998,DE,Android,returning,2023-05-03,45-54
U00999,PL,Android,returning,2023-04-08,55+
U01000,DE,iOS,new,2023-05-25,55+
U01001,DE,iOS,new,2023-12-04,18-24
U01002,DE,Android,new,2023-04-14,45-54
U01003,PL,iOS,returning,2023-12-03,18-24
U01004,DE,iOS,new,2023-07-07,25-34
U01005,PL,iOS,new,2023-12-02,18-24
U01006,PL,iOS,new,2023-07-04,35-44
U01007,DE,iOS,returning,2023-12-29,18-24
U01008,DE,Android,returning,2023-06-05,18-24
U01009,PL,Android,returning,2023-04-29,25-34
U01010,PL,Android,returning,2023-10-19,45-54
U01011,CZ,Android,returning,2023-02-24,45-54
U01012,DE,Android,new,2023-02-23,35-44
U01013,DE,iOS,new,2023-12-03,35-44
U01014,PL,iOS,returning,2023-06-11,45-54
U01015,PL,iOS,returning,2023-11-21,55+
U01016,DE,iOS,returning,2023-10-07,35-44
U01017,RO,Android,new,2023-07-04,18-24
U01018,PL,Android,returning,2023-05-26,35-44
U01019,DE,Android,returning,2023-01-04,18-24
U01020,SK,iOS,returning,2023-12-20,55+
U01021,DE,Android,new,2023-10-20,25-34
U01022,DE,Android,new,2023-05-16,35-44
U01023,PL,Android,new,2023-02-17,18-24
U01024,CZ,Android,returning,2023-06-16,55+
U01025,PL,Android,returning,2023-02-18,55+
U01026,DE,Android,returning,2023-07-15,35-44
U01027,PL,iOS,returning,2023-08-11,25-34
U01028,SK,iOS,returning,2023-12-01,45-54
U01029,DE,Android,returning,2023-01-28,25-34
U01030,PL,Android,new,2023-06-17,45-54
U01031,CZ,Android,new,2023-08-17,45-54
U01032,CZ,Android,new,2023-05-29,45-54
U01033,CZ,Android,new,2023-10-20,45-54
U01034,PL,iOS,returning,2023-09-14,45-54
U01035,DE,Android,returning,2023-10-14,55+
U01036,RO,Android,new,2023-11-12,35-44
U01037,DE,iOS,new,2023-08-09,45-54
U01038,DE,Android,new,2023-08-05,18-24
U01039,DE,Android,returning,2023-06-06,45-54
U01040,DE,Android,returning,2023-11-16,25-34
U01041,DE,iOS,returning,2023-12-17,18-24
U01042,DE,iOS,new,2023-01-28,35-44
U01043,DE,iOS,new,2023-01-08,45-54
U01044,DE,iOS,new,2023-01-12,55+
U01045,CZ,Android,returning,2023-09-25,25-34
U01046,CZ,Android,returning,2023-12-22,55+
U01047,DE,Android,new,2023-01-23,55+
U01048,DE,iOS,new,2023-05-19,45-54
U01049,DE,iOS,returning,2023-12-05,18-24
U01050,DE,iOS,new,2023-01-10,45-54
U01051,RO,Android,new,2023-09-18,55+
U01052,DE,Android,returning,2023-09-30,55+
U01053,DE,Android,returning,2023-12-31,35-44
U01054,DE,Android,new,2023-09-08,35-44
U01055,PL,Android,returning,2023-07-01,55+
U01056,SK,iOS,returning,2023-05-22,18-24
U01057,RO,Android,new,2023-10-12,45-54
U01058,DE,iOS,returning,2023-12-03,55+
U01059,CZ,Android,returning,2023-11-17,45-54
U01060,RO,Android,returning,2023-06-09,25-34
U01061,DE,Android,returning,2023-12-01,25-34
U01062,CZ,iOS,returning,2023-06-08,45-54
U01063,CZ,Android,new,2023-03-16,18-24
U01064,PL,iOS,new,2023-10-13,25-34
U01065,CZ,iOS,new,2023-01-16,45-54
U01066,PL,iOS,returning,2023-06-05,35-44
U01067,CZ,Android,new,2023-03-19,55+
U01068,DE,Android,new,2023-11-12,25-34
U01069,CZ,Android,returning,2023-04-29,45-54
U01070,PL,iOS,returning,2023-03-10,35-44
U01071,SK,Android,new,2023-04-05,25-34
U01072,DE,iOS,new,2023-04-26,35-44
U01073,DE,iOS,new,2023-07-31,25-34
U01074,DE,iOS,new,2023-02-03,55+
U01075,CZ,iOS,returning,2023-09-08,45-54
U01076,CZ,iOS,returning,2023-07-27,35-44
U01077,PL,iOS,returning,2023-07-21,55+
U01078,SK,iOS,returning,2023-11-25,45-54
U01079,SK,Android,returning,2023-08-22,55+
U01080,DE,iOS,returning,2023-10-03,55+
U01081,RO,Android,new,2023-11-19,35-44
U01082,PL,Android,returning,2023-05-27,18-24
U01083,PL,Android,returning,2023-12-20,45-54
U01084,CZ,Android,returning,2023-02-16,55+
U01085,DE,Android,new,2023-03-11,45-54
U01086,SK,iOS,returning,2023-10-30,18-24
U01087,DE,iOS,returning,2023-05-09,25-34
U01088,DE,iOS,returning,2023-03-05,18-24
U01089,CZ,iOS,returning,2023-09-26,55+
U01090,DE,Android,returning,2023-03-23,35-44
U01091,SK,iOS,new,2023-10-17,25-34
U01092,CZ,Android,new,2023-04-02,45-54
U01093,PL,Android,new,2023-05-28,25-34
U01094,PL,Android,returning,2023-01-02,45-54
U01095,SK,iOS,returning,2023-10-06,25-34
U01096,CZ,Android,new,2023-10-29,55+
U01097,DE,iOS,new,2023-11-04,55+
U01098,DE,Android,returning,2023-04-17,18-24
U01099,SK,iOS,returning,2023-03-16,35-44
U01100,RO,Android,new,2023-06-19,25-34
U01101,CZ,iOS,returning,2023-03-24,55+
U01102,CZ,Android,returning,2023-10-21,55+
U01103,RO,Android,new,2023-07-04,35-44
U01104,SK,iOS,returning,2023-07-14,18-24
U01105,PL,Android,returning,2023-05-30,35-44
U01106,PL,Android,new,2023-09-27,18-24
U01107,PL,iOS,returning,2023-02-25,18-24
U01108,CZ,iOS,returning,2023-09-05,35-44
U01109,PL,Android,returning,2023-08-07,55+
U01110,RO,iOS,returning,2023-07-01,45-54
U01111,SK,iOS,new,2023-09-10,35-44
U01112,DE,Android,returning,2023-04-10,18-24
U01113,CZ,iOS,new,2023-04-17,35-44
U01114,PL,iOS,new,2023-06-29,25-34
U01115,DE,iOS,new,2023-12-20,55+
U01116,DE,Android,returning,2023-10-09,35-44
U01117,CZ,iOS,new,2023-07-22,25-34
U01118,DE,Android,returning,2023-04-10,45-54
U01119,PL,Android,returning,2023-01-19,55+
U01120,PL,iOS,returning,2023-06-21,18-24
U01121,DE,iOS,new,2023-09-24,55+
U01122,DE,iOS,returning,2023-01-10,35-44
U01123,RO,Android,new,2023-02-03,45-54
U01124,PL,Android,returning,2023-11-17,25-34
U01125,DE,iOS,new,2023-11-01,35-44
U01126,DE,Android,returning,2023-12-30,25-34
U01127,PL,iOS,new,2023-07-10,35-44
U01128,DE,iOS,returning,2023-03-31,18-24
U01129,PL,iOS,returning,2023-08-16,25-34
U01130,DE,Android,returning,2023-04-08,35-44
U01131,DE,iOS,returning,2023-06-17,55+
U01132,RO,Android,new,2023-12-13,45-54
U01133,DE,Android,new,2023-09-25,55+
U01134,DE,iOS,new,2023-02-14,35-44
U01135,PL,Android,returning,2023-01-12,35-44
U01136,DE,Android,new,2023-04-13,45-54
U01137,DE,Android,new,2023-12-10,18-24
U01138,PL,Android,returning,2023-11-15,55+
U01139,DE,iOS,returning,2023-06-13,55+
U01140,DE,Android,returning,2023-05-06,55+
U01141,DE,Android,returning,2023-08-16,18-24
U01142,DE,Android,new,2023-02-24,55+
U01143,PL,iOS,new,2023-10-31,35-44
U01144,DE,Android,returning,2023-06-09,55+
U01145,RO,iOS,returning,2023-02-10,25-34
U01146,SK,iOS,returning,2023-02-17,45-54
U01147,CZ,iOS,returning,2023-06-08,25-34
U01148,DE,iOS,new,2023-04-25,35-44
U01149,DE,iOS,new,2023-07-20,35-44
U01150,PL,Android,new,2023-08-21,45-54
U01151,SK,Android,new,2023-08-25,55+
U01152,PL,Android,returning,2023-03-07,18-24
U01153,PL,Android,new,2023-06-16,45-54
U01154,PL,Android,new,2023-07-25,25-34
U01155,DE,Android,returning,2023-09-04,55+
U01156,CZ,Android,returning,2023-08-09,55+
U01157,DE,iOS,new,2023-12-22,55+
U01158,DE,Android,new,2023-09-07,18-24
U01159,DE,iOS,new,2023-08-16,18-24
U01160,SK,iOS,new,2023-12-17,45-54
U01161,CZ,Android,returning,2023-11-27,55+
U01162,SK,iOS,returning,2023-11-22,45-54
U01163,DE,iOS,new,2023-09-30,25-34
U01164,SK,Android,returning,2023-12-15,35-44
U01165,CZ,iOS,returning,2023-08-11,55+
U01166,PL,Android,returning,2023-01-05,35-44
U01167,DE,Android,new,2023-02-01,55+
U01168,DE,Android,new,2023-07-03,45-54
U01169,PL,iOS,returning,2023-12-26,45-54
U01170,PL,Android,new,2023-07-15,25-34
U01171,PL,iOS,new,2023-04-07,45-54
U01172,DE,iOS,new,2023-03-20,18-24
U01173,PL,Android,returning,2023-02-06,45-54
U01174,DE,iOS,new,2023-03-11,45-54
U01175,PL,Android,new,2023-12-23,55+
U01176,PL,Android,new,2023-08-06,25-34
U01177,PL,Android,returning,2023-08-06,25-34
U01178,PL,Android,returning,2023-12-31,35-44
U01179,RO,Android,returning,2023-01-18,18-24
U01180,PL,iOS,new,2023-10-25,55+
U01181,PL,Android,returning,2023-05-24,18-24
U01182,PL,iOS,returning,2023-05-06,18-24
U01183,PL,iOS,new,2023-12-17,18-24
U01184,PL,Android,returning,2023-06-25,45-54
U01185,CZ,Android,returning,2023-10-21,35-44
U01186,DE,iOS,returning,2023-05-29,35-44
U01187,DE,iOS,returning,2023-10-16,55+
U01188,CZ,Android,returning,2023-01-27,18-24
U01189,PL,Android,new,2023-05-27,35-44
U01190,DE,Android,returning,2023-05-10,18-24
U01191,PL,iOS,returning,2023-02-27,45-54
U01192,SK,Android,returning,2023-07-09,45-54
U01193,CZ,iOS,new,2023-04-03,18-24
U01194,PL,iOS,returning,2023-03-16,45-54
U01195,DE,Android,returning,2023-07-16,25-34
U01196,CZ,Android,returning,2023-10-23,18-24
U01197,DE,Android,new,2023-01-27,55+
U01198,DE,iOS,returning,2023-04-30,25-34
U01199,SK,Android,returning,2023-09-29,45-54
U01200,CZ,iOS,returning,2023-07-15,18-24
U01201,RO,iOS,returning,2023-02-19,45-54
U01202,RO,iOS,new,2023-11-09,35-44
U01203,DE,Android,returning,2023-02-20,25-34
U01204,PL,Android,new,2023-12-11,25-34
U01205,PL,iOS,returning,2023-06-10,18-24
U01206,DE,Android,new,2023-07-30,25-34
U01207,DE,Android,returning,2023-05-26,18-24
U01208,CZ,iOS,returning,2023-11-01,18-24
U01209,RO,Android,returning,2023-12-29,45-54
U01210,CZ,iOS,returning,2023-12-03,25-34
U01211,CZ,Android,returning,2023-02-26,18-24
U01212,PL,iOS,returning,2023-11-24,35-44
U01213,DE,Android,returning,2023-05-12,45-54
U01214,DE,Android,returning,2023-07-18,35-44
U01215,PL,Android,returning,2023-04-02,55+
U01216,DE,Android,new,2023-07-21,45-54
U01217,PL,Android,new,2023-04-22,35-44
U01218,DE,Android,returning,2023-02-22,45-54
U01219,SK,Android,returning,2023-01-10,18-24
U01220,DE,Android,new,2023-12-07,45-54
U01221,DE,iOS,returning,2023-10-22,45-54
U01222,PL,iOS,returning,2023-08-12,18-24
U01223,DE,Android,returning,2023-10-04,45-54
U01224,PL,iOS,new,2023-03-04,35-44
U01225,DE,iOS,returning,2023-07-25,35-44
U01226,SK,Android,returning,2023-10-01,35-44
U01227,DE,Android,returning,2023-11-28,25-34
U01228,CZ,iOS,returning,2023-06-03,35-44
U01229,DE,iOS,returning,2023-09-07,25-34
U01230,DE,iOS,returning,2023-01-19,45-54
U01231,DE,Android,new,2023-07-19,55+
U01232,RO,Android,new,2023-08-19,35-44
U01233,PL,Android,returning,2023-01-22,55+
U01234,RO,iOS,returning,2023-08-23,55+
U01235,RO,Android,new,2023-04-30,18-24
U01236,RO,iOS,new,2023-08-30,25-34
U01237,DE,Android,new,2023-01-08,18-24
U01238,PL,iOS,new,2023-08-22,18-24
U01239,PL,iOS,new,2023-02-28,25-34
U01240,DE,iOS,returning,2023-08-07,45-54
U01241,DE,iOS,returning,2023-06-16,35-44
U01242,CZ,Android,new,2023-04-20,18-24
U01243,DE,Android,returning,2023-05-21,55+
U01244,PL,iOS,new,2023-03-26,18-24
U01245,PL,iOS,new,2023-11-20,45-54
U01246,DE,Android,new,2023-02-11,55+
U01247,PL,iOS,returning,2023-05-26,25-34
U01248,DE,Android,returning,2023-04-16,25-34
U01249,PL,Android,new,2023-03-31,45-54
U01250,RO,iOS,returning,2023-11-10,35-44
U01251,DE,Android,new,2023-08-03,55+
U01252,PL,iOS,returning,2023-02-18,55+
U01253,PL,iOS,new,2023-04-23,18-24
U01254,DE,Android,returning,2023-04-10,45-54
U01255,DE,iOS,new,2023-09-12,35-44
U01256,DE,Android,returning,2023-05-26,45-54
U01257,DE,Android,returning,2023-01-23,25-34
U01258,PL,Android,returning,2023-01-15,45-54
U01259,PL,Android,returning,2023-10-31,35-44
U01260,CZ,Android,new,2023-04-28,45-54
U01261,DE,Android,returning,2023-04-13,45-54
U01262,SK,Android,returning,2023-01-28,45-54
U01263,DE,Android,returning,2023-04-02,35-44
U01264,DE,Android,returning,2023-05-19,18-24
U01265,DE,iOS,returning,2023-05-24,25-34
U01266,DE,Android,new,2023-06-25,55+
U01267,PL,Android,new,2023-03-29,45-54
U01268,PL,iOS,returning,2023-09-25,45-54
U01269,DE,Android,returning,2023-05-23,25-34
U01270,PL,Android,returning,2023-06-17,25-34
U01271,SK,Android,new,2023-10-21,45-54
U01272,DE,Android,returning,2023-09-16,18-24
U01273,PL,Android,returning,2023-08-20,45-54
U01274,DE,Android,returning,2023-04-22,18-24
U01275,PL,Android,returning,2023-01-09,55+
U01276,DE,Android,returning,2023-10-26,45-54
U01277,CZ,Android,returning,2023-04-05,18-24
U01278,DE,iOS,new,2023-11-18,18-24
U01279,PL,Android,returning,2023-06-01,55+
U01280,CZ,iOS,new,2023-10-22,35-44
U01281,PL,iOS,new,2023-01-29,18-24
U01282,DE,Android,new,2023-02-26,35-44
U01283,PL,iOS,returning,2023-03-31,25-34
U01284,RO,Android,new,2023-03-12,45-54
U01285,SK,iOS,returning,2023-10-25,25-34
U01286,DE,Android,returning,2023-06-14,35-44
U01287,DE,Android,returning,2023-01-28,55+
U01288,PL,Android,returning,2023-03-04,35-44
U01289,PL,iOS,returning,2023-08-20,18-24
U01290,SK,Android,new,2023-04-07,25-34
U01291,RO,Android,new,2023-05-28,18-24
U01292,DE,Android,new,2023-12-23,18-24
U01293,PL,iOS,returning,2023-05-31,45-54
U01294,PL,iOS,new,2023-06-27,25-34
U01295,DE,iOS,returning,2023-02-02,55+
U01296,DE,Android,returning,2023-11-27,35-44
U01297,PL,iOS,returning,2023-09-06,45-54
U01298,DE,Android,returning,2023-08-23,25-34
U01299,DE,Android,new,2023-05-14,18-24
U01300,DE,Android,new,2023-03-17,25-34
U01301,PL,Android,new,2023-12-31,25-34
U01302,DE,Android,new,2023-03-24,25-34
U01303,DE,Android,returning,2023-08-14,18-24
U01304,DE,Android,new,2023-12-07,55+
U01305,PL,Android,new,2023-03-25,45-54
U01306,RO,iOS,new,2023-03-16,55+
U01307,DE,iOS,returning,2023-09-17,35-44
U01308,CZ,iOS,returning,2023-10-21,45-54
U01309,CZ,iOS,returning,2023-06-23,25-34
U01310,PL,Android,new,2023-12-14,25-34
U01311,DE,Android,returning,2023-08-17,25-34
U01312,PL,iOS,returning,2023-10-26,25-34
U01313,DE,iOS,returning,2023-01-12,18-24
U01314,DE,Android,returning,2023-09-20,55+
U01315,RO,Android,new,2023-01-29,45-54
U01316,DE,Android,new,2023-07-09,35-44
U01317,SK,Android,returning,2023-08-17,45-54
U01318,SK,Android,returning,2023-08-01,45-54
U01319,DE,Android,new,2023-08-01,25-34
U01320,PL,iOS,returning,2023-06-05,18-24
U01321,CZ,Android,new,2023-10-30,35-44
U01322,DE,Android,returning,2023-08-01,25-34
U01323,DE,Android,returning,2023-04-13,18-24
U01324,SK,Android,returning,2023-06-04,45-54
U01325,DE,Android,new,2023-04-25,45-54
U01326,CZ,iOS,new,2023-03-05,45-54
U01327,PL,Android,returning,2023-12-19,45-54
U01328,PL,Android,returning,2023-02-04,45-54
U01329,PL,Android,returning,2023-05-13,18-24
U01330,PL,Android,returning,2023-07-11,25-34
U01331,DE,Android,returning,2023-10-25,25-34
U01332,DE,Android,new,2023-07-02,35-44
U01333,DE,Android,returning,2023-01-25,55+
U01334,CZ,Android,new,2023-04-10,25-34
U01335,DE,Android,returning,2023-10-06,35-44
U01336,CZ,iOS,new,2023-05-19,55+
U01337,SK,Android,returning,2023-06-30,35-44
U01338,PL,iOS,new,2023-09-06,25-34
U01339,PL,iOS,returning,2023-03-21,55+
U01340,CZ,iOS,returning,2023-11-11,55+
U01341,CZ,Android,returning,2023-12-26,18-24
U01342,SK,iOS,returning,2023-03-01,35-44
U01343,DE,iOS,returning,2023-12-20,55+
U01344,CZ,Android,returning,2023-09-25,18-24
U01345,DE,iOS,new,2023-03-02,25-34
U01346,DE,Android,new,2023-06-07,18-24
U01347,DE,Android,new,2023-02-09,25-34
U01348,DE,iOS,returning,2023-02-25,45-54
U01349,RO,Android,new,2023-03-02,18-24
U01350,CZ,iOS,new,2023-02-19,25-34
U01351,CZ,Android,new,2023-04-05,35-44
U01352,DE,Android,returning,2023-10-24,55+
U01353,PL,Android,returning,2023-05-04,18-24
U01354,DE,Android,new,2023-09-28,55+
U01355,RO,Android,new,2023-01-03,55+
U01356,PL,iOS,new,2023-12-29,18-24
U01357,SK,iOS,new,2023-04-03,55+
U01358,PL,iOS,new,2023-04-27,45-54
U01359,PL,Android,new,2023-02-26,35-44
U01360,CZ,Android,returning,2023-10-13,45-54
U01361,PL,iOS,returning,2023-05-26,45-54
U01362,PL,Android,returning,2023-04-26,25-34
U01363,SK,iOS,returning,2023-02-05,35-44
U01364,DE,iOS,returning,2023-04-02,45-54
U01365,PL,iOS,new,2023-08-13,45-54
U01366,CZ,iOS,returning,2023-07-25,25-34
U01367,DE,Android,new,2023-02-03,45-54
U01368,DE,Android,returning,2023-03-04,55+
U01369,DE,iOS,returning,2023-10-31,45-54
U01370,PL,iOS,new,2023-07-02,45-54
U01371,DE,iOS,new,2023-09-19,35-44
U01372,PL,iOS,new,2023-09-08,18-24
U01373,SK,Android,new,2023-01-28,25-34
U01374,PL,Android,new,2023-07-15,55+
U01375,CZ,iOS,returning,2023-02-19,45-54
U01376,DE,iOS,returning,2023-08-27,35-44
U01377,DE,iOS,returning,2023-10-05,18-24
U01378,SK,Android,returning,2023-08-09,45-54
U01379,PL,Android,returning,2023-08-15,35-44
U01380,DE,Android,new,2023-12-28,45-54
U01381,CZ,Android,returning,2023-09-07,55+
U01382,PL,Android,returning,2023-12-17,25-34
U01383,DE,Android,returning,2023-09-17,45-54
U01384,CZ,iOS,new,2023-11-12,18-24
U01385,PL,Android,new,2023-01-15,55+
U01386,CZ,iOS,new,2023-01-14,45-54
U01387,RO,Android,new,2023-06-26,25-34
U01388,DE,Android,new,2023-05-07,18-24
U01389,DE,Android,returning,2023-06-06,18-24
U01390,CZ,Android,returning,2023-08-24,45-54
U01391,DE,Android,new,2023-05-17,35-44
U01392,PL,Android,new,2023-07-13,45-54
U01393,CZ,Android,returning,2023-02-21,35-44
U01394,PL,Android,new,2023-03-27,45-54
U01395,SK,iOS,returning,2023-11-22,55+
U01396,DE,Android,returning,2023-04-20,45-54
U01397,PL,iOS,returning,2023-04-26,55+
U01398,PL,Android,returning,2023-02-18,55+
U01399,PL,Android,new,2023-09-01,35-44
U01400,SK,Android,returning,2023-09-16,25-34
U01401,PL,iOS,returning,2023-08-01,55+
U01402,SK,iOS,returning,2023-04-03,25-34
U01403,PL,iOS,returning,2023-10-23,45-54
U01404,RO,Android,returning,2023-05-18,45-54
U01405,CZ,Android,new,2023-10-17,45-54
U01406,DE,iOS,returning,2023-03-17,45-54
U01407,DE,iOS,new,2023-07-30,25-34
U01408,DE,Android,new,2023-07-31,55+
U01409,PL,Android,new,2023-05-01,25-34
U01410,PL,Android,new,2023-06-08,18-24
U01411,DE,Android,new,2023-04-14,35-44
U01412,PL,iOS,new,2023-12-04,45-54
U01413,DE,iOS,new,2023-01-11,35-44
U01414,RO,Android,new,2023-02-02,18-24
U01415,RO,iOS,new,2023-07-23,18-24
U01416,CZ,iOS,returning,2023-10-20,55+
U01417,DE,iOS,new,2023-09-26,18-24
U01418,DE,Android,new,2023-06-10,25-34
U01419,DE,Android,new,2023-08-05,35-44
U01420,PL,iOS,new,2023-08-14,55+
U01421,CZ,Android,returning,2023-07-11,45-54
U01422,DE,Android,returning,2023-12-16,25-34
U01423,PL,Android,new,2023-07-05,55+
U01424,SK,iOS,returning,2023-01-18,25-34
U01425,PL,Android,returning,2023-05-10,35-44
U01426,DE,iOS,returning,2023-12-17,45-54
U01427,RO,Android,returning,2023-01-05,35-44
U01428,DE,iOS,new,2023-06-04,25-34
U01429,RO,iOS,returning,2023-03-24,45-54
U01430,DE,Android,returning,2023-01-18,45-54
U01431,CZ,iOS,new,2023-08-30,45-54
U01432,SK,iOS,returning,2023-02-21,35-44
U01433,PL,iOS,returning,2023-08-04,45-54
U01434,DE,Android,returning,2023-12-22,45-54
U01435,DE,Android,returning,2023-11-25,35-44
U01436,DE,Android,returning,2023-10-22,25-34
U01437,CZ,iOS,new,2023-11-01,45-54
U01438,DE,iOS,returning,2023-03-10,35-44
U01439,DE,Android,new,2023-04-12,45-54
U01440,DE,iOS,returning,2023-10-20,55+
U01441,DE,Android,returning,2023-11-17,35-44
U01442,SK,Android,returning,2023-12-26,55+
U01443,DE,iOS,new,2023-05-14,55+
U01444,DE,Android,returning,2023-03-02,45-54
U01445,PL,Android,new,2023-12-11,35-44
U01446,CZ,Android,new,2023-05-28,25-34
U01447,DE,iOS,returning,2023-11-04,25-34
U01448,DE,iOS,new,2023-08-03,35-44
U01449,PL,iOS,new,2023-05-01,45-54
U01450,DE,Android,new,2023-02-13,45-54
U01451,DE,Android,new,2023-12-18,55+
U01452,DE,Android,new,2023-05-12,25-34
U01453,RO,iOS,returning,2023-08-30,55+
U01454,CZ,Android,new,2023-12-30,55+
U01455,DE,Android,new,2023-07-15,55+
U01456,PL,Android,returning,2023-01-22,35-44
U01457,DE,Android,returning,2023-08-28,25-34
U01458,DE,Android,new,2023-05-14,35-44
U01459,RO,Android,returning,2023-07-04,55+
U01460,PL,Android,new,2023-05-16,45-54
U01461,PL,iOS,returning,2023-03-19,45-54
U01462,DE,Android,new,2023-01-28,45-54
U01463,DE,Android,new,2023-05-14,45-54
U01464,PL,iOS,returning,2023-01-21,45-54
U01465,DE,iOS,new,2023-09-10,35-44
U01466,DE,Android,returning,2023-02-17,55+
U01467,PL,iOS,new,2023-05-20,18-24
U01468,CZ,Android,returning,2023-09-27,25-34
U01469,CZ,iOS,new,2023-09-13,18-24
U01470,DE,iOS,new,2023-07-21,35-44
U01471,DE,Android,returning,2023-03-20,45-54
U01472,PL,Android,returning,2023-08-21,35-44
U01473,CZ,iOS,new,2023-01-23,55+
U01474,DE,Android,returning,2023-03-08,35-44
U01475,CZ,Android,returning,2023-01-29,18-24
U01476,DE,Android,returning,2023-07-24,45-54
U01477,DE,Android,new,2023-02-15,45-54
U01478,PL,iOS,new,2023-05-26,35-44
U01479,SK,iOS,returning,2023-09-09,55+
U01480,DE,Android,new,2023-03-09,25-34
U01481,PL,Android,new,2023-09-08,55+
U01482,DE,Android,new,2023-08-05,25-34
U01483,PL,Android,returning,2023-08-11,45-54
U01484,DE,iOS,new,2023-12-13,45-54
U01485,PL,Android,new,2023-09-27,45-54
U01486,RO,Android,new,2023-02-10,25-34
U01487,RO,iOS,returning,2023-12-17,35-44
U01488,DE,Android,new,2023-10-19,18-24
U01489,PL,Android,returning,2023-09-19,55+
U01490,DE,Android,returning,2023-05-10,18-24
U01491,CZ,Android,returning,2023-02-28,45-54
U01492,DE,iOS,new,2023-01-24,55+
U01493,CZ,Android,returning,2023-08-21,35-44
U01494,DE,Android,returning,2023-04-06,35-44
U01495,DE,Android,new,2023-12-11,18-24
U01496,DE,Android,returning,2023-01-07,55+
U01497,DE,iOS,returning,2023-09-07,45-54
U01498,DE,Android,new,2023-06-04,18-24
U01499,RO,iOS,new,2023-12-23,25-34
U01500,DE,iOS,returning,2023-11-29,55+
U01501,DE,iOS,new,2023-04-08,45-54
U01502,DE,iOS,returning,2023-01-12,45-54
U01503,PL,iOS,returning,2023-09-06,25-34
U01504,PL,iOS,new,2023-05-31,18-24
U01505,PL,iOS,returning,2023-02-22,45-54
U01506,PL,Android,new,2023-10-24,45-54
U01507,PL,Android,returning,2023-07-24,45-54
U01508,CZ,Android,new,2023-04-29,35-44
U01509,DE,iOS,new,2023-10-11,45-54
U01510,PL,iOS,new,2023-03-01,45-54
U01511,DE,iOS,returning,2023-01-11,45-54
U01512,PL,Android,returning,2023-04-29,55+
U01513,PL,iOS,returning,2023-12-03,45-54
U01514,SK,iOS,returning,2023-08-02,45-54
U01515,PL,Android,returning,2023-03-24,45-54
U01516,DE,Android,returning,2023-03-08,45-54
U01517,DE,Android,new,2023-09-10,18-24
U01518,SK,Android,new,2023-07-03,55+
U01519,SK,Android,new,2023-01-17,25-34
U01520,PL,Android,returning,2023-03-03,35-44
U01521,CZ,Android,returning,2023-01-24,55+
U01522,CZ,iOS,returning,2023-11-06,45-54
U01523,RO,iOS,returning,2023-08-23,55+
U01524,CZ,iOS,returning,2023-11-09,18-24
U01525,DE,iOS,returning,2023-09-17,35-44
U01526,CZ,iOS,returning,2023-03-22,45-54
U01527,DE,Android,returning,2023-02-20,18-24
U01528,PL,Android,returning,2023-04-14,25-34
U01529,DE,Android,new,2023-08-31,35-44
U01530,DE,iOS,new,2023-08-01,55+
U01531,CZ,Android,new,2023-08-04,45-54
U01532,RO,Android,returning,2023-08-23,18-24
U01533,DE,Android,returning,2023-08-15,18-24
U01534,DE,Android,returning,2023-02-13,45-54
U01535,DE,Android,returning,2023-02-01,25-34
U01536,DE,iOS,returning,2023-10-22,55+
U01537,PL,iOS,returning,2023-06-01,35-44
U01538,RO,Android,new,2023-06-10,55+
U01539,RO,iOS,new,2023-11-09,25-34
U01540,PL,iOS,new,2023-10-06,35-44
U01541,PL,Android,new,2023-11-29,18-24
U01542,DE,iOS,returning,2023-10-03,25-34
U01543,RO,Android,new,2023-09-24,55+
U01544,PL,iOS,new,2023-06-09,18-24
U01545,PL,Android,returning,2023-10-04,45-54
U01546,DE,Android,new,2023-09-16,55+
U01547,DE,iOS,returning,2023-07-01,45-54
U01548,PL,Android,new,2023-06-02,25-34
U01549,PL,iOS,returning,2023-10-25,55+
U01550,DE,Android,returning,2023-11-01,55+
U01551,DE,Android,returning,2023-12-11,18-24
U01552,PL,Android,returning,2023-06-17,45-54
U01553,DE,Android,new,2023-02-20,18-24
U01554,PL,Android,new,2023-02-01,18-24
U01555,CZ,Android,returning,2023-07-09,45-54
U01556,PL,iOS,returning,2023-05-16,45-54
U01557,SK,Android,new,2023-08-02,45-54
U01558,RO,Android,returning,2023-03-08,25-34
U01559,PL,iOS,returning,2023-08-22,35-44
U01560,PL,Android,new,2023-03-02,55+
U01561,DE,Android,new,2023-05-29,35-44
U01562,DE,Android,new,2023-06-05,55+
U01563,DE,iOS,returning,2023-08-04,25-34
U01564,SK,Android,new,2023-04-04,35-44
U01565,SK,Android,returning,2023-02-04,55+
U01566,RO,iOS,returning,2023-08-20,55+
U01567,CZ,Android,returning,2023-03-09,45-54
U01568,PL,iOS,new,2023-12-08,55+
U01569,PL,Android,returning,2023-12-07,35-44
U01570,DE,iOS,new,2023-10-04,35-44
U01571,DE,Android,new,2023-11-27,35-44
U01572,PL,iOS,new,2023-10-15,55+
U01573,PL,Android,returning,2023-10-05,25-34
U01574,PL,Android,returning,2023-09-01,55+
U01575,RO,Android,new,2023-04-03,55+
U01576,DE,Android,new,2023-08-16,55+
U01577,PL,iOS,new,2023-01-24,25-34
U01578,DE,Android,new,2023-08-01,18-24
U01579,RO,Android,new,2023-02-28,25-34
U01580,CZ,Android,returning,2023-05-11,25-34
U01581,PL,Android,new,2023-01-31,18-24
U01582,DE,Android,new,2023-06-02,35-44
U01583,DE,iOS,new,2023-05-13,25-34
U01584,CZ,Android,returning,2023-05-03,55+
U01585,RO,Android,new,2023-07-17,55+
U01586,DE,Android,returning,2023-07-28,18-24
U01587,PL,Android,new,2023-05-18,55+
U01588,CZ,Android,new,2023-11-30,18-24
U01589,PL,iOS,new,2023-11-22,55+
U01590,CZ,Android,new,2023-03-28,55+
U01591,DE,iOS,returning,2023-08-20,55+
U01592,CZ,Android,new,2023-05-29,45-54
U01593,PL,iOS,new,2023-05-20,35-44
U01594,DE,iOS,new,2023-11-20,25-34
U01595,PL,Android,new,2023-10-01,18-24
U01596,CZ,iOS,returning,2023-03-13,25-34
U01597,PL,iOS,returning,2023-11-09,35-44
U01598,DE,iOS,returning,2023-11-22,25-34
U01599,RO,Android,returning,2023-12-06,55+
U01600,DE,iOS,returning,2023-06-18,18-24
U01601,PL,iOS,returning,2023-11-08,45-54
U01602,SK,iOS,returning,2023-10-12,55+
U01603,CZ,iOS,new,2023-02-11,18-24
U01604,PL,Android,returning,2023-12-10,45-54
U01605,DE,Android,returning,2023-11-04,18-24
U01606,PL,iOS,new,2023-03-05,25-34
U01607,CZ,iOS,returning,2023-01-11,25-34
U01608,SK,iOS,returning,2023-02-16,25-34
U01609,RO,iOS,new,2023-04-30,45-54
U01610,CZ,Android,new,2023-12-27,45-54
U01611,SK,Android,returning,2023-02-26,55+
U01612,CZ,Android,returning,2023-04-10,55+
U01613,DE,Android,new,2023-03-31,35-44
U01614,SK,iOS,returning,2023-10-19,35-44
U01615,SK,Android,returning,2023-04-09,55+
U01616,DE,Android,returning,2023-11-11,45-54
U01617,CZ,iOS,returning,2023-11-25,35-44
U01618,SK,Android,new,2023-08-10,55+
U01619,PL,Android,new,2023-08-27,25-34
U01620,DE,Android,new,2023-01-25,18-24
U01621,DE,Android,returning,2023-07-20,18-24
U01622,RO,Android,new,2023-04-26,25-34
U01623,DE,Android,returning,2023-04-11,18-24
U01624,PL,iOS,returning,2023-01-15,35-44
U01625,DE,Android,returning,2023-05-09,18-24
U01626,PL,Android,new,2023-06-20,55+
U01627,PL,Android,new,2023-11-14,18-24
U01628,RO,iOS,new,2023-02-13,18-24
U01629,DE,iOS,new,2023-03-07,55+
U01630,PL,Android,new,2023-11-17,18-24
U01631,SK,Android,returning,2023-05-31,45-54
U01632,SK,iOS,returning,2023-04-30,45-54
U01633,PL,Android,returning,2023-07-16,18-24
U01634,CZ,iOS,new,2023-06-23,55+
U01635,PL,Android,new,2023-06-18,18-24
U01636,CZ,Android,returning,2023-10-31,55+
U01637,DE,Android,returning,2023-05-12,25-34
U01638,DE,Android,new,2023-05-05,55+
U01639,PL,iOS,new,2023-08-12,55+
U01640,CZ,Android,new,2023-10-05,35-44
U01641,DE,Android,returning,2023-05-30,25-34
U01642,DE,iOS,returning,2023-01-30,18-24
U01643,DE,iOS,returning,2023-08-05,25-34
U01644,DE,iOS,returning,2023-02-05,45-54
U01645,CZ,iOS,returning,2023-11-04,35-44
U01646,DE,Android,new,2023-11-12,18-24
U01647,DE,Android,new,2023-09-11,25-34
U01648,PL,Android,returning,2023-08-27,35-44
U01649,DE,Android,returning,2023-07-12,35-44
U01650,DE,Android,new,2023-01-06,35-44
U01651,DE,Android,returning,2023-08-14,18-24
U01652,DE,Android,new,2023-01-16,35-44
U01653,DE,Android,new,2023-03-31,18-24
U01654,SK,iOS,new,2023-04-01,25-34
U01655,CZ,iOS,new,2023-07-14,25-34
U01656,PL,Android,new,2023-06-06,25-34
U01657,RO,iOS,returning,2023-09-27,18-24
U01658,DE,iOS,returning,2023-03-02,25-34
U01659,DE,Android,returning,2023-09-30,25-34
U01660,CZ,Android,returning,2023-01-24,35-44
U01661,DE,Android,returning,2023-03-18,25-34
U01662,RO,iOS,new,2023-09-18,18-24
U01663,CZ,iOS,new,2023-08-29,45-54
U01664,CZ,Android,returning,2023-11-27,25-34
U01665,CZ,Android,returning,2023-06-14,45-54
U01666,DE,Android,returning,2023-08-31,55+
U01667,DE,Android,new,2023-11-29,25-34
U01668,DE,Android,new,2023-07-22,25-34
U01669,DE,Android,returning,2023-07-11,35-44
U01670,PL,Android,new,2023-08-16,55+
U01671,DE,Android,new,2023-11-15,35-44
U01672,DE,Android,new,2023-09-12,25-34
U01673,PL,Android,new,2023-05-16,55+
U01674,PL,Android,new,2023-09-20,25-34
U01675,DE,Android,returning,2023-02-20,35-44
U01676,CZ,Android,returning,2023-04-11,35-44
U01677,CZ,iOS,returning,2023-04-08,55+
U01678,DE,Android,returning,2023-05-14,45-54
U01679,SK,iOS,new,2023-07-27,55+
U01680,SK,Android,returning,2023-03-18,25-34
U01681,DE,Android,returning,2023-08-31,45-54
U01682,DE,Android,returning,2023-08-25,45-54
U01683,PL,Android,returning,2023-12-24,18-24
U01684,DE,iOS,new,2023-07-11,18-24
U01685,SK,iOS,new,2023-09-13,45-54
U01686,CZ,Android,returning,2023-08-06,55+
U01687,DE,Android,returning,2023-06-03,25-34
U01688,RO,iOS,returning,2023-03-20,55+
U01689,PL,Android,new,2023-11-08,45-54
U01690,PL,Android,new,2023-02-02,55+
U01691,PL,Android,new,2023-08-20,55+
U01692,DE,iOS,returning,2023-04-01,25-34
U01693,DE,iOS,new,2023-04-12,25-34
U01694,CZ,Android,new,2023-05-30,55+
U01695,DE,iOS,new,2023-01-06,25-34
U01696,DE,Android,returning,2023-02-26,45-54
U01697,DE,Android,new,2023-04-16,45-54
U01698,PL,iOS,returning,2023-03-23,55+
U01699,PL,Android,returning,2023-12-17,45-54
U01700,SK,iOS,new,2023-02-02,35-44
U01701,SK,Android,returning,2023-10-19,18-24
U01702,PL,iOS,new,2023-05-28,35-44
U01703,PL,iOS,new,2023-07-20,25-34
U01704,SK,iOS,returning,2023-04-02,25-34
U01705,PL,Android,returning,2023-12-24,25-34
U01706,DE,iOS,new,2023-03-22,18-24
U01707,CZ,iOS,returning,2023-12-24,45-54
U01708,DE,Android,returning,2023-10-11,55+
U01709,PL,Android,new,2023-06-16,18-24
U01710,DE,iOS,returning,2023-08-25,45-54
U01711,DE,Android,new,2023-07-15,18-24
U01712,DE,iOS,new,2023-01-06,45-54
U01713,PL,Android,returning,2023-09-06,45-54
U01714,PL,Android,new,2023-03-13,18-24
U01715,DE,Android,returning,2023-11-07,45-54
U01716,DE,iOS,returning,2023-03-28,25-34
U01717,DE,Android,new,2023-08-14,55+
U01718,PL,Android,returning,2023-04-21,55+
U01719,CZ,iOS,new,2023-11-25,35-44
U01720,DE,Android,returning,2023-08-16,25-34
U01721,DE,Android,new,2023-05-08,45-54
U01722,RO,Android,new,2023-01-15,18-24
U01723,RO,Android,returning,2023-04-23,25-34
U01724,DE,Android,returning,2023-03-27,35-44
U01725,PL,iOS,returning,2023-10-15,45-54
U01726,DE,Android,new,2023-08-08,25-34
U01727,PL,Android,new,2023-01-08,45-54
U01728,DE,iOS,returning,2023-04-23,35-44
U01729,DE,Android,new,2023-01-23,55+
U01730,RO,Android,returning,2023-09-13,55+
U01731,DE,Android,new,2023-03-29,45-54
U01732,RO,iOS,new,2023-12-14,25-34
U01733,CZ,iOS,returning,2023-11-22,45-54
U01734,DE,iOS,returning,2023-02-04,45-54
U01735,PL,Android,returning,2023-09-19,18-24
U01736,DE,iOS,new,2023-04-30,25-34
U01737,CZ,iOS,new,2023-08-08,35-44
U01738,DE,Android,new,2023-09-13,18-24
U01739,RO,Android,returning,2023-05-02,35-44
U01740,DE,iOS,returning,2023-03-10,55+
U01741,PL,Android,new,2023-08-01,35-44
U01742,DE,Android,returning,2023-06-25,25-34
U01743,CZ,Android,returning,2023-12-18,55+
U01744,DE,iOS,new,2023-06-14,45-54
U01745,RO,Android,returning,2023-02-05,25-34
U01746,DE,Android,returning,2023-03-06,25-34
U01747,PL,Android,returning,2023-05-01,25-34
U01748,DE,Android,new,2023-04-12,35-44
U01749,PL,iOS,new,2023-10-23,45-54
U01750,RO,Android,new,2023-02-10,45-54
U01751,PL,iOS,new,2023-08-14,25-34
U01752,DE,Android,returning,2023-09-04,35-44
U01753,PL,Android,new,2023-11-01,45-54
U01754,DE,Android,returning,2023-08-26,45-54
U01755,DE,iOS,new,2023-02-06,25-34
U01756,DE,Android,returning,2023-01-03,45-54
U01757,RO,iOS,returning,2023-07-27,35-44
U01758,PL,iOS,returning,2023-07-16,45-54
U01759,RO,Android,returning,2023-01-20,25-34
U01760,CZ,iOS,returning,2023-04-10,35-44
U01761,CZ,iOS,new,2023-09-18,18-24
U01762,DE,Android,new,2023-11-30,45-54
U01763,RO,Android,returning,2023-01-18,18-24
U01764,CZ,Android,returning,2023-12-24,25-34
U01765,DE,Android,returning,2023-05-11,25-34
U01766,DE,Android,returning,2023-01-07,45-54
U01767,CZ,iOS,new,2023-07-23,25-34
U01768,DE,Android,returning,2023-08-05,55+
U01769,CZ,Android,new,2023-09-30,45-54
U01770,DE,Android,returning,2023-02-15,25-34
U01771,CZ,iOS,new,2023-05-18,35-44
U01772,RO,iOS,new,2023-01-04,18-24
U01773,PL,Android,new,2023-12-23,45-54
U01774,DE,Android,new,2023-03-29,45-54
U01775,PL,Android,returning,2023-04-04,25-34
U01776,DE,iOS,returning,2023-04-06,25-34
U01777,RO,iOS,new,2023-05-13,55+
U01778,SK,Android,new,2023-02-25,45-54
U01779,DE,Android,returning,2023-03-05,45-54
U01780,CZ,Android,new,2023-09-06,18-24
U01781,PL,iOS,new,2023-12-07,55+
U01782,DE,Android,returning,2023-01-04,35-44
U01783,PL,Android,new,2023-09-06,35-44
U01784,SK,iOS,returning,2023-12-16,35-44
U01785,DE,iOS,returning,2023-12-07,35-44
U01786,DE,iOS,new,2023-02-21,25-34
U01787,PL,iOS,new,2023-01-14,25-34
U01788,PL,iOS,returning,2023-07-08,55+
U01789,CZ,Android,returning,2023-07-31,35-44
U01790,PL,iOS,returning,2023-01-09,35-44
U01791,PL,iOS,new,2023-12-14,55+
U01792,DE,iOS,returning,2023-02-11,45-54
U01793,SK,iOS,returning,2023-12-04,35-44
U01794,DE,Android,returning,2023-11-07,55+
U01795,DE,Android,new,2023-09-16,55+
U01796,DE,Android,new,2023-08-28,55+
U01797,DE,Android,returning,2023-05-04,18-24
U01798,PL,iOS,new,2023-02-24,35-44
U01799,CZ,Android,new,2023-07-16,45-54
U01800,DE,Android,returning,2023-12-10,45-54
U01801,CZ,Android,new,2023-02-16,55+
U01802,DE,Android,returning,2023-11-04,45-54
U01803,PL,Android,returning,2023-12-01,25-34
U01804,DE,Android,new,2023-04-25,35-44
U01805,RO,iOS,new,2023-10-31,35-44
U01806,SK,iOS,returning,2023-03-07,18-24
U01807,DE,Android,returning,2023-06-09,45-54
U01808,CZ,iOS,returning,2023-06-13,25-34
U01809,CZ,Android,new,2023-09-24,18-24
U01810,SK,Android,returning,2023-10-03,35-44
U01811,PL,Android,returning,2023-04-23,25-34
U01812,SK,iOS,new,2023-12-07,35-44
U01813,PL,iOS,new,2023-06-08,55+
U01814,PL,Android,new,2023-09-02,45-54
U01815,RO,Android,returning,2023-01-31,25-34
U01816,CZ,Android,returning,2023-04-26,25-34
U01817,CZ,Android,returning,2023-09-07,25-34
U01818,PL,Android,returning,2023-01-12,35-44
U01819,DE,Android,new,2023-07-20,25-34
U01820,SK,Android,new,2023-12-25,55+
U01821,SK,iOS,returning,2023-01-28,25-34
U01822,DE,iOS,new,2023-10-23,25-34
U01823,DE,iOS,returning,2023-04-18,18-24
U01824,CZ,Android,returning,2023-07-05,25-34
U01825,RO,Android,returning,2023-07-12,18-24
U01826,DE,Android,returning,2023-02-19,18-24
U01827,CZ,Android,returning,2023-09-21,45-54
U01828,DE,Android,returning,2023-05-06,55+
U01829,CZ,Android,returning,2023-03-30,18-24
U01830,SK,iOS,new,2023-08-26,45-54
U01831,DE,Android,new,2023-07-08,55+
U01832,DE,Android,returning,2023-04-26,35-44
U01833,CZ,iOS,new,2023-12-22,45-54
U01834,CZ,Android,new,2023-11-27,35-44
U01835,CZ,iOS,returning,2023-02-02,45-54
U01836,DE,Android,returning,2023-12-25,55+
U01837,DE,iOS,returning,2023-09-08,18-24
U01838,RO,iOS,new,2023-04-17,55+
U01839,DE,Android,returning,2023-12-22,18-24
U01840,DE,Android,new,2023-01-21,55+
U01841,SK,Android,returning,2023-05-12,55+
U01842,DE,Android,new,2023-06-02,18-24
U01843,DE,iOS,returning,2023-05-08,35-44
U01844,PL,Android,returning,2023-12-04,35-44
U01845,RO,iOS,returning,2023-09-25,55+
U01846,CZ,iOS,new,2023-04-18,18-24
U01847,DE,iOS,new,2023-04-07,25-34
U01848,PL,Android,new,2023-11-05,55+
U01849,DE,Android,new,2023-08-05,25-34
U01850,PL,iOS,returning,2023-07-24,25-34
U01851,DE,iOS,new,2023-10-02,25-34
U01852,PL,iOS,returning,2023-07-10,25-34
U01853,SK,Android,returning,2023-08-03,45-54
U01854,RO,Android,new,2023-01-14,55+
U01855,CZ,Android,new,2023-02-26,18-24
U01856,RO,iOS,new,2023-07-05,25-34
U01857,DE,Android,returning,2023-05-21,45-54
U01858,CZ,Android,returning,2023-02-23,35-44
U01859,SK,Android,returning,2023-10-29,55+
U01860,PL,iOS,returning,2023-05-25,25-34
U01861,RO,Android,new,2023-06-12,55+
U01862,PL,iOS,returning,2023-10-10,25-34
U01863,DE,Android,new,2023-05-13,25-34
U01864,DE,iOS,new,2023-03-15,35-44
U01865,CZ,iOS,new,2023-12-29,45-54
U01866,PL,Android,returning,2023-04-04,35-44
U01867,RO,Android,returning,2023-05-22,25-34
U01868,PL,Android,new,2023-06-06,35-44
U01869,PL,Android,new,2023-02-16,18-24
U01870,PL,Android,new,2023-03-26,45-54
U01871,RO,Android,returning,2023-01-06,25-34
U01872,PL,iOS,returning,2023-09-03,55+
U01873,DE,Android,new,2023-12-24,18-24
U01874,CZ,iOS,new,2023-08-06,55+
U01875,PL,iOS,returning,2023-12-17,55+
U01876,DE,Android,new,2023-04-26,35-44
U01877,PL,Android,new,2023-01-27,18-24
U01878,RO,Android,returning,2023-06-23,18-24
U01879,DE,Android,new,2023-05-29,55+
U01880,DE,Android,returning,2023-07-21,55+
U01881,RO,iOS,returning,2023-01-19,18-24
U01882,DE,Android,new,2023-07-02,18-24
U01883,DE,iOS,new,2023-01-03,18-24
U01884,PL,Android,returning,2023-02-21,25-34
U01885,DE,Android,new,2023-07-30,35-44
U01886,PL,Android,new,2023-04-26,25-34
U01887,SK,Android,new,2023-10-02,45-54
U01888,DE,iOS,new,2023-03-24,25-34
U01889,DE,Android,new,2023-02-26,35-44
U01890,DE,Android,returning,2023-01-17,35-44
U01891,PL,Android,returning,2023-03-02,25-34
U01892,CZ,iOS,new,2023-06-16,45-54
U01893,DE,Android,new,2023-03-09,25-34
U01894,PL,iOS,new,2023-06-26,35-44
U01895,RO,iOS,new,2023-08-08,35-44
U01896,PL,iOS,new,2023-05-25,25-34
U01897,DE,Android,new,2023-09-19,35-44
U01898,DE,iOS,new,2023-12-25,18-24
U01899,CZ,iOS,new,2023-12-25,55+
U01900,PL,Android,new,2023-11-19,18-24
U01901,RO,iOS,new,2023-05-21,55+
U01902,DE,Android,new,2023-04-13,35-44
U01903,PL,Android,new,2023-12-25,45-54
U01904,PL,iOS,new,2023-02-01,35-44
U01905,DE,Android,new,2023-07-06,35-44
U01906,DE,Android,returning,2023-01-25,35-44
U01907,DE,Android,returning,2023-04-19,45-54
U01908,DE,Android,new,2023-04-05,18-24
U01909,CZ,iOS,returning,2023-02-19,25-34
U01910,DE,iOS,returning,2023-06-19,55+
U01911,PL,Android,new,2023-09-28,55+
U01912,DE,Android,returning,2023-07-16,55+
U01913,DE,iOS,returning,2023-03-03,25-34
U01914,CZ,iOS,new,2023-04-09,55+
U01915,DE,iOS,returning,2023-11-13,25-34
U01916,CZ,Android,new,2023-10-01,55+
U01917,DE,iOS,returning,2023-12-31,55+
U01918,SK,Android,returning,2023-06-27,45-54
U01919,PL,Android,returning,2023-02-04,18-24
U01920,PL,iOS,new,2023-03-27,18-24
U01921,DE,iOS,new,2023-10-17,45-54
U01922,CZ,iOS,returning,2023-09-11,25-34
U01923,CZ,Android,returning,2023-08-13,45-54
U01924,DE,Android,new,2023-11-07,25-34
U01925,CZ,iOS,returning,2023-10-31,45-54
U01926,CZ,Android,new,2023-09-15,25-34
U01927,CZ,Android,new,2023-06-01,18-24
U01928,DE,Android,new,2023-10-01,35-44
U01929,DE,iOS,returning,2023-03-10,25-34
U01930,PL,Android,new,2023-04-18,55+
U01931,DE,iOS,returning,2023-07-08,35-44
U01932,PL,iOS,new,2023-03-10,18-24
U01933,SK,iOS,new,2023-11-17,35-44
U01934,DE,Android,returning,2023-04-01,55+
U01935,CZ,iOS,returning,2023-02-24,35-44
U01936,PL,Android,returning,2023-11-17,25-34
U01937,DE,Android,returning,2023-06-16,45-54
U01938,PL,iOS,new,2023-03-21,25-34
U01939,DE,Android,new,2023-09-03,25-34
U01940,PL,iOS,new,2023-04-07,35-44
U01941,DE,iOS,returning,2023-01-11,55+
U01942,DE,Android,new,2023-04-07,45-54
U01943,CZ,Android,returning,2023-02-21,18-24
U01944,DE,Android,new,2023-11-05,18-24
U01945,RO,Android,returning,2023-11-26,35-44
U01946,RO,Android,returning,2023-03-15,18-24
U01947,PL,iOS,returning,2023-02-24,18-24
U01948,DE,iOS,returning,2023-04-14,25-34
U01949,DE,Android,new,2023-06-07,35-44
U01950,PL,Android,new,2023-11-18,55+
U01951,DE,iOS,new,2023-06-01,18-24
U01952,DE,Android,new,2023-04-25,35-44
U01953,RO,iOS,returning,2023-04-26,18-24
U01954,DE,Android,new,2023-09-09,35-44
U01955,DE,Android,new,2023-07-02,18-24
U01956,PL,Android,returning,2023-01-23,55+
U01957,CZ,Android,returning,2023-04-03,35-44
U01958,SK,Android,new,2023-11-16,45-54
U01959,DE,Android,returning,2023-12-05,18-24
U01960,SK,iOS,returning,2023-01-02,25-34
U01961,DE,Android,returning,2023-06-13,45-54
U01962,DE,Android,returning,2023-02-04,25-34
U01963,DE,Android,returning,2023-02-16,35-44
U01964,PL,Android,returning,2023-06-13,55+
U01965,DE,iOS,returning,2023-11-22,25-34
U01966,PL,Android,returning,2023-07-16,55+
U01967,SK,Android,returning,2023-10-02,45-54
U01968,PL,iOS,returning,2023-09-27,18-24
U01969,DE,Android,returning,2023-05-01,35-44
U01970,PL,Android,new,2023-10-13,35-44
U01971,SK,iOS,returning,2023-07-04,35-44
U01972,DE,iOS,returning,2023-08-24,45-54
U01973,DE,Android,returning,2023-05-05,18-24
U01974,CZ,Android,new,2023-12-23,45-54
U01975,DE,Android,returning,2023-07-10,45-54
U01976,SK,Android,new,2023-11-01,18-24
U01977,DE,Android,returning,2023-05-06,25-34
U01978,PL,Android,returning,2023-04-04,35-44
U01979,PL,Android,returning,2023-08-29,18-24
U01980,DE,Android,returning,2023-05-27,55+
U01981,PL,Android,returning,2023-03-30,45-54
U01982,CZ,Android,returning,2023-10-11,35-44
U01983,DE,iOS,new,2023-12-30,18-24
U01984,DE,iOS,returning,2023-09-25,45-54
U01985,DE,Android,returning,2023-11-13,55+
U01986,SK,iOS,returning,2023-11-06,35-44
U01987,PL,iOS,new,2023-12-01,35-44
U01988,PL,Android,new,2023-11-28,35-44
U01989,CZ,Android,new,2023-11-05,25-34
U01990,DE,Android,new,2023-10-05,35-44
U01991,PL,iOS,new,2023-04-07,35-44
U01992,RO,Android,returning,2023-02-13,45-54
U01993,DE,Android,new,2023-01-24,35-44
U01994,RO,Android,new,2023-05-25,45-54
U01995,RO,iOS,new,2023-07-02,45-54
U01996,DE,iOS,new,2023-09-15,55+
U01997,PL,iOS,new,2023-07-15,25-34
U01998,CZ,Android,returning,2023-03-19,25-34
U01999,SK,iOS,returning,2023-04-21,25-34
U02000,PL,iOS,returning,2023-09-14,35-44
U02001,CZ,Android,new,2023-08-18,45-54
U02002,SK,iOS,new,2023-01-21,25-34
U02003,PL,iOS,returning,2023-11-09,45-54
U02004,SK,Android,returning,2023-02-19,55+
U02005,PL,Android,new,2023-02-14,35-44
U02006,DE,Android,new,2023-03-24,18-24
U02007,CZ,Android,returning,2023-04-02,35-44
U02008,CZ,Android,new,2023-08-15,55+
U02009,DE,iOS,new,2023-09-07,55+
U02010,DE,Android,returning,2023-12-15,35-44
U02011,DE,Android,returning,2023-07-11,18-24
U02012,RO,Android,returning,2023-11-14,55+
U02013,DE,Android,new,2023-01-05,55+
U02014,SK,Android,returning,2023-07-24,18-24
U02015,PL,iOS,returning,2023-06-28,45-54
U02016,DE,iOS,returning,2023-02-25,45-54
U02017,DE,Android,new,2023-08-10,55+
U02018,DE,iOS,new,2023-09-06,45-54
U02019,PL,iOS,new,2023-01-20,25-34
U02020,PL,iOS,returning,2023-06-13,18-24
U02021,CZ,iOS,new,2023-07-05,25-34
U02022,RO,iOS,new,2023-01-12,25-34
U02023,DE,Android,new,2023-02-12,45-54
U02024,PL,iOS,new,2023-08-03,18-24
U02025,SK,Android,returning,2023-02-17,35-44
U02026,DE,iOS,returning,2023-03-26,55+
U02027,CZ,iOS,new,2023-12-19,55+
U02028,SK,Android,returning,2023-07-19,25-34
U02029,CZ,Android,new,2023-02-09,35-44
U02030,DE,Android,new,2023-01-08,35-44
U02031,CZ,iOS,new,2023-02-28,18-24
U02032,RO,iOS,returning,2023-08-19,55+
U02033,DE,iOS,new,2023-02-19,55+
U02034,PL,Android,new,2023-03-27,25-34
U02035,PL,Android,returning,2023-12-14,18-24
U02036,SK,Android,returning,2023-06-04,45-54
U02037,RO,Android,new,2023-11-29,55+
U02038,PL,iOS,new,2023-08-07,25-34
U02039,PL,Android,returning,2023-08-23,55+
U02040,DE,iOS,returning,2023-08-12,45-54
U02041,DE,iOS,returning,2023-11-21,18-24
U02042,SK,Android,returning,2023-02-14,55+
U02043,DE,iOS,returning,2023-07-30,55+
U02044,PL,Android,returning,2023-02-21,35-44
U02045,DE,iOS,returning,2023-08-04,18-24
U02046,SK,iOS,new,2023-04-11,45-54
U02047,RO,iOS,returning,2023-07-31,45-54
U02048,RO,iOS,returning,2023-01-04,35-44
U02049,DE,iOS,returning,2023-12-04,45-54
U02050,DE,iOS,new,2023-12-11,18-24
U02051,DE,Android,returning,2023-01-14,55+
U02052,DE,iOS,returning,2023-06-12,25-34
U02053,RO,Android,returning,2023-10-12,18-24
U02054,PL,iOS,new,2023-10-23,25-34
U02055,RO,Android,new,2023-07-26,18-24
U02056,SK,Android,returning,2023-12-30,45-54
U02057,RO,iOS,new,2023-11-18,35-44
U02058,DE,Android,new,2023-04-15,55+
U02059,DE,iOS,returning,2023-03-20,18-24
U02060,DE,iOS,new,2023-10-20,45-54
U02061,PL,Android,new,2023-11-21,25-34
U02062,DE,iOS,returning,2023-06-02,45-54
U02063,CZ,Android,returning,2023-05-14,18-24
U02064,RO,iOS,new,2023-11-23,55+
U02065,DE,Android,returning,2023-03-04,18-24
U02066,PL,Android,returning,2023-02-09,45-54
U02067,PL,Android,new,2023-02-21,18-24
U02068,CZ,Android,new,2023-04-18,45-54
U02069,DE,Android,new,2023-03-24,55+
U02070,PL,Android,returning,2023-11-20,35-44
U02071,RO,Android,new,2023-09-05,55+
U02072,RO,Android,new,2023-05-11,18-24
U02073,PL,Android,returning,2023-09-23,18-24
U02074,DE,Android,new,2023-04-22,25-34
U02075,DE,Android,new,2023-05-18,55+
U02076,DE,iOS,returning,2023-11-30,55+
U02077,RO,Android,new,2023-07-24,35-44
U02078,DE,iOS,returning,2023-07-21,25-34
U02079,RO,Android,returning,2023-04-16,45-54
U02080,CZ,iOS,returning,2023-11-02,55+
U02081,PL,Android,new,2023-07-16,18-24
U02082,DE,Android,returning,2023-08-19,55+
U02083,DE,iOS,returning,2023-07-29,55+
U02084,DE,Android,returning,2023-06-30,45-54
U02085,DE,Android,returning,2023-04-06,35-44
U02086,CZ,Android,new,2023-03-16,18-24
U02087,DE,Android,new,2023-06-18,25-34
U02088,DE,Android,new,2023-10-15,25-34
U02089,PL,iOS,returning,2023-02-22,18-24
U02090,SK,Android,returning,2023-10-21,35-44
U02091,DE,Android,returning,2023-06-13,18-24
U02092,PL,Android,new,2023-05-21,35-44
U02093,DE,Android,new,2023-10-30,55+
U02094,RO,Android,returning,2023-01-03,45-54
U02095,SK,iOS,new,2023-01-19,18-24
U02096,PL,iOS,new,2023-02-05,35-44
U02097,DE,Android,new,2023-05-21,35-44
U02098,PL,Android,returning,2023-09-10,45-54
U02099,SK,iOS,new,2023-09-10,35-44
U02100,DE,Android,returning,2023-11-13,25-34
U02101,RO,iOS,returning,2023-02-23,25-34
U02102,DE,iOS,returning,2023-03-29,55+
U02103,RO,iOS,new,2023-01-03,18-24
U02104,DE,Android,new,2023-02-26,55+
U02105,DE,Android,new,2023-07-14,45-54
U02106,DE,iOS,returning,2023-03-03,45-54
U02107,PL,Android,returning,2023-11-23,55+
U02108,CZ,iOS,new,2023-09-02,45-54
U02109,DE,iOS,returning,2023-04-26,35-44
U02110,SK,Android,returning,2023-10-13,25-34
U02111,DE,iOS,new,2023-12-22,18-24
U02112,DE,iOS,new,2023-12-10,18-24
U02113,DE,Android,returning,2023-06-24,35-44
U02114,CZ,iOS,returning,2023-06-09,18-24
U02115,DE,Android,returning,2023-03-08,55+
U02116,DE,Android,new,2023-09-20,45-54
U02117,CZ,iOS,returning,2023-03-26,18-24
U02118,PL,Android,new,2023-03-17,18-24
U02119,DE,Android,returning,2023-08-24,45-54
U02120,DE,iOS,new,2023-06-30,45-54
U02121,DE,Android,returning,2023-04-19,18-24
U02122,DE,Android,returning,2023-08-14,45-54
U02123,DE,Android,returning,2023-04-10,55+
U02124,PL,Android,returning,2023-11-08,25-34
U02125,DE,Android,new,2023-02-26,35-44
U02126,DE,Android,new,2023-05-03,55+
U02127,CZ,Android,new,2023-12-25,35-44
U02128,DE,iOS,new,2023-09-11,35-44
U02129,PL,iOS,new,2023-12-28,55+
U02130,PL,iOS,returning,2023-12-25,25-34
U02131,DE,Android,new,2023-03-29,45-54
U02132,RO,iOS,new,2023-03-14,18-24
U02133,RO,iOS,new,2023-04-01,18-24
U02134,DE,Android,new,2023-11-01,25-34
U02135,DE,iOS,returning,2023-08-30,35-44
U02136,PL,Android,new,2023-04-27,18-24
U02137,DE,iOS,returning,2023-02-21,35-44
U02138,DE,Android,new,2023-10-07,18-24
U02139,DE,Android,returning,2023-06-30,55+
U02140,DE,iOS,returning,2023-09-05,18-24
U02141,RO,iOS,returning,2023-03-17,25-34
U02142,PL,Android,returning,2023-07-02,45-54
U02143,DE,Android,returning,2023-07-04,45-54
U02144,DE,Android,returning,2023-11-24,55+
U02145,RO,iOS,new,2023-08-19,35-44
U02146,DE,Android,returning,2023-06-19,35-44
U02147,DE,Android,new,2023-04-08,55+
U02148,PL,Android,returning,2023-03-04,35-44
U02149,DE,Android,returning,2023-05-28,25-34
U02150,CZ,Android,new,2023-08-27,55+
U02151,DE,Android,new,2023-12-07,35-44
U02152,PL,Android,returning,2023-01-08,18-24
U02153,PL,Android,new,2023-01-28,18-24
U02154,DE,Android,new,2023-01-26,55+
U02155,RO,Android,returning,2023-12-07,35-44
U02156,RO,Android,returning,2023-03-15,18-24
U02157,DE,Android,new,2023-05-29,45-54
U02158,DE,iOS,returning,2023-08-05,35-44
U02159,DE,Android,returning,2023-11-02,35-44
U02160,DE,iOS,new,2023-10-24,45-54
U02161,DE,Android,new,2023-10-11,45-54
U02162,DE,iOS,returning,2023-10-07,18-24
U02163,PL,iOS,returning,2023-03-12,35-44
U02164,DE,Android,returning,2023-08-28,45-54
U02165,RO,Android,returning,2023-01-15,18-24
U02166,PL,Android,new,2023-03-13,55+
U02167,DE,Android,returning,2023-07-11,35-44
U02168,CZ,Android,new,2023-01-28,18-24
U02169,SK,iOS,returning,2023-08-25,18-24
U02170,DE,iOS,returning,2023-02-13,35-44
U02171,DE,Android,returning,2023-11-01,35-44
U02172,DE,Android,returning,2023-02-01,18-24
U02173,DE,Android,returning,2023-12-26,45-54
U02174,DE,iOS,returning,2023-03-11,35-44
U02175,DE,iOS,new,2023-11-18,45-54
U02176,CZ,Android,new,2023-11-16,55+
U02177,PL,Android,new,2023-03-03,18-24
U02178,PL,Android,new,2023-09-16,45-54
U02179,RO,iOS,returning,2023-09-05,55+
U02180,SK,iOS,returning,2023-05-14,55+
U02181,PL,iOS,new,2023-03-05,25-34
U02182,PL,iOS,new,2023-03-29,45-54
U02183,DE,Android,returning,2023-05-29,35-44
U02184,DE,Android,returning,2023-12-08,45-54
U02185,SK,Android,new,2023-08-02,18-24
U02186,DE,Android,new,2023-10-16,55+
U02187,DE,iOS,returning,2023-08-16,45-54
U02188,DE,iOS,new,2023-08-23,55+
U02189,DE,iOS,new,2023-04-18,18-24
U02190,CZ,Android,returning,2023-03-31,35-44
U02191,CZ,iOS,new,2023-08-24,35-44
U02192,DE,iOS,returning,2023-07-21,45-54
U02193,CZ,Android,returning,2023-11-07,55+
U02194,DE,Android,returning,2023-05-13,35-44
U02195,PL,Android,new,2023-10-27,25-34
U02196,DE,Android,returning,2023-04-29,45-54
U02197,CZ,iOS,returning,2023-06-15,25-34
U02198,SK,Android,returning,2023-02-23,45-54
U02199,DE,Android,new,2023-02-02,18-24
U02200,CZ,iOS,returning,2023-08-15,25-34
U02201,DE,Android,new,2023-06-14,55+
U02202,DE,Android,new,2023-10-12,35-44
U02203,DE,Android,returning,2023-04-26,25-34
U02204,PL,iOS,returning,2023-02-14,25-34
U02205,SK,iOS,new,2023-01-18,45-54
U02206,PL,Android,new,2023-10-18,55+
U02207,DE,Android,returning,2023-09-12,55+
U02208,DE,iOS,returning,2023-06-30,18-24
U02209,PL,Android,new,2023-08-13,18-24
U02210,CZ,Android,new,2023-03-07,25-34
U02211,PL,Android,new,2023-01-27,35-44
U02212,DE,Android,returning,2023-05-09,25-34
U02213,DE,Android,returning,2023-05-28,55+
U02214,DE,iOS,returning,2023-09-14,18-24
U02215,PL,iOS,new,2023-10-26,18-24
U02216,DE,Android,new,2023-01-17,18-24
U02217,DE,iOS,new,2023-03-13,18-24
U02218,PL,iOS,returning,2023-05-01,55+
U02219,SK,iOS,new,2023-12-26,18-24
U02220,PL,iOS,new,2023-08-02,55+
U02221,RO,Android,new,2023-09-03,18-24
U02222,PL,iOS,new,2023-09-12,35-44
U02223,DE,Android,returning,2023-04-27,25-34
U02224,PL,Android,returning,2023-10-01,18-24
U02225,PL,Android,new,2023-10-10,25-34
U02226,CZ,Android,new,2023-08-09,18-24
U02227,RO,Android,new,2023-11-12,45-54
U02228,DE,Android,new,2023-01-30,45-54
U02229,PL,iOS,new,2023-10-02,25-34
U02230,DE,Android,new,2023-01-30,18-24
U02231,DE,iOS,new,2023-06-10,35-44
U02232,PL,Android,new,2023-03-08,18-24
U02233,DE,Android,returning,2023-02-09,35-44
U02234,PL,Android,new,2023-04-23,55+
U02235,SK,Android,returning,2023-05-30,35-44
U02236,PL,Android,new,2023-12-24,45-54
U02237,RO,Android,new,2023-12-28,25-34
U02238,DE,iOS,new,2023-09-24,35-44
U02239,DE,Android,new,2023-03-14,45-54
U02240,DE,iOS,new,2023-02-28,55+
U02241,DE,iOS,new,2023-07-16,55+
U02242,PL,iOS,new,2023-07-16,18-24
U02243,DE,Android,new,2023-04-25,18-24
U02244,DE,Android,new,2023-12-05,18-24
U02245,CZ,Android,returning,2023-11-08,35-44
U02246,DE,Android,returning,2023-10-30,55+
U02247,SK,iOS,returning,2023-08-11,18-24
U02248,PL,iOS,returning,2023-02-25,35-44
U02249,PL,Android,returning,2023-10-01,55+
U02250,DE,Android,returning,2023-05-14,25-34
U02251,RO,Android,returning,2023-03-09,35-44
U02252,RO,iOS,new,2023-02-13,55+
U02253,DE,Android,new,2023-07-22,35-44
U02254,SK,iOS,new,2023-12-01,55+
U02255,DE,Android,new,2023-12-05,45-54
U02256,PL,Android,returning,2023-01-09,45-54
U02257,SK,Android,new,2023-11-23,18-24
U02258,SK,Android,returning,2023-05-22,45-54
U02259,DE,iOS,new,2023-04-03,45-54
U02260,DE,Android,returning,2023-03-07,18-24
U02261,DE,Android,returning,2023-04-30,45-54
U02262,DE,Android,new,2023-10-24,35-44
U02263,DE,iOS,returning,2023-05-12,55+
U02264,PL,Android,new,2023-01-23,45-54
U02265,PL,Android,new,2023-02-27,35-44
U02266,PL,iOS,returning,2023-12-15,25-34
U02267,DE,iOS,new,2023-01-13,45-54
U02268,DE,iOS,new,2023-11-30,18-24
U02269,DE,Android,new,2023-03-24,55+
U02270,DE,Android,new,2023-01-14,55+
U02271,CZ,iOS,new,2023-10-25,55+
U02272,CZ,Android,returning,2023-01-17,18-24
U02273,RO,iOS,returning,2023-02-09,55+
U02274,PL,Android,returning,2023-11-19,55+
U02275,PL,iOS,returning,2023-01-27,35-44
U02276,DE,Android,returning,2023-05-18,35-44
U02277,CZ,iOS,new,2023-05-05,35-44
U02278,CZ,Android,returning,2023-03-01,45-54
U02279,DE,Android,new,2023-07-05,35-44
U02280,PL,Android,returning,2023-12-01,25-34
U02281,SK,iOS,returning,2023-10-19,25-34
U02282,CZ,iOS,returning,2023-07-28,35-44
U02283,DE,Android,new,2023-06-24,25-34
U02284,PL,iOS,new,2023-10-22,25-34
U02285,DE,Android,new,2023-08-21,55+
U02286,RO,iOS,new,2023-12-31,18-24
U02287,DE,Android,new,2023-08-09,55+
U02288,RO,iOS,new,2023-09-29,45-54
U02289,PL,iOS,new,2023-12-23,35-44
U02290,PL,Android,returning,2023-10-30,18-24
U02291,RO,iOS,returning,2023-07-01,45-54
U02292,CZ,iOS,returning,2023-05-29,55+
U02293,DE,iOS,returning,2023-09-18,35-44
U02294,PL,Android,new,2023-12-12,55+
U02295,DE,iOS,new,2023-10-29,45-54
U02296,DE,Android,returning,2023-06-24,55+
U02297,DE,Android,returning,2023-08-07,25-34
U02298,SK,iOS,returning,2023-01-22,25-34
U02299,PL,Android,returning,2023-08-09,18-24
U02300,DE,Android,new,2023-06-27,45-54
U02301,SK,Android,returning,2023-04-25,55+
U02302,RO,iOS,new,2023-02-24,25-34
U02303,SK,iOS,new,2023-10-10,18-24
U02304,PL,Android,returning,2023-10-04,18-24
U02305,DE,iOS,returning,2023-07-09,45-54
U02306,DE,Android,returning,2023-09-24,18-24
U02307,SK,Android,new,2023-08-16,25-34
U02308,CZ,Android,new,2023-05-23,18-24
U02309,CZ,Android,returning,2023-04-24,35-44
U02310,PL,Android,returning,2023-08-21,35-44
U02311,PL,iOS,returning,2023-01-20,35-44
U02312,SK,iOS,returning,2023-04-08,18-24
U02313,PL,Android,returning,2023-11-21,25-34
U02314,DE,Android,returning,2023-12-11,25-34
U02315,DE,Android,returning,2023-09-12,55+
U02316,DE,Android,returning,2023-04-20,25-34
U02317,DE,Android,new,2023-12-30,45-54
U02318,PL,iOS,returning,2023-11-20,25-34
U02319,SK,iOS,returning,2023-06-03,45-54
U02320,DE,Android,returning,2023-11-19,18-24
U02321,DE,iOS,returning,2023-04-23,35-44
U02322,RO,Android,returning,2023-08-03,18-24
U02323,PL,Android,new,2023-04-01,45-54
U02324,DE,iOS,returning,2023-12-27,45-54
U02325,PL,Android,new,2023-11-04,55+
U02326,SK,iOS,new,2023-04-21,35-44
U02327,CZ,Android,returning,2023-05-14,45-54
U02328,DE,Android,returning,2023-07-24,25-34
U02329,PL,Android,new,2023-06-23,25-34
U02330,SK,Android,returning,2023-10-21,18-24
U02331,PL,Android,returning,2023-11-11,18-24
U02332,DE,iOS,returning,2023-07-14,55+
U02333,CZ,Android,new,2023-02-02,25-34
U02334,SK,Android,returning,2023-03-22,35-44
U02335,RO,Android,new,2023-03-24,25-34
U02336,DE,Android,returning,2023-01-07,18-24
U02337,DE,Android,new,2023-09-14,35-44
U02338,DE,iOS,new,2023-01-13,35-44
U02339,SK,Android,new,2023-03-05,35-44
U02340,DE,Android,returning,2023-02-13,45-54
U02341,DE,iOS,returning,2023-01-11,25-34
U02342,CZ,iOS,new,2023-02-18,55+
U02343,CZ,Android,returning,2023-06-09,35-44
U02344,PL,Android,returning,2023-05-21,55+
U02345,DE,Android,new,2023-08-30,45-54
U02346,DE,Android,returning,2023-10-15,55+
U02347,DE,iOS,returning,2023-05-06,35-44
U02348,CZ,Android,returning,2023-10-07,18-24
U02349,CZ,Android,returning,2023-07-23,18-24
U02350,DE,Android,returning,2023-11-26,18-24
U02351,PL,Android,returning,2023-02-18,55+
U02352,DE,Android,returning,2023-05-08,55+
U02353,CZ,Android,returning,2023-10-18,45-54
U02354,CZ,iOS,new,2023-06-09,55+
U02355,PL,Android,returning,2023-11-03,55+
U02356,PL,Android,returning,2023-09-08,35-44
U02357,CZ,Android,returning,2023-08-25,18-24
U02358,PL,Android,new,2023-02-23,18-24
U02359,PL,Android,new,2023-03-24,18-24
U02360,SK,Android,returning,2023-01-20,55+
U02361,DE,iOS,new,2023-09-07,18-24
U02362,DE,iOS,returning,2023-06-01,35-44
U02363,DE,iOS,returning,2023-09-25,25-34
U02364,DE,iOS,returning,2023-03-14,35-44
U02365,PL,Android,new,2023-09-23,35-44
U02366,DE,iOS,returning,2023-03-11,35-44
U02367,DE,Android,returning,2023-08-02,18-24
U02368,CZ,Android,new,2023-06-09,45-54
U02369,DE,iOS,returning,2023-06-19,18-24
U02370,PL,iOS,new,2023-06-29,18-24
U02371,DE,iOS,returning,2023-04-09,55+
U02372,DE,iOS,returning,2023-06-06,55+
U02373,PL,Android,returning,2023-10-05,18-24
U02374,DE,Android,new,2023-04-21,55+
U02375,PL,Android,returning,2023-10-28,55+
U02376,DE,iOS,returning,2023-11-06,45-54
U02377,DE,iOS,returning,2023-04-18,18-24
U02378,DE,Android,returning,2023-11-11,35-44
U02379,SK,Android,returning,2023-02-09,45-54
U02380,CZ,Android,returning,2023-08-06,18-24
U02381,PL,Android,new,2023-05-04,45-54
U02382,DE,Android,returning,2023-07-01,55+
U02383,RO,iOS,returning,2023-04-20,25-34
U02384,PL,Android,returning,2023-08-12,18-24
U02385,SK,iOS,new,2023-10-13,35-44
U02386,CZ,Android,new,2023-08-27,55+
U02387,SK,iOS,new,2023-10-14,35-44
U02388,RO,iOS,new,2023-04-02,35-44
U02389,DE,Android,new,2023-09-27,35-44
U02390,PL,Android,new,2023-05-10,35-44
U02391,PL,Android,returning,2023-11-25,35-44
U02392,PL,iOS,returning,2023-05-21,45-54
U02393,PL,Android,returning,2023-11-08,55+
U02394,DE,Android,returning,2023-02-23,25-34
U02395,CZ,iOS,new,2023-12-28,45-54
U02396,DE,iOS,new,2023-03-03,18-24
U02397,DE,iOS,returning,2023-10-06,18-24
U02398,SK,iOS,new,2023-06-20,25-34
U02399,CZ,Android,new,2023-10-28,45-54
U02400,SK,iOS,new,2023-08-02,55+
U02401,CZ,Android,new,2023-03-17,35-44
U02402,DE,Android,new,2023-11-08,18-24
U02403,DE,Android,new,2023-06-09,55+
U02404,DE,iOS,new,2023-12-23,18-24
U02405,CZ,Android,returning,2023-04-04,18-24
U02406,CZ,Android,new,2023-03-28,18-24
U02407,DE,iOS,returning,2023-05-07,25-34
U02408,DE,Android,new,2023-03-09,35-44
U02409,PL,Android,returning,2023-03-13,35-44
U02410,DE,Android,returning,2023-04-13,35-44
U02411,PL,Android,new,2023-02-17,55+
U02412,SK,iOS,new,2023-08-19,55+
U02413,DE,Android,returning,2023-07-17,45-54
U02414,PL,iOS,new,2023-06-27,35-44
U02415,RO,Android,returning,2023-12-25,35-44
U02416,PL,Android,new,2023-02-16,35-44
U02417,RO,Android,returning,2023-01-17,45-54
U02418,PL,Android,returning,2023-03-13,55+
U02419,DE,Android,new,2023-01-18,18-24
U02420,PL,Android,returning,2023-03-23,18-24
U02421,RO,Android,returning,2023-04-06,25-34
U02422,PL,iOS,returning,2023-01-12,45-54
U02423,PL,Android,returning,2023-07-24,55+
U02424,PL,Android,new,2023-06-22,25-34
U02425,DE,Android,new,2023-09-17,55+
U02426,PL,Android,new,2023-07-25,35-44
U02427,RO,iOS,new,2023-11-02,55+
U02428,DE,Android,returning,2023-03-13,18-24
U02429,CZ,Android,new,2023-06-08,45-54
U02430,PL,iOS,new,2023-03-26,25-34
U02431,DE,Android,returning,2023-06-04,45-54
U02432,CZ,Android,returning,2023-02-16,35-44
U02433,PL,Android,returning,2023-01-03,45-54
U02434,DE,Android,new,2023-12-24,45-54
U02435,DE,iOS,new,2023-12-28,35-44
U02436,DE,Android,new,2023-03-10,45-54
U02437,DE,Android,returning,2023-11-02,55+
U02438,DE,iOS,returning,2023-01-14,35-44
U02439,DE,iOS,returning,2023-07-05,45-54
U02440,PL,Android,new,2023-02-09,25-34
U02441,PL,Android,returning,2023-06-04,45-54
U02442,DE,Android,returning,2023-03-19,18-24
U02443,RO,Android,new,2023-05-14,55+
U02444,PL,Android,returning,2023-02-24,18-24
U02445,SK,iOS,new,2023-12-02,35-44
U02446,PL,Android,returning,2023-03-07,45-54
U02447,RO,Android,returning,2023-12-01,35-44
U02448,DE,iOS,returning,2023-08-06,45-54
U02449,DE,Android,new,2023-09-15,55+
U02450,DE,Android,new,2023-07-06,45-54
U02451,DE,Android,returning,2023-12-12,55+
U02452,DE,iOS,returning,2023-05-13,45-54
U02453,DE,Android,new,2023-08-11,45-54
U02454,DE,iOS,returning,2023-08-24,35-44
U02455,DE,Android,returning,2023-08-06,55+
U02456,DE,Android,new,2023-05-17,35-44
U02457,PL,Android,new,2023-06-02,18-24
U02458,CZ,Android,new,2023-09-30,18-24
U02459,CZ,iOS,new,2023-03-06,35-44
U02460,RO,iOS,new,2023-06-26,55+
U02461,PL,Android,new,2023-10-19,25-34
U02462,RO,iOS,returning,2023-11-08,45-54
U02463,RO,Android,returning,2023-09-20,35-44
U02464,PL,Android,returning,2023-08-05,18-24
U02465,RO,iOS,returning,2023-08-10,35-44
U02466,PL,iOS,new,2023-11-12,18-24
U02467,PL,Android,returning,2023-07-11,35-44
U02468,CZ,Android,returning,2023-12-19,55+
U02469,RO,iOS,new,2023-07-24,45-54
U02470,DE,Android,new,2023-04-17,35-44
U02471,PL,iOS,new,2023-08-25,25-34
U02472,DE,Android,new,2023-04-26,35-44
U02473,PL,Android,new,2023-12-31,55+
U02474,PL,Android,returning,2023-06-18,35-44
U02475,DE,iOS,new,2023-06-24,45-54
U02476,PL,Android,new,2023-04-18,45-54
U02477,CZ,Android,new,2023-01-17,45-54
U02478,RO,Android,returning,2023-10-15,55+
U02479,DE,iOS,returning,2023-07-09,45-54
U02480,DE,Android,returning,2023-01-16,55+
U02481,PL,iOS,returning,2023-08-09,35-44
U02482,CZ,iOS,new,2023-10-12,55+
U02483,DE,iOS,new,2023-03-09,45-54
U02484,DE,Android,new,2023-04-22,25-34
U02485,PL,Android,new,2023-07-25,55+
U02486,DE,Android,new,2023-05-23,35-44
U02487,PL,Android,returning,2023-09-15,45-54
U02488,DE,iOS,new,2023-08-26,25-34
U02489,DE,Android,new,2023-07-24,45-54
U02490,DE,iOS,new,2023-12-02,45-54
U02491,PL,iOS,returning,2023-08-03,25-34
U02492,PL,iOS,returning,2023-11-09,45-54
U02493,DE,Android,returning,2023-01-12,45-54
U02494,DE,Android,returning,2023-12-17,45-54
U02495,PL,Android,returning,2023-10-10,45-54
U02496,CZ,Android,returning,2023-07-08,25-34
U02497,DE,Android,new,2023-06-15,55+
U02498,PL,iOS,new,2023-08-25,25-34
U02499,RO,Android,new,2023-04-01,55+
U02500,SK,iOS,new,2023-06-19,18-24
U02501,CZ,iOS,new,2023-01-04,55+
U02502,SK,Android,new,2023-08-29,35-44
U02503,DE,iOS,returning,2023-10-03,55+
U02504,PL,iOS,new,2023-01-13,45-54
U02505,DE,iOS,returning,2023-01-21,45-54
U02506,CZ,Android,returning,2023-08-08,55+
U02507,CZ,Android,returning,2023-02-27,25-34
U02508,CZ,Android,new,2023-05-05,18-24
U02509,SK,Android,new,2023-08-23,35-44
U02510,DE,Android,returning,2023-06-25,35-44
U02511,DE,Android,new,2023-10-18,55+
U02512,DE,iOS,returning,2023-05-28,35-44
U02513,RO,Android,returning,2023-06-07,45-54
U02514,CZ,Android,returning,2023-08-14,25-34
U02515,PL,iOS,new,2023-03-17,25-34
U02516,SK,Android,new,2023-01-15,18-24
U02517,DE,Android,returning,2023-05-13,55+
U02518,PL,iOS,returning,2023-07-27,25-34
U02519,SK,Android,new,2023-10-28,45-54
U02520,DE,Android,new,2023-11-28,45-54
U02521,CZ,Android,new,2023-01-08,25-34
U02522,DE,iOS,returning,2023-04-25,18-24
U02523,DE,Android,returning,2023-11-29,18-24
U02524,SK,iOS,new,2023-09-26,18-24
U02525,PL,iOS,returning,2023-07-24,35-44
U02526,RO,iOS,returning,2023-10-11,18-24
U02527,PL,Android,new,2023-01-29,25-34
U02528,RO,iOS,new,2023-12-20,45-54
U02529,DE,iOS,returning,2023-04-01,18-24
U02530,CZ,iOS,returning,2023-04-08,25-34
U02531,DE,Android,new,2023-09-25,55+
U02532,PL,Android,returning,2023-09-02,35-44
U02533,DE,Android,new,2023-11-21,45-54
U02534,DE,Android,returning,2023-04-12,35-44
U02535,DE,Android,returning,2023-10-19,45-54
U02536,DE,iOS,returning,2023-11-26,45-54
U02537,DE,Android,new,2023-01-01,25-34
U02538,PL,Android,returning,2023-06-18,35-44
U02539,SK,Android,new,2023-05-16,55+
U02540,DE,Android,returning,2023-09-15,25-34
U02541,DE,iOS,returning,2023-09-07,45-54
U02542,DE,iOS,returning,2023-03-25,18-24
U02543,DE,iOS,returning,2023-08-15,25-34
U02544,CZ,Android,returning,2023-02-25,35-44
U02545,PL,iOS,returning,2023-09-29,25-34
U02546,CZ,Android,new,2023-10-20,45-54
U02547,SK,iOS,new,2023-03-29,55+
U02548,CZ,iOS,returning,2023-08-31,35-44
U02549,RO,Android,returning,2023-04-28,35-44
U02550,DE,Android,new,2023-07-09,35-44
U02551,DE,Android,returning,2023-08-19,18-24
U02552,DE,Android,returning,2023-07-26,25-34
U02553,CZ,Android,returning,2023-08-22,25-34
U02554,CZ,Android,new,2023-12-05,35-44
U02555,CZ,Android,returning,2023-08-07,25-34
U02556,PL,Android,new,2023-04-21,18-24
U02557,DE,iOS,returning,2023-05-05,55+
U02558,RO,iOS,returning,2023-08-29,45-54
U02559,RO,iOS,new,2023-12-19,55+
U02560,DE,Android,returning,2023-10-28,35-44
U02561,DE,iOS,new,2023-10-03,25-34
U02562,DE,iOS,new,2023-02-07,25-34
U02563,PL,Android,returning,2023-03-19,45-54
U02564,DE,Android,returning,2023-05-06,55+
U02565,SK,iOS,new,2023-09-29,18-24
U02566,CZ,Android,returning,2023-12-25,45-54
U02567,DE,Android,returning,2023-04-20,35-44
U02568,CZ,iOS,new,2023-04-12,18-24
U02569,DE,Android,new,2023-03-13,45-54
U02570,SK,Android,returning,2023-01-25,35-44
U02571,PL,iOS,returning,2023-01-09,35-44
U02572,PL,Android,returning,2023-10-03,18-24
U02573,DE,Android,new,2023-10-17,25-34
U02574,SK,Android,returning,2023-09-20,55+
U02575,RO,iOS,returning,2023-11-29,45-54
U02576,PL,iOS,returning,2023-05-22,25-34
U02577,DE,Android,returning,2023-11-30,45-54
U02578,CZ,iOS,returning,2023-09-28,18-24
U02579,PL,Android,returning,2023-07-25,18-24
U02580,DE,Android,new,2023-01-05,25-34
U02581,CZ,Android,returning,2023-10-27,25-34
U02582,RO,iOS,returning,2023-10-22,55+
U02583,DE,Android,new,2023-03-20,18-24
U02584,PL,iOS,new,2023-01-14,25-34
U02585,DE,Android,returning,2023-10-04,25-34
U02586,DE,Android,new,2023-12-03,35-44
U02587,RO,Android,new,2023-04-30,25-34
U02588,DE,iOS,new,2023-08-14,25-34
U02589,DE,Android,new,2023-07-14,45-54
U02590,SK,Android,new,2023-10-30,55+
U02591,DE,iOS,new,2023-09-22,45-54
U02592,DE,iOS,new,2023-11-06,25-34
U02593,CZ,Android,new,2023-02-16,18-24
U02594,DE,Android,new,2023-08-22,18-24
U02595,DE,Android,new,2023-07-01,35-44
U02596,RO,Android,returning,2023-04-28,45-54
U02597,DE,iOS,returning,2023-08-30,35-44
U02598,DE,Android,returning,2023-01-24,25-34
U02599,DE,iOS,returning,2023-09-23,18-24
U02600,SK,iOS,returning,2023-11-02,35-44
U02601,PL,Android,new,2023-11-13,55+
U02602,CZ,iOS,new,2023-03-19,18-24
U02603,DE,Android,new,2023-03-25,35-44
U02604,PL,Android,new,2023-05-16,18-24
U02605,DE,iOS,returning,2023-08-29,18-24
U02606,DE,Android,returning,2023-10-04,25-34
U02607,DE,iOS,new,2023-02-21,18-24
U02608,RO,Android,new,2023-02-27,55+
U02609,DE,iOS,returning,2023-08-14,35-44
U02610,PL,iOS,new,2023-09-01,55+
U02611,RO,iOS,new,2023-07-07,45-54
U02612,DE,Android,new,2023-10-20,25-34
U02613,CZ,iOS,returning,2023-04-26,35-44
U02614,DE,Android,new,2023-11-11,35-44
U02615,CZ,Android,returning,2023-06-18,55+
U02616,RO,Android,returning,2023-10-23,35-44
U02617,DE,Android,returning,2023-08-05,18-24
U02618,PL,iOS,returning,2023-07-17,18-24
U02619,PL,iOS,new,2023-03-15,45-54
U02620,DE,Android,returning,2023-06-15,25-34
U02621,SK,iOS,new,2023-11-18,25-34
U02622,PL,Android,new,2023-08-21,35-44
U02623,CZ,iOS,new,2023-12-02,25-34
U02624,DE,iOS,returning,2023-05-11,45-54
U02625,DE,iOS,returning,2023-12-06,35-44
U02626,CZ,Android,new,2023-02-02,55+
U02627,DE,iOS,returning,2023-03-06,18-24
U02628,CZ,Android,new,2023-10-09,45-54
U02629,PL,iOS,returning,2023-08-12,55+
U02630,DE,iOS,returning,2023-04-04,25-34
U02631,SK,Android,new,2023-03-14,35-44
U02632,PL,Android,returning,2023-09-27,55+
U02633,SK,Android,new,2023-01-25,55+
U02634,DE,Android,new,2023-03-27,55+
U02635,SK,iOS,new,2023-04-26,55+
U02636,SK,Android,returning,2023-08-06,45-54
U02637,DE,Android,new,2023-06-01,45-54
U02638,DE,iOS,new,2023-08-28,18-24
U02639,CZ,iOS,new,2023-05-09,55+
U02640,RO,Android,new,2023-11-01,25-34
U02641,SK,iOS,returning,2023-09-04,25-34
U02642,CZ,iOS,new,2023-07-20,25-34
U02643,SK,Android,returning,2023-05-08,35-44
U02644,SK,Android,returning,2023-03-13,25-34
U02645,PL,iOS,returning,2023-04-16,18-24
U02646,DE,Android,new,2023-11-23,55+
U02647,DE,Android,returning,2023-08-30,55+
U02648,PL,Android,returning,2023-11-09,35-44
U02649,RO,Android,returning,2023-05-20,35-44
U02650,PL,Android,new,2023-02-27,45-54
U02651,DE,Android,returning,2023-05-30,55+
U02652,SK,Android,returning,2023-11-03,45-54
U02653,RO,Android,returning,2023-12-26,35-44
U02654,RO,iOS,new,2023-05-22,35-44
U02655,DE,Android,returning,2023-07-02,25-34
U02656,PL,Android,returning,2023-10-27,18-24
U02657,PL,iOS,returning,2023-12-29,55+
U02658,SK,iOS,new,2023-09-23,18-24
U02659,SK,iOS,new,2023-10-30,18-24
U02660,RO,Android,returning,2023-03-02,55+
U02661,SK,iOS,new,2023-08-04,45-54
U02662,PL,Android,returning,2023-08-24,45-54
U02663,RO,Android,new,2023-12-09,35-44
U02664,DE,Android,new,2023-02-20,45-54
U02665,DE,iOS,new,2023-05-10,25-34
U02666,PL,Android,returning,2023-05-22,35-44
U02667,DE,iOS,returning,2023-03-24,35-44
U02668,CZ,iOS,new,2023-07-25,45-54
U02669,DE,iOS,returning,2023-02-15,25-34
U02670,SK,Android,returning,2023-06-12,45-54
U02671,PL,iOS,returning,2023-06-10,25-34
U02672,SK,Android,new,2023-05-16,45-54
U02673,CZ,iOS,new,2023-07-05,18-24
U02674,PL,iOS,returning,2023-04-08,55+
U02675,CZ,Android,new,2023-06-01,18-24
U02676,DE,iOS,returning,2023-04-12,45-54
U02677,DE,Android,new,2023-05-15,25-34
U02678,DE,iOS,returning,2023-07-17,35-44
U02679,PL,Android,returning,2023-11-11,45-54
U02680,DE,Android,returning,2023-01-21,18-24
U02681,DE,iOS,new,2023-09-11,25-34
U02682,PL,Android,new,2023-08-14,25-34
U02683,SK,Android,new,2023-01-11,55+
U02684,RO,Android,new,2023-10-10,55+
U02685,DE,Android,returning,2023-10-25,45-54
U02686,CZ,iOS,returning,2023-05-14,35-44
U02687,DE,iOS,returning,2023-08-09,35-44
U02688,DE,iOS,new,2023-10-04,25-34
U02689,PL,Android,returning,2023-10-03,55+
U02690,PL,Android,returning,2023-12-29,55+
U02691,CZ,iOS,returning,2023-04-27,55+
U02692,PL,Android,new,2023-04-25,55+
U02693,PL,Android,returning,2023-08-13,25-34
U02694,PL,Android,new,2023-01-12,35-44
U02695,SK,Android,returning,2023-09-02,18-24
U02696,PL,iOS,returning,2023-05-22,55+
U02697,PL,iOS,new,2023-09-09,45-54
U02698,CZ,Android,returning,2023-04-21,35-44
U02699,DE,iOS,returning,2023-06-19,45-54
U02700,CZ,iOS,returning,2023-03-15,18-24
U02701,DE,iOS,returning,2023-11-09,18-24
U02702,DE,Android,new,2023-11-11,25-34
U02703,RO,iOS,returning,2023-05-08,25-34
U02704,PL,Android,new,2023-01-16,18-24
U02705,RO,Android,returning,2023-02-18,45-54
U02706,DE,Android,returning,2023-07-28,25-34
U02707,DE,Android,new,2023-02-19,35-44
U02708,DE,Android,new,2023-09-13,35-44
U02709,PL,Android,returning,2023-11-28,55+
U02710,DE,iOS,returning,2023-05-12,18-24
U02711,DE,Android,returning,2023-12-16,55+
U02712,DE,Android,new,2023-01-07,55+
U02713,DE,Android,new,2023-10-16,55+
U02714,DE,Android,new,2023-09-13,25-34
U02715,DE,Android,new,2023-11-04,25-34
U02716,DE,iOS,new,2023-09-17,18-24
U02717,SK,iOS,new,2023-10-03,35-44
U02718,DE,iOS,returning,2023-05-30,25-34
U02719,PL,iOS,returning,2023-02-21,35-44
U02720,RO,Android,new,2023-08-21,45-54
U02721,CZ,Android,new,2023-03-01,25-34
U02722,RO,Android,returning,2023-05-03,18-24
U02723,DE,iOS,returning,2023-07-03,55+
U02724,SK,Android,returning,2023-02-20,55+
U02725,PL,Android,new,2023-10-16,55+
U02726,DE,Android,new,2023-11-26,25-34
U02727,RO,Android,new,2023-05-30,18-24
U02728,DE,Android,returning,2023-09-09,55+
U02729,DE,iOS,returning,2023-07-19,18-24
U02730,SK,Android,new,2023-09-28,55+
U02731,PL,iOS,returning,2023-10-20,55+
U02732,DE,Android,new,2023-01-15,55+
U02733,SK,iOS,new,2023-01-27,55+
U02734,SK,Android,returning,2023-09-26,18-24
U02735,DE,iOS,returning,2023-04-20,35-44
U02736,CZ,Android,returning,2023-02-07,55+
U02737,DE,Android,returning,2023-01-08,18-24
U02738,DE,Android,returning,2023-05-29,35-44
U02739,RO,iOS,new,2023-04-01,45-54
U02740,DE,Android,returning,2023-01-23,35-44
U02741,CZ,iOS,returning,2023-08-05,35-44
U02742,RO,iOS,returning,2023-04-15,45-54
U02743,DE,iOS,new,2023-12-20,25-34
U02744,DE,Android,returning,2023-09-07,18-24
U02745,CZ,Android,returning,2023-12-23,18-24
U02746,DE,Android,returning,2023-11-23,18-24
U02747,PL,Android,returning,2023-04-04,45-54
U02748,PL,Android,returning,2023-05-26,18-24
U02749,DE,iOS,new,2023-03-03,18-24
U02750,SK,Android,returning,2023-10-12,18-24
U02751,PL,Android,new,2023-08-29,45-54
U02752,DE,iOS,new,2023-04-05,45-54
U02753,DE,iOS,new,2023-11-12,18-24
U02754,RO,iOS,new,2023-12-06,25-34
U02755,DE,Android,new,2023-06-12,35-44
U02756,DE,Android,returning,2023-03-31,45-54
U02757,DE,Android,new,2023-07-14,25-34
U02758,DE,iOS,new,2023-11-18,45-54
U02759,SK,iOS,new,2023-02-05,25-34
U02760,PL,Android,new,2023-03-15,18-24
U02761,PL,Android,returning,2023-07-29,35-44
U02762,DE,iOS,returning,2023-07-09,18-24
U02763,DE,Android,new,2023-07-15,55+
U02764,SK,iOS,new,2023-03-03,55+
U02765,DE,iOS,returning,2023-02-07,55+
U02766,DE,iOS,new,2023-11-27,25-34
U02767,PL,Android,returning,2023-12-16,45-54
U02768,RO,Android,returning,2023-09-03,35-44
U02769,DE,iOS,new,2023-04-25,45-54
U02770,SK,Android,new,2023-05-12,35-44
U02771,DE,Android,returning,2023-03-15,25-34
U02772,DE,iOS,new,2023-07-25,45-54
U02773,SK,Android,returning,2023-08-04,45-54
U02774,DE,Android,new,2023-08-26,55+
U02775,DE,iOS,returning,2023-04-16,55+
U02776,RO,Android,returning,2023-07-06,45-54
U02777,PL,Android,new,2023-07-11,18-24
U02778,CZ,Android,returning,2023-10-05,55+
U02779,DE,Android,returning,2023-07-31,25-34
U02780,DE,Android,new,2023-12-04,45-54
U02781,CZ,Android,returning,2023-01-13,35-44
U02782,PL,Android,new,2023-12-15,25-34
U02783,PL,Android,returning,2023-03-19,25-34
U02784,DE,iOS,returning,2023-09-07,18-24
U02785,DE,Android,new,2023-12-13,18-24
U02786,SK,Android,returning,2023-06-19,25-34
U02787,RO,Android,new,2023-03-19,55+
U02788,PL,iOS,returning,2023-06-11,25-34
U02789,DE,iOS,new,2023-05-29,25-34
U02790,PL,Android,returning,2023-03-25,25-34
U02791,PL,Android,returning,2023-10-15,25-34
U02792,CZ,Android,new,2023-02-28,18-24
U02793,SK,Android,returning,2023-03-11,18-24
U02794,CZ,iOS,returning,2023-10-28,55+
U02795,DE,iOS,returning,2023-10-20,55+
U02796,SK,iOS,returning,2023-06-26,18-24
U02797,DE,Android,new,2023-04-01,25-34
U02798,RO,iOS,returning,2023-02-26,35-44
U02799,CZ,iOS,new,2023-05-30,55+
U02800,DE,iOS,new,2023-09-11,25-34
U02801,SK,Android,new,2023-07-06,55+
U02802,PL,iOS,new,2023-01-13,25-34
U02803,DE,Android,new,2023-12-25,18-24
U02804,CZ,iOS,returning,2023-05-20,18-24
U02805,PL,Android,returning,2023-06-20,55+
U02806,CZ,Android,new,2023-01-06,45-54
U02807,DE,iOS,new,2023-07-14,45-54
U02808,DE,Android,returning,2023-06-21,45-54
U02809,CZ,Android,new,2023-07-28,35-44
U02810,DE,Android,new,2023-10-10,45-54
U02811,DE,iOS,new,2023-12-10,55+
U02812,DE,Android,returning,2023-02-28,25-34
U02813,DE,Android,returning,2023-02-08,25-34
U02814,SK,Android,new,2023-02-14,35-44
U02815,DE,Android,returning,2023-11-13,45-54
U02816,SK,iOS,new,2023-11-20,18-24
U02817,CZ,Android,returning,2023-01-29,18-24
U02818,DE,iOS,new,2023-04-06,25-34
U02819,DE,Android,new,2023-04-18,55+
U02820,PL,Android,returning,2023-04-09,55+
U02821,DE,Android,returning,2023-12-28,18-24
U02822,DE,Android,new,2023-08-15,25-34
U02823,DE,Android,returning,2023-05-15,18-24
U02824,CZ,Android,returning,2023-12-26,25-34
U02825,DE,iOS,new,2023-03-25,45-54
U02826,PL,Android,new,2023-09-17,35-44
U02827,PL,iOS,returning,2023-05-04,35-44
U02828,CZ,Android,new,2023-05-25,35-44
U02829,PL,iOS,new,2023-01-31,45-54
U02830,RO,iOS,new,2023-01-07,35-44
U02831,CZ,iOS,new,2023-12-24,35-44
U02832,PL,iOS,returning,2023-06-13,45-54
U02833,CZ,Android,returning,2023-06-03,25-34
U02834,PL,Android,new,2023-04-27,45-54
U02835,DE,iOS,returning,2023-08-25,45-54
U02836,SK,Android,new,2023-08-26,45-54
U02837,RO,iOS,returning,2023-08-03,45-54
U02838,DE,Android,new,2023-11-20,25-34
U02839,PL,Android,new,2023-03-19,45-54
U02840,DE,Android,new,2023-08-30,45-54
U02841,DE,iOS,returning,2023-03-23,25-34
U02842,PL,iOS,new,2023-04-08,25-34
U02843,RO,Android,returning,2023-09-07,18-24
U02844,CZ,iOS,new,2023-06-15,55+
U02845,SK,Android,new,2023-09-11,35-44
U02846,DE,iOS,returning,2023-11-20,45-54
U02847,DE,Android,new,2023-11-10,35-44
U02848,SK,Android,returning,2023-12-19,18-24
U02849,PL,Android,new,2023-01-10,35-44
U02850,DE,iOS,new,2023-12-19,45-54
U02851,PL,Android,new,2023-05-24,25-34
U02852,RO,iOS,returning,2023-03-07,25-34
U02853,PL,Android,returning,2023-12-29,45-54
U02854,PL,Android,returning,2023-10-16,18-24
U02855,CZ,iOS,new,2023-07-16,45-54
U02856,PL,iOS,returning,2023-08-25,35-44
U02857,PL,iOS,returning,2023-02-04,35-44
U02858,DE,iOS,new,2023-12-31,25-34
U02859,PL,Android,returning,2023-04-25,45-54
U02860,DE,Android,new,2023-10-15,35-44
U02861,SK,Android,returning,2023-11-06,25-34
U02862,PL,Android,new,2023-11-02,25-34
U02863,CZ,Android,returning,2023-09-26,45-54
U02864,SK,Android,new,2023-12-25,25-34
U02865,DE,iOS,returning,2023-06-01,18-24
U02866,PL,iOS,new,2023-07-08,45-54
U02867,DE,Android,new,2023-10-12,35-44
U02868,DE,iOS,returning,2023-08-22,25-34
U02869,DE,iOS,new,2023-10-28,35-44
U02870,PL,Android,returning,2023-10-10,45-54
U02871,DE,Android,new,2023-10-09,25-34
U02872,PL,iOS,returning,2023-06-17,35-44
U02873,CZ,Android,returning,2023-10-17,25-34
U02874,DE,Android,new,2023-09-12,55+
U02875,RO,Android,returning,2023-03-25,35-44
U02876,DE,Android,new,2023-06-23,45-54
U02877,DE,Android,returning,2023-10-07,25-34
U02878,SK,iOS,new,2023-10-08,18-24
U02879,DE,Android,returning,2023-05-14,18-24
U02880,PL,iOS,returning,2023-01-27,18-24
U02881,CZ,iOS,returning,2023-04-23,25-34
U02882,DE,Android,returning,2023-09-14,45-54
U02883,PL,Android,new,2023-01-10,45-54
U02884,DE,Android,new,2023-10-09,25-34
U02885,PL,Android,new,2023-10-26,35-44
U02886,SK,Android,new,2023-09-18,55+
U02887,RO,iOS,new,2023-01-04,55+
U02888,PL,Android,new,2023-07-11,55+
U02889,DE,Android,new,2023-05-12,18-24
U02890,DE,Android,returning,2023-11-30,55+
U02891,DE,Android,new,2023-07-27,18-24
U02892,DE,Android,returning,2023-04-16,25-34
U02893,SK,Android,new,2023-10-31,25-34
U02894,SK,iOS,new,2023-10-18,18-24
U02895,DE,iOS,returning,2023-06-08,25-34
U02896,RO,Android,new,2023-09-13,45-54
U02897,CZ,iOS,returning,2023-11-05,55+
U02898,CZ,iOS,returning,2023-05-27,18-24
U02899,DE,Android,new,2023-11-12,18-24
U02900,RO,iOS,new,2023-01-06,45-54
U02901,RO,Android,new,2023-10-18,25-34
U02902,CZ,Android,new,2023-08-05,18-24
U02903,CZ,iOS,new,2023-06-02,35-44
U02904,RO,iOS,returning,2023-08-22,25-34
U02905,RO,iOS,returning,2023-03-03,18-24
U02906,DE,Android,returning,2023-09-01,45-54
U02907,CZ,Android,new,2023-10-24,55+
U02908,DE,iOS,new,2023-09-03,45-54
U02909,DE,Android,new,2023-12-14,45-54
U02910,DE,Android,returning,2023-07-31,18-24
U02911,CZ,iOS,new,2023-05-24,35-44
U02912,CZ,iOS,new,2023-01-13,45-54
U02913,RO,Android,returning,2023-01-01,45-54
U02914,RO,Android,new,2023-10-14,18-24
U02915,DE,Android,returning,2023-05-27,45-54
U02916,DE,iOS,new,2023-10-06,55+
U02917,DE,iOS,new,2023-10-04,25-34
U02918,PL,Android,new,2023-10-25,35-44
U02919,SK,iOS,returning,2023-03-17,55+
U02920,DE,Android,returning,2023-07-28,25-34
U02921,RO,iOS,returning,2023-06-20,55+
U02922,DE,Android,returning,2023-12-15,25-34
U02923,DE,iOS,returning,2023-11-03,55+
U02924,RO,iOS,returning,2023-03-13,45-54
U02925,SK,iOS,returning,2023-02-11,55+
U02926,PL,Android,new,2023-01-22,55+
U02927,RO,iOS,returning,2023-12-07,35-44
U02928,DE,iOS,returning,2023-09-08,55+
U02929,PL,iOS,new,2023-07-22,35-44
U02930,CZ,iOS,new,2023-07-28,45-54
U02931,SK,iOS,new,2023-03-21,18-24
U02932,CZ,Android,returning,2023-09-16,35-44
U02933,CZ,Android,new,2023-05-04,18-24
U02934,DE,Android,new,2023-04-08,25-34
U02935,DE,Android,returning,2023-12-15,45-54
U02936,CZ,Android,returning,2023-07-03,35-44
U02937,DE,Android,returning,2023-07-18,45-54
U02938,PL,Android,returning,2023-11-22,18-24
U02939,DE,Android,returning,2023-09-13,45-54
U02940,CZ,Android,returning,2023-10-03,35-44
U02941,PL,Android,new,2023-12-17,45-54
U02942,PL,Android,new,2023-02-14,18-24
U02943,DE,Android,returning,2023-08-21,45-54
U02944,DE,Android,returning,2023-01-18,45-54
U02945,PL,Android,returning,2023-04-21,55+
U02946,CZ,iOS,new,2023-12-12,55+
U02947,PL,iOS,new,2023-04-03,55+
U02948,CZ,Android,new,2023-12-01,55+
U02949,DE,Android,returning,2023-09-09,18-24
U02950,PL,Android,returning,2023-05-29,18-24
U02951,PL,Android,new,2023-04-12,25-34
U02952,DE,Android,new,2023-07-12,55+
U02953,DE,Android,returning,2023-09-10,18-24
U02954,DE,Android,returning,2023-02-21,55+
U02955,DE,Android,returning,2023-10-16,45-54
U02956,CZ,iOS,new,2023-01-11,55+
U02957,PL,Android,new,2023-02-24,45-54
U02958,DE,Android,returning,2023-02-04,35-44
U02959,PL,iOS,returning,2023-09-01,25-34
U02960,DE,Android,new,2023-03-03,25-34
U02961,CZ,Android,returning,2023-08-17,45-54
U02962,RO,iOS,returning,2023-02-04,18-24
U02963,DE,Android,new,2023-10-14,45-54
U02964,DE,Android,new,2023-01-06,55+
U02965,DE,Android,new,2023-12-07,25-34
U02966,RO,iOS,returning,2023-06-13,25-34
U02967,PL,Android,new,2023-12-06,45-54
U02968,PL,Android,returning,2023-10-11,25-34
U02969,DE,Android,returning,2023-12-08,18-24
U02970,PL,iOS,returning,2023-09-02,25-34
U02971,CZ,iOS,new,2023-11-17,25-34
U02972,PL,iOS,new,2023-05-15,35-44
U02973,DE,iOS,returning,2023-07-22,45-54
U02974,PL,iOS,returning,2023-08-19,25-34
U02975,PL,iOS,returning,2023-09-03,25-34
U02976,PL,Android,returning,2023-05-04,45-54
U02977,DE,Android,new,2023-11-04,25-34
U02978,DE,Android,new,2023-11-25,35-44
U02979,SK,iOS,returning,2023-06-05,45-54
U02980,PL,iOS,returning,2023-09-19,55+
U02981,PL,iOS,returning,2023-12-22,55+
U02982,PL,Android,returning,2023-03-12,35-44
U02983,PL,iOS,new,2023-09-30,35-44
U02984,SK,Android,new,2023-05-19,35-44
U02985,PL,Android,new,2023-05-03,35-44
U02986,CZ,Android,returning,2023-09-23,25-34
U02987,SK,Android,returning,2023-11-10,35-44
U02988,CZ,Android,returning,2023-04-08,35-44
U02989,CZ,Android,new,2023-04-15,35-44
U02990,DE,Android,returning,2023-11-23,35-44
U02991,SK,iOS,new,2023-04-04,45-54
U02992,CZ,iOS,returning,2023-09-05,35-44
U02993,DE,Android,new,2023-03-16,45-54
U02994,RO,Android,new,2023-10-09,35-44
U02995,PL,iOS,returning,2023-09-11,35-44
U02996,PL,Android,new,2023-09-19,45-54
U02997,RO,Android,returning,2023-11-18,45-54
U02998,DE,Android,new,2023-06-10,18-24
U02999,SK,Android,returning,2023-01-22,35-44
U03000,CZ,iOS,returning,2023-03-07,25-34
U03001,SK,Android,new,2023-01-21,35-44
U03002,CZ,Android,new,2023-11-16,25-34
U03003,PL,iOS,returning,2023-11-13,35-44
U03004,DE,Android,new,2023-05-02,25-34
U03005,SK,iOS,new,2023-03-29,55+
U03006,RO,Android,returning,2023-01-09,35-44
U03007,DE,Android,new,2023-09-06,25-34
U03008,PL,iOS,returning,2023-08-24,35-44
U03009,DE,iOS,new,2023-02-24,55+
U03010,PL,Android,returning,2023-07-17,45-54
U03011,PL,Android,returning,2023-12-31,55+
U03012,DE,iOS,new,2023-07-14,45-54
U03013,CZ,Android,new,2023-08-12,45-54
U03014,PL,iOS,returning,2023-09-17,35-44
U03015,CZ,iOS,returning,2023-03-15,45-54
U03016,CZ,Android,new,2023-03-28,45-54
U03017,DE,Android,new,2023-05-21,55+
U03018,RO,iOS,returning,2023-08-29,18-24
U03019,CZ,Android,returning,2023-08-20,35-44
U03020,DE,Android,new,2023-07-15,45-54
U03021,PL,Android,new,2023-02-15,35-44
U03022,DE,Android,returning,2023-09-03,55+
U03023,PL,Android,new,2023-11-03,45-54
U03024,DE,Android,returning,2023-07-06,25-34
U03025,PL,Android,new,2023-02-17,55+
U03026,PL,Android,returning,2023-05-11,35-44
U03027,DE,Android,returning,2023-04-06,25-34
U03028,PL,Android,returning,2023-02-17,25-34
U03029,PL,iOS,returning,2023-05-28,25-34
U03030,SK,Android,returning,2023-01-09,18-24
U03031,DE,iOS,returning,2023-02-21,45-54
U03032,CZ,iOS,new,2023-10-11,25-34
U03033,CZ,Android,new,2023-05-06,35-44
U03034,SK,Android,returning,2023-09-20,45-54
U03035,DE,Android,returning,2023-03-11,25-34
U03036,SK,Android,new,2023-11-08,25-34
U03037,DE,Android,new,2023-08-21,55+
U03038,DE,Android,new,2023-01-22,45-54
U03039,CZ,iOS,new,2023-09-28,55+
U03040,SK,Android,returning,2023-07-26,55+
U03041,CZ,Android,returning,2023-07-01,45-54
U03042,PL,Android,returning,2023-05-09,45-54
U03043,SK,Android,returning,2023-03-06,35-44
U03044,DE,iOS,new,2023-06-02,35-44
U03045,DE,Android,returning,2023-07-11,25-34
U03046,CZ,iOS,new,2023-08-11,55+
U03047,PL,Android,new,2023-03-13,18-24
U03048,RO,Android,new,2023-04-27,45-54
U03049,SK,Android,new,2023-07-10,18-24
U03050,RO,iOS,returning,2023-05-06,35-44
U03051,DE,Android,new,2023-07-11,45-54
U03052,PL,Android,returning,2023-02-09,45-54
U03053,RO,iOS,returning,2023-01-21,35-44
U03054,DE,iOS,new,2023-06-19,18-24
U03055,CZ,Android,new,2023-03-16,55+
U03056,PL,Android,new,2023-04-22,35-44
U03057,PL,iOS,new,2023-11-10,18-24
U03058,PL,iOS,returning,2023-09-22,45-54
U03059,DE,iOS,returning,2023-09-21,55+
U03060,DE,iOS,returning,2023-09-17,45-54
U03061,CZ,Android,returning,2023-06-19,35-44
U03062,DE,iOS,new,2023-03-15,45-54
U03063,DE,Android,new,2023-05-22,25-34
U03064,PL,Android,returning,2023-04-10,25-34
U03065,PL,Android,returning,2023-08-07,18-24
U03066,DE,Android,returning,2023-02-03,18-24
U03067,PL,iOS,returning,2023-04-23,45-54
U03068,DE,Android,returning,2023-02-28,55+
U03069,SK,iOS,new,2023-07-10,55+
U03070,SK,iOS,new,2023-10-08,35-44
U03071,DE,iOS,returning,2023-09-27,55+
U03072,DE,Android,returning,2023-12-16,25-34
U03073,PL,Android,returning,2023-01-12,35-44
U03074,RO,iOS,new,2023-09-13,55+
U03075,SK,Android,returning,2023-06-03,55+
U03076,SK,Android,returning,2023-04-25,45-54
U03077,RO,iOS,returning,2023-03-20,45-54
U03078,PL,Android,new,2023-07-24,25-34
U03079,PL,iOS,new,2023-11-16,35-44
U03080,PL,iOS,new,2023-01-30,45-54
U03081,DE,Android,new,2023-01-16,45-54
U03082,RO,Android,new,2023-09-09,45-54
U03083,DE,iOS,new,2023-05-01,25-34
U03084,DE,Android,new,2023-11-03,18-24
U03085,CZ,Android,returning,2023-02-12,45-54
U03086,RO,iOS,returning,2023-02-17,25-34
U03087,DE,Android,new,2023-01-27,35-44
U03088,CZ,iOS,new,2023-12-14,55+
U03089,DE,iOS,new,2023-02-14,18-24
U03090,DE,Android,new,2023-10-26,25-34
U03091,SK,iOS,returning,2023-03-29,35-44
U03092,DE,iOS,new,2023-10-31,55+
U03093,DE,Android,returning,2023-05-26,25-34
U03094,CZ,Android,returning,2023-11-26,25-34
U03095,DE,Android,new,2023-12-19,25-34
U03096,PL,Android,returning,2023-12-22,35-44
U03097,CZ,iOS,new,2023-05-31,25-34
U03098,CZ,Android,returning,2023-06-08,25-34
U03099,DE,Android,new,2023-01-19,18-24
U03100,DE,iOS,new,2023-08-18,35-44
U03101,DE,Android,returning,2023-12-19,45-54
U03102,RO,iOS,returning,2023-03-04,55+
U03103,RO,Android,returning,2023-06-04,18-24
U03104,DE,Android,new,2023-07-06,18-24
U03105,DE,iOS,returning,2023-05-10,45-54
U03106,SK,Android,returning,2023-12-30,45-54
U03107,DE,iOS,returning,2023-12-04,25-34
U03108,SK,Android,new,2023-01-04,18-24
U03109,SK,Android,new,2023-09-07,25-34
U03110,PL,Android,new,2023-05-03,25-34
U03111,PL,iOS,returning,2023-04-03,35-44
U03112,DE,Android,returning,2023-11-11,55+
U03113,DE,Android,returning,2023-04-14,55+
U03114,PL,iOS,returning,2023-05-21,55+
U03115,DE,iOS,returning,2023-11-10,18-24
U03116,RO,Android,new,2023-08-21,45-54
U03117,DE,Android,returning,2023-01-23,18-24
U03118,SK,Android,returning,2023-08-31,55+
U03119,DE,Android,returning,2023-10-20,45-54
U03120,DE,iOS,new,2023-05-16,25-34
U03121,RO,Android,new,2023-12-09,55+
U03122,DE,iOS,new,2023-04-28,45-54
U03123,PL,iOS,returning,2023-01-02,35-44
U03124,SK,Android,new,2023-10-02,55+
U03125,CZ,iOS,returning,2023-11-24,45-54
U03126,DE,iOS,new,2023-10-25,18-24
U03127,RO,Android,returning,2023-05-01,25-34
U03128,CZ,Android,new,2023-10-07,35-44
U03129,DE,Android,new,2023-11-28,35-44
U03130,CZ,iOS,new,2023-03-28,45-54
U03131,CZ,Android,returning,2023-04-15,35-44
U03132,RO,iOS,returning,2023-06-08,18-24
U03133,SK,iOS,new,2023-03-21,25-34
U03134,CZ,iOS,returning,2023-02-03,25-34
U03135,CZ,Android,returning,2023-02-28,55+
U03136,PL,Android,returning,2023-08-27,18-24
U03137,CZ,Android,new,2023-07-02,25-34
U03138,RO,iOS,returning,2023-10-07,55+
U03139,RO,Android,new,2023-02-14,55+
U03140,PL,Android,returning,2023-12-20,35-44
U03141,DE,Android,returning,2023-01-16,18-24
U03142,CZ,Android,new,2023-09-20,55+
U03143,PL,Android,returning,2023-11-23,25-34
U03144,RO,iOS,returning,2023-12-03,45-54
U03145,DE,Android,returning,2023-07-18,18-24
U03146,DE,Android,new,2023-08-20,35-44
U03147,DE,iOS,new,2023-11-29,35-44
U03148,DE,iOS,returning,2023-08-26,55+
U03149,PL,Android,returning,2023-03-01,55+
U03150,DE,iOS,returning,2023-06-24,35-44
U03151,DE,iOS,new,2023-05-06,18-24
U03152,RO,iOS,returning,2023-01-29,35-44
U03153,RO,Android,returning,2023-07-14,18-24
U03154,DE,Android,returning,2023-09-29,45-54
U03155,DE,Android,new,2023-01-12,18-24
U03156,RO,iOS,returning,2023-03-12,35-44
U03157,DE,Android,new,2023-02-28,18-24
U03158,PL,Android,new,2023-04-04,18-24
U03159,DE,iOS,returning,2023-05-22,18-24
U03160,PL,Android,returning,2023-12-31,35-44
U03161,CZ,Android,new,2023-10-10,18-24
U03162,RO,Android,returning,2023-06-09,35-44
U03163,DE,Android,returning,2023-01-27,18-24
U03164,SK,Android,returning,2023-02-24,45-54
U03165,DE,Android,returning,2023-10-05,25-34
U03166,DE,Android,returning,2023-02-11,18-24
U03167,SK,Android,returning,2023-11-19,25-34
U03168,CZ,iOS,returning,2023-03-28,25-34
U03169,DE,Android,new,2023-07-28,25-34
U03170,PL,Android,new,2023-09-10,45-54
U03171,SK,Android,new,2023-04-09,55+
U03172,RO,Android,new,2023-07-30,18-24
U03173,PL,iOS,returning,2023-12-28,18-24
U03174,PL,iOS,returning,2023-07-27,55+
U03175,SK,Android,returning,2023-04-05,25-34
U03176,CZ,Android,new,2023-03-09,18-24
U03177,CZ,Android,new,2023-02-06,18-24
U03178,DE,Android,new,2023-10-22,18-24
U03179,DE,Android,new,2023-07-31,18-24
U03180,DE,Android,returning,2023-07-08,35-44
U03181,CZ,iOS,new,2023-08-16,45-54
U03182,DE,iOS,returning,2023-06-30,25-34
U03183,PL,Android,new,2023-09-08,18-24
U03184,PL,Android,returning,2023-08-10,18-24
U03185,PL,Android,new,2023-08-23,35-44
U03186,DE,Android,returning,2023-03-14,45-54
U03187,DE,Android,new,2023-09-29,25-34
U03188,DE,iOS,returning,2023-08-19,45-54
U03189,DE,Android,returning,2023-05-19,18-24
U03190,PL,Android,returning,2023-05-01,55+
U03191,PL,Android,new,2023-09-18,35-44
U03192,DE,Android,returning,2023-09-25,55+
U03193,CZ,Android,returning,2023-06-08,18-24
U03194,SK,Android,new,2023-05-04,55+
U03195,PL,iOS,returning,2023-11-11,45-54
U03196,DE,iOS,new,2023-09-28,55+
U03197,PL,Android,new,2023-08-03,18-24
U03198,CZ,Android,returning,2023-06-06,35-44
U03199,DE,Android,returning,2023-10-28,55+
U03200,PL,Android,returning,2023-10-17,25-34
U03201,DE,iOS,new,2023-05-06,25-34
U03202,DE,Android,returning,2023-09-30,18-24
U03203,DE,Android,new,2023-12-20,45-54
U03204,DE,Android,returning,2023-01-23,18-24
U03205,CZ,iOS,new,2023-02-22,25-34
U03206,CZ,Android,new,2023-04-24,35-44
U03207,RO,Android,returning,2023-01-06,55+
U03208,SK,Android,returning,2023-08-19,55+
U03209,DE,Android,returning,2023-03-02,25-34
U03210,PL,Android,new,2023-01-23,18-24
U03211,SK,Android,new,2023-09-08,35-44
U03212,DE,Android,returning,2023-02-21,35-44
U03213,PL,Android,new,2023-01-01,45-54
U03214,CZ,Android,new,2023-10-12,55+
U03215,CZ,Android,returning,2023-01-11,25-34
U03216,CZ,Android,new,2023-01-24,25-34
U03217,PL,iOS,new,2023-06-01,25-34
U03218,DE,iOS,new,2023-01-17,35-44
U03219,PL,iOS,returning,2023-12-18,25-34
U03220,DE,Android,new,2023-08-31,25-34
U03221,SK,Android,new,2023-12-17,25-34
U03222,DE,Android,new,2023-04-19,25-34
U03223,CZ,iOS,returning,2023-05-17,55+
U03224,SK,iOS,returning,2023-10-30,45-54
U03225,SK,Android,returning,2023-03-22,25-34
U03226,PL,iOS,returning,2023-08-18,35-44
U03227,DE,Android,returning,2023-06-11,18-24
U03228,PL,Android,returning,2023-04-11,18-24
U03229,DE,iOS,returning,2023-10-25,25-34
U03230,PL,iOS,returning,2023-12-25,45-54
U03231,PL,iOS,new,2023-11-29,55+
U03232,PL,Android,new,2023-04-03,18-24
U03233,SK,Android,new,2023-09-18,55+
U03234,DE,Android,new,2023-10-10,35-44
U03235,PL,iOS,new,2023-06-20,45-54
U03236,DE,iOS,returning,2023-04-16,18-24
U03237,DE,Android,new,2023-09-23,55+
U03238,CZ,Android,new,2023-02-11,35-44
U03239,DE,iOS,returning,2023-06-22,18-24
U03240,DE,Android,returning,2023-01-16,55+
U03241,DE,Android,returning,2023-02-11,18-24
U03242,CZ,Android,new,2023-08-13,55+
U03243,CZ,iOS,new,2023-01-14,18-24
U03244,PL,iOS,new,2023-09-16,18-24
U03245,SK,iOS,returning,2023-10-07,45-54
U03246,PL,iOS,new,2023-05-28,25-34
U03247,PL,iOS,new,2023-05-28,45-54
U03248,PL,Android,new,2023-01-21,18-24
U03249,CZ,iOS,new,2023-01-02,35-44
U03250,DE,Android,returning,2023-02-15,45-54
U03251,PL,Android,new,2023-07-13,35-44
U03252,DE,Android,returning,2023-09-19,35-44
U03253,SK,iOS,new,2023-06-08,18-24
U03254,CZ,iOS,new,2023-10-10,25-34
U03255,PL,iOS,returning,2023-05-04,55+
U03256,CZ,Android,returning,2023-07-01,55+
U03257,DE,Android,returning,2023-04-05,18-24
U03258,DE,Android,returning,2023-07-20,55+
U03259,DE,iOS,returning,2023-01-03,25-34
U03260,RO,Android,returning,2023-10-08,55+
U03261,DE,iOS,returning,2023-04-10,18-24
U03262,DE,Android,new,2023-07-24,45-54
U03263,CZ,iOS,returning,2023-11-13,35-44
U03264,DE,Android,returning,2023-07-28,25-34
U03265,CZ,iOS,new,2023-07-08,18-24
U03266,RO,Android,returning,2023-06-08,18-24
U03267,DE,iOS,new,2023-07-19,35-44
U03268,CZ,iOS,new,2023-07-11,45-54
U03269,CZ,Android,returning,2023-04-28,25-34
U03270,DE,iOS,returning,2023-05-31,18-24
U03271,DE,Android,new,2023-08-29,35-44
U03272,PL,iOS,returning,2023-09-20,18-24
U03273,CZ,Android,returning,2023-04-26,55+
U03274,DE,iOS,new,2023-09-23,25-34
U03275,PL,iOS,returning,2023-08-27,35-44
U03276,DE,iOS,returning,2023-01-20,35-44
U03277,DE,Android,returning,2023-05-03,35-44
U03278,SK,Android,new,2023-04-10,18-24
U03279,CZ,iOS,returning,2023-07-22,18-24
U03280,CZ,Android,returning,2023-02-18,18-24
U03281,DE,iOS,new,2023-10-06,18-24
U03282,CZ,Android,new,2023-11-20,35-44
U03283,DE,Android,new,2023-04-26,18-24
U03284,RO,iOS,returning,2023-02-12,35-44
U03285,DE,iOS,returning,2023-07-19,55+
U03286,SK,Android,new,2023-09-26,18-24
U03287,PL,Android,new,2023-01-16,55+
U03288,SK,Android,new,2023-03-07,45-54
U03289,PL,iOS,new,2023-06-20,35-44
U03290,DE,iOS,new,2023-11-02,18-24
U03291,CZ,Android,returning,2023-11-14,35-44
U03292,SK,Android,returning,2023-03-10,18-24
U03293,PL,Android,new,2023-09-27,35-44
U03294,DE,Android,new,2023-04-26,18-24
U03295,DE,iOS,new,2023-10-28,25-34
U03296,PL,Android,new,2023-04-21,45-54
U03297,DE,Android,new,2023-05-21,18-24
U03298,CZ,iOS,new,2023-12-23,55+
U03299,RO,Android,new,2023-07-28,18-24
U03300,DE,iOS,new,2023-06-22,18-24
U03301,CZ,Android,new,2023-09-23,18-24
U03302,RO,iOS,new,2023-01-22,25-34
U03303,DE,iOS,new,2023-07-04,18-24
U03304,DE,Android,new,2023-07-17,25-34
U03305,RO,iOS,new,2023-02-21,35-44
U03306,DE,Android,returning,2023-07-02,45-54
U03307,DE,iOS,returning,2023-10-20,55+
U03308,RO,iOS,returning,2023-11-26,35-44
U03309,CZ,Android,new,2023-05-29,55+
U03310,CZ,iOS,returning,2023-01-03,35-44
U03311,DE,iOS,returning,2023-06-02,55+
U03312,PL,Android,returning,2023-03-11,55+
U03313,DE,iOS,returning,2023-03-05,18-24
U03314,SK,Android,returning,2023-11-07,55+
U03315,DE,Android,returning,2023-12-29,18-24
U03316,RO,Android,new,2023-08-20,55+
U03317,PL,iOS,new,2023-12-28,55+
U03318,SK,iOS,returning,2023-10-21,55+
U03319,PL,iOS,returning,2023-11-25,45-54
U03320,SK,Android,returning,2023-02-15,35-44
U03321,DE,iOS,new,2023-10-24,35-44
U03322,DE,Android,returning,2023-10-17,35-44
U03323,PL,iOS,new,2023-10-19,25-34
U03324,DE,iOS,returning,2023-04-08,25-34
U03325,CZ,iOS,new,2023-05-31,55+
U03326,RO,Android,returning,2023-10-14,18-24
U03327,PL,Android,new,2023-10-13,45-54
U03328,PL,Android,new,2023-01-16,55+
U03329,PL,Android,returning,2023-04-27,55+
U03330,CZ,iOS,returning,2023-07-05,55+
U03331,SK,iOS,returning,2023-01-09,35-44
U03332,SK,Android,new,2023-07-28,55+
U03333,PL,Android,returning,2023-11-09,25-34
U03334,PL,Android,returning,2023-07-27,45-54
U03335,DE,iOS,new,2023-12-05,45-54
U03336,PL,Android,returning,2023-06-26,18-24
U03337,PL,Android,returning,2023-10-15,25-34
U03338,SK,Android,new,2023-04-08,18-24
U03339,SK,iOS,new,2023-05-09,25-34
U03340,PL,iOS,returning,2023-05-04,35-44
U03341,SK,iOS,returning,2023-11-17,25-34
U03342,CZ,Android,returning,2023-09-02,55+
U03343,PL,iOS,new,2023-08-11,18-24
U03344,SK,iOS,returning,2023-03-01,18-24
U03345,CZ,iOS,new,2023-02-11,18-24
U03346,RO,Android,new,2023-01-25,35-44
U03347,DE,iOS,returning,2023-02-11,35-44
U03348,PL,iOS,returning,2023-01-28,55+
U03349,SK,iOS,returning,2023-04-11,25-34
U03350,CZ,Android,new,2023-01-26,18-24
U03351,PL,Android,new,2023-09-11,18-24
U03352,SK,iOS,returning,2023-08-18,45-54
U03353,DE,Android,new,2023-12-10,18-24
U03354,CZ,iOS,returning,2023-09-09,18-24
U03355,PL,iOS,new,2023-03-24,35-44
U03356,DE,Android,returning,2023-01-12,18-24
U03357,DE,Android,new,2023-04-10,25-34
U03358,DE,iOS,new,2023-06-10,45-54
U03359,PL,iOS,returning,2023-02-25,25-34
U03360,CZ,Android,new,2023-03-26,45-54
U03361,DE,Android,returning,2023-02-27,35-44
U03362,PL,Android,returning,2023-03-09,45-54
U03363,DE,Android,returning,2023-03-04,55+
U03364,DE,Android,returning,2023-06-01,25-34
U03365,DE,Android,new,2023-10-24,55+
U03366,RO,Android,new,2023-01-23,18-24
U03367,PL,iOS,returning,2023-05-02,45-54
U03368,PL,iOS,returning,2023-08-29,45-54
U03369,PL,iOS,new,2023-12-08,25-34
U03370,DE,Android,returning,2023-11-24,55+
U03371,DE,Android,returning,2023-04-04,45-54
U03372,PL,Android,returning,2023-03-29,55+
U03373,DE,Android,returning,2023-08-13,55+
U03374,SK,iOS,new,2023-05-05,35-44
U03375,DE,Android,returning,2023-07-29,18-24
U03376,CZ,Android,returning,2023-09-10,45-54
U03377,CZ,iOS,returning,2023-07-26,18-24
U03378,SK,Android,returning,2023-07-26,55+
U03379,SK,Android,returning,2023-03-17,45-54
U03380,DE,iOS,new,2023-10-04,25-34
U03381,DE,iOS,new,2023-11-19,45-54
U03382,SK,Android,returning,2023-12-14,55+
U03383,RO,iOS,new,2023-08-18,25-34
U03384,PL,iOS,new,2023-02-07,55+
U03385,DE,Android,returning,2023-03-13,55+
U03386,PL,Android,returning,2023-01-21,25-34
U03387,PL,Android,returning,2023-08-09,18-24
U03388,DE,iOS,returning,2023-03-23,18-24
U03389,CZ,Android,returning,2023-11-06,45-54
U03390,CZ,Android,returning,2023-11-03,25-34
U03391,SK,Android,returning,2023-06-02,55+
U03392,PL,iOS,new,2023-10-11,45-54
U03393,PL,Android,returning,2023-11-17,18-24
U03394,CZ,Android,returning,2023-12-22,25-34
U03395,PL,Android,new,2023-10-06,25-34
U03396,RO,Android,new,2023-01-14,18-24
U03397,DE,iOS,returning,2023-11-11,45-54
U03398,PL,Android,new,2023-11-09,55+
U03399,RO,Android,returning,2023-10-22,25-34
U03400,DE,Android,returning,2023-03-08,18-24
U03401,PL,iOS,new,2023-11-26,25-34
U03402,PL,Android,new,2023-12-16,35-44
U03403,CZ,iOS,returning,2023-01-16,45-54
U03404,CZ,Android,returning,2023-07-15,18-24
U03405,CZ,Android,returning,2023-01-16,25-34
U03406,SK,Android,new,2023-06-25,55+
U03407,PL,Android,new,2023-07-21,55+
U03408,DE,Android,returning,2023-05-31,55+
U03409,SK,iOS,returning,2023-10-22,25-34
U03410,PL,iOS,returning,2023-04-10,18-24
U03411,PL,Android,returning,2023-06-24,35-44
U03412,PL,Android,returning,2023-04-06,45-54
U03413,RO,Android,new,2023-04-02,55+
U03414,PL,Android,returning,2023-03-29,25-34
U03415,PL,iOS,new,2023-06-25,25-34
U03416,DE,iOS,new,2023-09-16,18-24
U03417,PL,Android,new,2023-11-27,55+
U03418,DE,Android,returning,2023-06-16,35-44
U03419,DE,Android,returning,2023-05-14,18-24
U03420,SK,iOS,new,2023-12-12,18-24
U03421,PL,Android,new,2023-09-04,35-44
U03422,DE,iOS,new,2023-10-25,35-44
U03423,DE,Android,new,2023-04-18,18-24
U03424,SK,Android,new,2023-06-17,25-34
U03425,PL,Android,new,2023-07-07,55+
U03426,DE,Android,returning,2023-02-19,18-24
U03427,RO,Android,returning,2023-01-09,18-24
U03428,RO,iOS,new,2023-05-26,35-44
U03429,PL,iOS,returning,2023-04-01,18-24
U03430,PL,Android,new,2023-12-23,25-34
U03431,DE,Android,new,2023-09-02,55+
U03432,PL,iOS,new,2023-09-27,25-34
U03433,PL,iOS,returning,2023-06-19,45-54
U03434,RO,iOS,returning,2023-01-30,45-54
U03435,PL,Android,returning,2023-08-19,25-34
U03436,CZ,Android,returning,2023-09-10,35-44
U03437,PL,iOS,new,2023-10-05,35-44
U03438,CZ,iOS,new,2023-06-12,55+
U03439,DE,iOS,new,2023-03-07,18-24
U03440,PL,Android,new,2023-12-21,18-24
U03441,DE,iOS,new,2023-01-21,25-34
U03442,PL,Android,returning,2023-10-28,25-34
U03443,SK,iOS,returning,2023-11-26,35-44
U03444,DE,Android,new,2023-06-12,18-24
U03445,DE,iOS,returning,2023-09-25,25-34
U03446,DE,Android,returning,2023-12-16,55+
U03447,DE,Android,returning,2023-11-12,45-54
U03448,PL,iOS,returning,2023-03-15,25-34
U03449,PL,iOS,new,2023-08-05,35-44
U03450,PL,iOS,new,2023-11-26,55+
U03451,DE,Android,new,2023-12-27,18-24
U03452,DE,iOS,returning,2023-09-27,18-24
U03453,DE,Android,new,2023-03-10,25-34
U03454,DE,Android,new,2023-11-27,45-54
U03455,SK,Android,new,2023-01-05,45-54
U03456,DE,Android,new,2023-03-23,55+
U03457,CZ,Android,returning,2023-03-26,45-54
U03458,CZ,iOS,returning,2023-04-01,35-44
U03459,CZ,Android,returning,2023-05-14,45-54
U03460,DE,iOS,returning,2023-03-11,35-44
U03461,PL,Android,returning,2023-03-14,45-54
U03462,SK,Android,returning,2023-07-15,45-54
U03463,PL,Android,new,2023-01-28,18-24
U03464,PL,Android,returning,2023-11-27,25-34
U03465,CZ,iOS,returning,2023-08-15,55+
U03466,RO,iOS,new,2023-04-06,25-34
U03467,PL,Android,returning,2023-03-21,45-54
U03468,RO,iOS,returning,2023-03-29,55+
U03469,PL,Android,returning,2023-02-08,25-34
U03470,DE,Android,returning,2023-03-27,55+
U03471,DE,Android,new,2023-10-04,45-54
U03472,PL,iOS,returning,2023-03-04,45-54
U03473,DE,Android,new,2023-04-23,18-24
U03474,DE,iOS,returning,2023-10-20,45-54
U03475,CZ,Android,returning,2023-11-09,55+
U03476,PL,Android,new,2023-10-26,18-24
U03477,DE,Android,returning,2023-03-24,45-54
U03478,RO,iOS,new,2023-09-27,35-44
U03479,PL,Android,returning,2023-03-12,25-34
U03480,DE,iOS,returning,2023-03-08,18-24
U03481,CZ,Android,returning,2023-03-10,18-24
U03482,DE,Android,new,2023-10-08,55+
U03483,PL,iOS,returning,2023-09-08,55+
U03484,PL,Android,new,2023-09-15,25-34
U03485,CZ,iOS,new,2023-12-21,55+
U03486,DE,iOS,new,2023-07-02,18-24
U03487,DE,Android,new,2023-01-21,45-54
U03488,DE,Android,returning,2023-11-27,35-44
U03489,PL,Android,returning,2023-02-26,25-34
U03490,SK,iOS,new,2023-10-20,25-34
U03491,PL,iOS,returning,2023-11-26,55+
U03492,CZ,Android,new,2023-06-28,35-44
U03493,SK,Android,new,2023-12-01,25-34
U03494,PL,iOS,new,2023-01-03,55+
U03495,DE,iOS,new,2023-09-13,18-24
U03496,DE,Android,new,2023-11-21,18-24
U03497,RO,iOS,new,2023-12-18,25-34
U03498,DE,iOS,returning,2023-01-28,18-24
U03499,DE,Android,returning,2023-02-27,18-24
U03500,PL,Android,new,2023-03-03,35-44
U03501,CZ,Android,new,2023-12-05,25-34
U03502,RO,iOS,new,2023-04-12,35-44
U03503,DE,Android,new,2023-10-20,18-24
U03504,DE,iOS,returning,2023-12-05,35-44
U03505,DE,iOS,new,2023-09-24,18-24
U03506,DE,iOS,returning,2023-02-16,55+
U03507,RO,iOS,returning,2023-03-13,35-44
U03508,DE,Android,new,2023-03-10,55+
U03509,CZ,Android,returning,2023-04-10,45-54
U03510,SK,iOS,new,2023-02-03,25-34
U03511,PL,Android,returning,2023-12-08,55+
U03512,SK,iOS,new,2023-09-12,45-54
U03513,DE,Android,returning,2023-03-02,55+
U03514,PL,Android,returning,2023-06-17,25-34
U03515,SK,Android,new,2023-04-19,25-34
U03516,DE,Android,new,2023-01-14,18-24
U03517,PL,Android,returning,2023-07-05,35-44
U03518,DE,iOS,new,2023-01-31,18-24
U03519,PL,Android,new,2023-08-09,25-34
U03520,SK,Android,returning,2023-03-06,18-24
U03521,DE,iOS,new,2023-06-25,18-24
U03522,CZ,iOS,new,2023-04-24,18-24
U03523,DE,Android,returning,2023-03-05,45-54
U03524,RO,iOS,new,2023-10-16,35-44
U03525,DE,Android,returning,2023-11-15,35-44
U03526,DE,iOS,returning,2023-07-10,35-44
U03527,SK,Android,returning,2023-09-03,45-54
U03528,DE,Android,new,2023-08-11,18-24
U03529,DE,Android,returning,2023-09-21,45-54
U03530,DE,Android,new,2023-10-11,18-24
U03531,DE,Android,returning,2023-09-08,55+
U03532,SK,iOS,new,2023-02-19,25-34
U03533,DE,iOS,returning,2023-10-31,18-24
U03534,DE,Android,new,2023-08-26,18-24
U03535,DE,iOS,new,2023-05-07,18-24
U03536,DE,Android,new,2023-05-28,35-44
U03537,SK,Android,returning,2023-04-13,18-24
U03538,PL,Android,returning,2023-01-09,55+
U03539,DE,Android,new,2023-12-13,35-44
U03540,DE,Android,new,2023-09-12,25-34
U03541,SK,iOS,returning,2023-12-10,25-34
U03542,RO,iOS,returning,2023-08-14,45-54
U03543,DE,Android,returning,2023-03-18,25-34
U03544,SK,Android,new,2023-12-25,35-44
U03545,PL,Android,returning,2023-07-26,55+
U03546,CZ,iOS,new,2023-01-13,55+
U03547,CZ,Android,new,2023-09-06,18-24
U03548,DE,Android,returning,2023-12-02,55+
U03549,SK,Android,returning,2023-02-04,35-44
U03550,DE,Android,returning,2023-10-21,18-24
U03551,CZ,Android,returning,2023-06-12,55+
U03552,SK,Android,returning,2023-01-20,45-54
U03553,CZ,Android,returning,2023-07-22,25-34
U03554,DE,Android,new,2023-11-28,18-24
U03555,DE,Android,new,2023-08-01,45-54
U03556,RO,Android,returning,2023-07-15,18-24
U03557,PL,Android,new,2023-09-06,25-34
U03558,PL,Android,returning,2023-06-15,55+
U03559,PL,Android,returning,2023-12-09,18-24
U03560,PL,Android,returning,2023-11-09,35-44
U03561,SK,iOS,returning,2023-03-26,25-34
U03562,DE,Android,returning,2023-01-14,55+
U03563,DE,Android,returning,2023-03-29,18-24
U03564,SK,iOS,new,2023-11-19,55+
U03565,DE,iOS,returning,2023-02-12,55+
U03566,PL,iOS,returning,2023-09-20,45-54
U03567,SK,Android,new,2023-03-17,18-24
U03568,PL,Android,new,2023-10-03,55+
U03569,SK,iOS,returning,2023-01-16,45-54
U03570,DE,Android,returning,2023-05-14,45-54
U03571,PL,iOS,new,2023-07-02,45-54
U03572,DE,iOS,returning,2023-09-17,18-24
U03573,DE,Android,returning,2023-01-14,45-54
U03574,DE,iOS,returning,2023-12-08,45-54
U03575,DE,Android,new,2023-10-16,18-24
U03576,PL,Android,returning,2023-03-22,35-44
U03577,PL,Android,returning,2023-03-26,25-34
U03578,CZ,Android,returning,2023-08-26,45-54
U03579,PL,Android,returning,2023-12-07,25-34
U03580,DE,iOS,returning,2023-03-02,45-54
U03581,DE,Android,returning,2023-02-27,25-34
U03582,PL,iOS,returning,2023-04-01,55+
U03583,DE,iOS,new,2023-10-13,45-54
U03584,CZ,iOS,returning,2023-10-25,45-54
U03585,DE,Android,returning,2023-04-04,45-54
U03586,PL,iOS,new,2023-12-26,55+
U03587,CZ,iOS,new,2023-05-08,35-44
U03588,PL,Android,new,2023-08-20,25-34
U03589,DE,Android,new,2023-10-15,35-44
U03590,CZ,iOS,new,2023-10-24,55+
U03591,DE,Android,returning,2023-10-07,25-34
U03592,PL,Android,returning,2023-05-17,55+
U03593,SK,Android,new,2023-01-22,45-54
U03594,RO,iOS,new,2023-03-19,55+
U03595,PL,iOS,new,2023-02-04,35-44
U03596,DE,iOS,returning,2023-02-07,25-34
U03597,CZ,iOS,returning,2023-07-03,25-34
U03598,CZ,Android,new,2023-04-15,45-54
U03599,DE,iOS,new,2023-01-01,35-44
U03600,PL,Android,new,2023-06-14,18-24
U03601,DE,iOS,returning,2023-03-26,45-54
U03602,DE,iOS,new,2023-03-16,18-24
U03603,CZ,Android,returning,2023-04-09,45-54
U03604,SK,Android,returning,2023-07-25,18-24
U03605,DE,Android,returning,2023-09-22,55+
U03606,DE,Android,returning,2023-11-19,18-24
U03607,PL,Android,new,2023-07-25,18-24
U03608,DE,Android,returning,2023-08-15,25-34
U03609,PL,iOS,returning,2023-06-17,35-44
U03610,PL,iOS,returning,2023-10-07,25-34
U03611,RO,Android,returning,2023-12-24,45-54
U03612,RO,Android,new,2023-06-09,18-24
U03613,DE,Android,new,2023-06-17,18-24
U03614,DE,Android,returning,2023-02-26,25-34
U03615,SK,iOS,returning,2023-01-30,25-34
U03616,RO,iOS,new,2023-12-23,18-24
U03617,PL,Android,returning,2023-02-06,25-34
U03618,PL,iOS,returning,2023-11-02,25-34
U03619,DE,Android,returning,2023-08-04,25-34
U03620,PL,Android,new,2023-02-21,18-24
U03621,PL,Android,returning,2023-07-14,55+
U03622,SK,Android,returning,2023-06-04,35-44
U03623,DE,iOS,returning,2023-04-02,35-44
U03624,PL,Android,new,2023-10-13,35-44
U03625,DE,Android,returning,2023-08-12,35-44
U03626,PL,Android,returning,2023-06-11,35-44
U03627,SK,Android,returning,2023-10-03,35-44
U03628,RO,Android,returning,2023-06-13,55+
U03629,PL,Android,returning,2023-01-15,35-44
U03630,SK,iOS,returning,2023-07-27,25-34
U03631,DE,Android,new,2023-08-03,35-44
U03632,PL,Android,new,2023-11-06,45-54
U03633,SK,Android,new,2023-03-24,25-34
U03634,PL,iOS,returning,2023-08-20,45-54
U03635,PL,iOS,returning,2023-06-09,45-54
U03636,DE,Android,returning,2023-01-15,18-24
U03637,DE,iOS,returning,2023-02-17,35-44
U03638,CZ,iOS,returning,2023-10-01,18-24
U03639,DE,Android,returning,2023-10-02,45-54
U03640,CZ,iOS,new,2023-09-04,18-24
U03641,PL,iOS,new,2023-03-30,18-24
U03642,PL,iOS,new,2023-05-20,35-44
U03643,PL,Android,new,2023-03-26,18-24
U03644,DE,Android,new,2023-03-26,45-54
U03645,DE,Android,returning,2023-06-25,45-54
U03646,DE,Android,returning,2023-09-30,25-34
U03647,RO,iOS,new,2023-07-08,25-34
U03648,CZ,iOS,new,2023-03-05,35-44
U03649,DE,iOS,returning,2023-05-10,18-24
U03650,CZ,Android,new,2023-01-17,35-44
U03651,CZ,Android,new,2023-05-27,25-34
U03652,DE,iOS,new,2023-02-09,45-54
U03653,CZ,iOS,returning,2023-05-27,45-54
U03654,RO,iOS,returning,2023-12-16,45-54
U03655,RO,Android,new,2023-08-13,35-44
U03656,PL,iOS,returning,2023-11-27,18-24
U03657,SK,Android,new,2023-04-09,25-34
U03658,SK,Android,new,2023-02-07,55+
U03659,SK,Android,returning,2023-02-01,25-34
U03660,DE,iOS,new,2023-01-22,45-54
U03661,RO,iOS,new,2023-11-08,55+
U03662,SK,Android,returning,2023-09-15,35-44
U03663,SK,Android,returning,2023-04-28,18-24
U03664,DE,iOS,new,2023-09-21,55+
U03665,PL,Android,new,2023-05-27,25-34
U03666,DE,iOS,returning,2023-05-23,35-44
U03667,PL,iOS,new,2023-05-15,55+
U03668,CZ,Android,returning,2023-07-05,45-54
U03669,CZ,Android,returning,2023-12-27,35-44
U03670,PL,Android,returning,2023-05-04,55+
U03671,CZ,iOS,returning,2023-09-20,55+
U03672,PL,iOS,returning,2023-10-18,25-34
U03673,PL,Android,returning,2023-12-20,45-54
U03674,CZ,iOS,new,2023-10-24,45-54
U03675,DE,Android,new,2023-12-15,18-24
U03676,PL,iOS,returning,2023-11-03,25-34
U03677,DE,Android,returning,2023-05-18,25-34
U03678,PL,Android,new,2023-10-31,18-24
U03679,RO,iOS,returning,2023-03-19,45-54
U03680,DE,iOS,returning,2023-01-16,55+
U03681,RO,Android,returning,2023-04-18,18-24
U03682,PL,iOS,new,2023-12-31,18-24
U03683,SK,Android,new,2023-01-23,18-24
U03684,DE,Android,returning,2023-01-09,45-54
U03685,DE,Android,returning,2023-02-28,55+
U03686,SK,iOS,returning,2023-12-10,45-54
U03687,DE,Android,new,2023-03-04,35-44
U03688,CZ,Android,returning,2023-07-16,25-34
U03689,DE,Android,new,2023-10-11,18-24
U03690,PL,Android,returning,2023-10-29,45-54
U03691,PL,Android,new,2023-10-09,55+
U03692,SK,iOS,new,2023-06-11,25-34
U03693,PL,iOS,returning,2023-01-09,18-24
U03694,SK,Android,new,2023-07-09,55+
U03695,PL,Android,new,2023-07-14,18-24
U03696,PL,iOS,new,2023-08-12,35-44
U03697,DE,iOS,new,2023-02-17,35-44
U03698,SK,iOS,returning,2023-06-03,25-34
U03699,DE,Android,new,2023-05-25,45-54
U03700,SK,iOS,new,2023-11-11,55+
U03701,DE,iOS,new,2023-08-29,55+
U03702,PL,Android,new,2023-04-10,25-34
U03703,PL,Android,returning,2023-07-13,25-34
U03704,PL,iOS,returning,2023-07-18,55+
U03705,PL,Android,returning,2023-08-10,18-24
U03706,PL,iOS,returning,2023-08-30,55+
U03707,DE,Android,returning,2023-02-07,25-34
U03708,PL,Android,returning,2023-07-05,45-54
U03709,CZ,Android,new,2023-01-12,18-24
U03710,PL,iOS,returning,2023-03-09,45-54
U03711,PL,Android,returning,2023-11-20,45-54
U03712,DE,Android,returning,2023-01-08,55+
U03713,RO,iOS,returning,2023-07-08,35-44
U03714,PL,iOS,new,2023-06-21,45-54
U03715,DE,Android,returning,2023-08-22,45-54
U03716,DE,Android,new,2023-06-01,55+
U03717,CZ,iOS,new,2023-12-11,18-24
U03718,CZ,Android,new,2023-11-08,35-44
U03719,DE,iOS,returning,2023-04-01,55+
U03720,DE,Android,returning,2023-10-28,35-44
U03721,DE,Android,returning,2023-07-07,35-44
U03722,DE,Android,returning,2023-12-15,35-44
U03723,CZ,Android,returning,2023-08-11,25-34
U03724,SK,Android,returning,2023-03-06,55+
U03725,RO,Android,returning,2023-01-10,25-34
U03726,SK,Android,returning,2023-12-27,45-54
U03727,DE,Android,returning,2023-03-29,45-54
U03728,PL,iOS,returning,2023-04-01,35-44
U03729,DE,Android,returning,2023-01-03,55+
U03730,DE,Android,returning,2023-04-04,18-24
U03731,RO,Android,returning,2023-03-11,55+
U03732,DE,Android,returning,2023-07-11,55+
U03733,CZ,iOS,new,2023-11-25,55+
U03734,RO,iOS,returning,2023-07-10,18-24
U03735,DE,Android,new,2023-12-03,18-24
U03736,DE,iOS,returning,2023-07-05,18-24
U03737,DE,Android,returning,2023-10-19,45-54
U03738,DE,Android,returning,2023-10-31,35-44
U03739,SK,iOS,returning,2023-12-25,55+
U03740,PL,Android,new,2023-06-09,25-34
U03741,PL,Android,returning,2023-10-18,25-34
U03742,DE,Android,new,2023-07-31,45-54
U03743,PL,iOS,returning,2023-03-01,55+
U03744,RO,Android,new,2023-03-14,55+
U03745,DE,iOS,returning,2023-02-12,18-24
U03746,DE,Android,returning,2023-05-13,55+
U03747,DE,Android,returning,2023-07-26,35-44
U03748,RO,iOS,returning,2023-04-20,45-54
U03749,PL,iOS,new,2023-05-12,25-34
U03750,PL,Android,new,2023-08-04,55+
U03751,DE,Android,new,2023-08-11,55+
U03752,RO,iOS,returning,2023-04-23,55+
U03753,DE,Android,new,2023-09-15,25-34
U03754,RO,iOS,returning,2023-07-15,35-44
U03755,RO,Android,new,2023-07-27,18-24
U03756,SK,iOS,returning,2023-08-17,45-54
U03757,PL,Android,new,2023-07-04,45-54
U03758,DE,Android,returning,2023-03-23,55+
U03759,PL,Android,returning,2023-01-18,18-24
U03760,PL,iOS,returning,2023-01-22,55+
U03761,SK,Android,new,2023-02-22,18-24
U03762,CZ,iOS,new,2023-08-25,18-24
U03763,DE,Android,returning,2023-03-14,45-54
U03764,CZ,Android,returning,2023-01-28,45-54
U03765,DE,Android,returning,2023-11-14,35-44
U03766,RO,iOS,returning,2023-12-24,18-24
U03767,DE,Android,new,2023-12-08,55+
U03768,SK,Android,new,2023-07-02,45-54
U03769,RO,Android,new,2023-12-25,25-34
U03770,RO,Android,returning,2023-04-04,55+
U03771,PL,iOS,new,2023-05-13,45-54
U03772,DE,iOS,new,2023-05-25,45-54
U03773,DE,Android,returning,2023-12-27,18-24
U03774,CZ,Android,new,2023-07-01,18-24
U03775,CZ,iOS,new,2023-04-29,45-54
U03776,RO,iOS,returning,2023-05-28,18-24
U03777,CZ,Android,new,2023-04-15,35-44
U03778,RO,iOS,new,2023-03-06,55+
U03779,CZ,iOS,new,2023-11-10,55+
U03780,PL,iOS,returning,2023-06-03,35-44
U03781,PL,Android,returning,2023-11-12,35-44
U03782,RO,iOS,new,2023-05-05,18-24
U03783,DE,Android,new,2023-07-05,45-54
U03784,RO,Android,new,2023-10-19,55+
U03785,RO,iOS,returning,2023-08-08,18-24
U03786,DE,Android,new,2023-10-07,25-34
U03787,PL,iOS,new,2023-09-03,25-34
U03788,DE,iOS,new,2023-12-06,35-44
U03789,DE,Android,returning,2023-04-26,25-34
U03790,DE,Android,returning,2023-06-21,18-24
U03791,PL,iOS,new,2023-02-07,25-34
U03792,DE,Android,returning,2023-07-20,25-34
U03793,DE,Android,returning,2023-10-26,25-34
U03794,CZ,Android,returning,2023-04-23,18-24
U03795,CZ,Android,new,2023-01-08,45-54
U03796,DE,Android,returning,2023-12-13,55+
U03797,RO,Android,new,2023-10-12,25-34
U03798,DE,Android,new,2023-03-01,25-34
U03799,RO,Android,returning,2023-11-12,45-54
U03800,CZ,iOS,returning,2023-06-21,55+
U03801,DE,Android,new,2023-08-19,25-34
U03802,CZ,iOS,new,2023-10-31,45-54
U03803,DE,iOS,new,2023-01-24,25-34
U03804,SK,Android,new,2023-01-05,55+
U03805,DE,Android,returning,2023-04-06,18-24
U03806,PL,Android,new,2023-12-22,18-24
U03807,SK,Android,returning,2023-06-26,18-24
U03808,DE,iOS,new,2023-04-03,55+
U03809,DE,Android,returning,2023-12-05,18-24
U03810,PL,Android,new,2023-09-25,35-44
U03811,DE,Android,new,2023-10-17,45-54
U03812,PL,Android,returning,2023-04-19,55+
U03813,PL,Android,returning,2023-06-10,25-34
U03814,CZ,Android,returning,2023-12-27,18-24
U03815,RO,Android,returning,2023-06-23,55+
U03816,DE,iOS,returning,2023-04-21,25-34
U03817,RO,Android,new,2023-09-18,55+
U03818,DE,iOS,returning,2023-05-22,18-24
U03819,DE,iOS,returning,2023-09-21,18-24
U03820,DE,Android,new,2023-01-28,25-34
U03821,RO,iOS,new,2023-11-17,25-34
U03822,DE,Android,returning,2023-01-31,35-44
U03823,DE,Android,returning,2023-12-02,55+
U03824,DE,iOS,returning,2023-02-26,55+
U03825,CZ,iOS,returning,2023-11-05,18-24
U03826,DE,Android,new,2023-03-07,25-34
U03827,SK,Android,new,2023-04-23,35-44
U03828,CZ,Android,new,2023-03-07,25-34
U03829,SK,iOS,returning,2023-01-22,45-54
U03830,SK,Android,new,2023-06-21,18-24
U03831,RO,Android,returning,2023-12-16,55+
U03832,RO,Android,returning,2023-04-29,45-54
U03833,DE,Android,new,2023-10-27,18-24
U03834,DE,Android,returning,2023-12-17,45-54
U03835,SK,iOS,returning,2023-12-16,45-54
U03836,DE,iOS,returning,2023-06-02,25-34
U03837,CZ,Android,new,2023-10-26,18-24
U03838,DE,iOS,returning,2023-05-15,35-44
U03839,PL,Android,new,2023-02-04,18-24
U03840,RO,Android,new,2023-04-14,18-24
U03841,PL,iOS,returning,2023-07-07,45-54
U03842,PL,iOS,returning,2023-07-21,45-54
U03843,CZ,iOS,new,2023-04-30,55+
U03844,DE,Android,returning,2023-07-21,35-44
U03845,CZ,Android,new,2023-06-03,25-34
U03846,DE,iOS,returning,2023-12-17,55+
U03847,DE,Android,returning,2023-08-02,25-34
U03848,DE,iOS,new,2023-08-21,45-54
U03849,DE,iOS,new,2023-03-02,45-54
U03850,DE,iOS,new,2023-12-07,55+
U03851,DE,iOS,new,2023-12-23,55+
U03852,PL,iOS,returning,2023-09-20,45-54
U03853,RO,iOS,returning,2023-11-01,45-54
U03854,PL,iOS,returning,2023-03-17,18-24
U03855,PL,iOS,new,2023-12-03,25-34
U03856,DE,Android,new,2023-10-14,35-44
U03857,RO,Android,new,2023-08-24,18-24
U03858,PL,Android,new,2023-07-06,25-34
U03859,SK,Android,new,2023-01-18,35-44
U03860,PL,Android,new,2023-12-09,35-44
U03861,SK,iOS,new,2023-07-09,55+
U03862,DE,Android,returning,2023-12-12,55+
U03863,SK,iOS,new,2023-12-31,35-44
U03864,DE,Android,new,2023-04-13,45-54
U03865,DE,iOS,returning,2023-05-19,55+
U03866,RO,Android,new,2023-07-15,35-44
U03867,DE,Android,new,2023-03-06,55+
U03868,RO,Android,returning,2023-12-24,55+
U03869,PL,iOS,new,2023-06-06,45-54
U03870,DE,iOS,new,2023-11-02,45-54
U03871,DE,Android,new,2023-07-23,25-34
U03872,PL,iOS,new,2023-01-07,35-44
U03873,RO,Android,new,2023-10-29,35-44
U03874,RO,iOS,returning,2023-01-27,55+
U03875,DE,iOS,returning,2023-04-11,18-24
U03876,CZ,iOS,new,2023-06-04,18-24
U03877,PL,Android,returning,2023-08-20,25-34
U03878,RO,iOS,new,2023-02-23,55+
U03879,CZ,Android,returning,2023-11-27,35-44
U03880,DE,Android,new,2023-03-27,55+
U03881,DE,iOS,new,2023-08-17,25-34
U03882,DE,iOS,new,2023-04-18,25-34
U03883,SK,Android,returning,2023-08-10,35-44
U03884,CZ,iOS,new,2023-12-15,45-54
U03885,PL,Android,returning,2023-04-10,18-24
U03886,PL,iOS,returning,2023-12-21,25-34
U03887,RO,Android,new,2023-04-24,45-54
U03888,CZ,Android,new,2023-07-24,18-24
U03889,DE,Android,returning,2023-02-27,35-44
U03890,SK,iOS,new,2023-03-20,35-44
U03891,PL,iOS,new,2023-06-16,18-24
U03892,PL,iOS,returning,2023-03-19,18-24
U03893,DE,Android,returning,2023-06-08,25-34
U03894,PL,iOS,new,2023-03-03,55+
U03895,CZ,iOS,new,2023-12-21,45-54
U03896,SK,iOS,returning,2023-09-28,25-34
U03897,DE,Android,returning,2023-01-18,35-44
U03898,DE,iOS,new,2023-12-30,18-24
U03899,PL,Android,returning,2023-11-04,45-54
U03900,DE,iOS,returning,2023-05-07,35-44
U03901,CZ,iOS,new,2023-12-04,25-34
U03902,CZ,iOS,new,2023-11-24,55+
U03903,SK,iOS,new,2023-04-08,35-44
U03904,SK,iOS,returning,2023-07-06,25-34
U03905,DE,Android,new,2023-07-01,55+
U03906,RO,Android,new,2023-06-29,18-24
U03907,RO,Android,new,2023-10-10,55+
U03908,CZ,Android,returning,2023-09-12,25-34
U03909,DE,Android,returning,2023-04-13,25-34
U03910,DE,iOS,returning,2023-07-22,55+
U03911,SK,Android,returning,2023-04-24,25-34
U03912,DE,iOS,returning,2023-12-28,45-54
U03913,CZ,Android,new,2023-12-29,45-54
U03914,DE,Android,new,2023-09-02,25-34
U03915,RO,iOS,returning,2023-04-18,25-34
U03916,RO,iOS,returning,2023-03-14,18-24
U03917,DE,iOS,new,2023-11-08,55+
U03918,CZ,iOS,returning,2023-03-20,25-34
U03919,CZ,Android,new,2023-04-02,25-34
U03920,RO,Android,new,2023-11-13,18-24
U03921,DE,iOS,returning,2023-07-19,45-54
U03922,DE,iOS,returning,2023-05-06,35-44
U03923,CZ,Android,new,2023-07-23,25-34
U03924,PL,Android,returning,2023-01-04,35-44
U03925,CZ,Android,new,2023-03-04,18-24
U03926,CZ,Android,returning,2023-04-23,55+
U03927,CZ,Android,returning,2023-05-27,45-54
U03928,DE,Android,returning,2023-12-03,45-54
U03929,DE,Android,new,2023-01-24,25-34
U03930,CZ,Android,new,2023-11-17,35-44
U03931,DE,iOS,returning,2023-02-06,35-44
U03932,DE,Android,returning,2023-08-08,55+
U03933,PL,Android,new,2023-07-12,55+
U03934,DE,Android,returning,2023-09-12,18-24
U03935,DE,Android,returning,2023-03-12,18-24
U03936,PL,iOS,new,2023-02-06,18-24
U03937,DE,iOS,returning,2023-03-18,45-54
U03938,PL,Android,returning,2023-11-14,45-54
U03939,PL,Android,new,2023-01-19,25-34
U03940,PL,Android,new,2023-08-07,55+
U03941,DE,iOS,returning,2023-04-05,18-24
U03942,RO,iOS,returning,2023-08-24,55+
U03943,PL,Android,new,2023-11-15,25-34
U03944,CZ,iOS,returning,2023-11-20,35-44
U03945,DE,Android,returning,2023-04-14,35-44
U03946,DE,iOS,returning,2023-06-08,55+
U03947,DE,Android,new,2023-11-23,25-34
U03948,PL,Android,new,2023-03-03,35-44
U03949,SK,Android,new,2023-09-06,45-54
U03950,PL,iOS,new,2023-05-26,45-54
U03951,PL,Android,returning,2023-10-15,45-54
U03952,PL,Android,returning,2023-09-12,35-44
U03953,PL,Android,returning,2023-02-15,45-54
U03954,RO,Android,new,2023-12-20,18-24
U03955,DE,Android,new,2023-07-28,25-34
U03956,PL,Android,new,2023-01-20,45-54
U03957,DE,Android,new,2023-11-12,55+
U03958,DE,Android,new,2023-11-29,35-44
U03959,DE,Android,returning,2023-04-16,18-24
U03960,DE,Android,returning,2023-04-02,45-54
U03961,CZ,Android,new,2023-07-31,18-24
U03962,PL,iOS,returning,2023-06-10,55+
U03963,CZ,iOS,new,2023-10-19,35-44
U03964,CZ,Android,returning,2023-07-31,35-44
U03965,CZ,Android,new,2023-05-30,18-24
U03966,PL,Android,returning,2023-06-06,55+
U03967,CZ,Android,returning,2023-05-06,35-44
U03968,PL,Android,returning,2023-05-22,35-44
U03969,DE,Android,returning,2023-07-29,55+
U03970,DE,Android,new,2023-03-29,45-54
U03971,PL,Android,returning,2023-03-07,55+
U03972,SK,iOS,returning,2023-12-09,55+
U03973,DE,Android,returning,2023-05-19,55+
U03974,DE,iOS,new,2023-08-17,45-54
U03975,PL,Android,returning,2023-01-23,35-44
U03976,DE,iOS,new,2023-04-09,35-44
U03977,SK,Android,returning,2023-08-30,18-24
U03978,DE,Android,returning,2023-05-06,35-44
U03979,RO,Android,returning,2023-07-15,55+
U03980,SK,Android,returning,2023-01-28,35-44
U03981,DE,Android,returning,2023-02-24,45-54
U03982,SK,iOS,returning,2023-06-20,55+
U03983,DE,Android,returning,2023-07-20,45-54
U03984,PL,Android,returning,2023-01-02,55+
U03985,DE,Android,returning,2023-11-09,55+
U03986,DE,iOS,new,2023-06-02,25-34
U03987,DE,iOS,returning,2023-02-13,18-24
U03988,DE,Android,returning,2023-04-15,25-34
U03989,CZ,Android,new,2023-12-10,35-44
U03990,DE,Android,new,2023-08-23,18-24
U03991,DE,iOS,returning,2023-01-10,45-54
U03992,CZ,iOS,returning,2023-09-16,55+
U03993,DE,iOS,returning,2023-01-15,35-44
U03994,CZ,Android,returning,2023-12-30,45-54
U03995,RO,Android,returning,2023-10-26,18-24
U03996,CZ,Android,returning,2023-11-28,18-24
U03997,DE,iOS,new,2023-08-27,35-44
U03998,DE,Android,returning,2023-01-30,35-44
U03999,DE,iOS,returning,2023-01-25,35-44
U04000,DE,Android,returning,2023-08-05,25-34
U04001,DE,Android,new,2023-04-12,25-34
U04002,DE,Android,new,2023-01-05,18-24
U04003,DE,Android,new,2023-04-21,25-34
U04004,PL,Android,returning,2023-05-10,18-24
U04005,RO,iOS,new,2023-12-10,18-24
U04006,SK,Android,returning,2023-08-13,55+
U04007,CZ,Android,returning,2023-06-27,18-24
U04008,DE,Android,new,2023-03-30,25-34
U04009,CZ,Android,new,2023-04-29,45-54
U04010,DE,Android,returning,2023-03-29,25-34
U04011,DE,Android,new,2023-01-24,55+
U04012,DE,iOS,returning,2023-01-09,25-34
U04013,DE,Android,new,2023-05-30,45-54
U04014,CZ,Android,returning,2023-05-13,18-24
U04015,PL,iOS,new,2023-09-01,35-44
U04016,DE,iOS,returning,2023-07-31,25-34
U04017,DE,Android,returning,2023-05-16,55+
U04018,DE,iOS,returning,2023-08-14,35-44
U04019,SK,Android,new,2023-09-16,55+
U04020,SK,Android,returning,2023-01-21,45-54
U04021,CZ,Android,new,2023-07-21,55+
U04022,RO,Android,returning,2023-03-17,45-54
U04023,CZ,Android,new,2023-10-21,25-34
U04024,DE,Android,returning,2023-02-13,55+
U04025,DE,Android,returning,2023-01-22,45-54
U04026,DE,iOS,returning,2023-11-11,18-24
U04027,SK,iOS,returning,2023-08-21,18-24
U04028,RO,Android,new,2023-11-19,55+
U04029,PL,iOS,new,2023-11-14,35-44
U04030,PL,Android,new,2023-02-26,45-54
U04031,CZ,Android,returning,2023-07-18,25-34
U04032,DE,iOS,new,2023-03-25,18-24
U04033,DE,iOS,returning,2023-07-12,35-44
U04034,SK,Android,returning,2023-10-30,25-34
U04035,CZ,iOS,new,2023-01-01,35-44
U04036,DE,iOS,returning,2023-05-31,35-44
U04037,SK,Android,returning,2023-09-15,35-44
U04038,DE,Android,new,2023-01-07,35-44
U04039,CZ,iOS,returning,2023-11-11,18-24
U04040,CZ,Android,returning,2023-11-10,45-54
U04041,DE,iOS,new,2023-09-12,45-54
U04042,CZ,Android,returning,2023-11-21,35-44
U04043,DE,Android,returning,2023-08-01,45-54
U04044,CZ,Android,new,2023-06-13,25-34
U04045,PL,iOS,new,2023-01-09,18-24
U04046,SK,Android,returning,2023-03-14,55+
U04047,DE,Android,new,2023-03-22,45-54
U04048,DE,Android,new,2023-04-22,55+
U04049,DE,Android,returning,2023-07-25,25-34
U04050,PL,iOS,returning,2023-11-27,25-34
U04051,PL,Android,returning,2023-01-22,55+
U04052,DE,iOS,new,2023-09-21,25-34
U04053,CZ,Android,returning,2023-04-15,18-24
U04054,DE,Android,returning,2023-01-23,25-34
U04055,SK,Android,returning,2023-02-02,18-24
U04056,CZ,Android,new,2023-03-30,18-24
U04057,DE,Android,new,2023-12-31,45-54
U04058,PL,Android,returning,2023-10-02,18-24
U04059,DE,Android,returning,2023-10-26,18-24
U04060,DE,Android,new,2023-07-19,18-24
U04061,CZ,Android,returning,2023-01-22,45-54
U04062,PL,Android,returning,2023-08-15,55+
U04063,CZ,iOS,returning,2023-06-17,35-44
U04064,CZ,iOS,new,2023-07-24,45-54
U04065,DE,iOS,new,2023-03-08,25-34
U04066,SK,Android,new,2023-08-12,18-24
U04067,CZ,Android,new,2023-06-06,35-44
U04068,DE,iOS,new,2023-09-30,45-54
U04069,RO,Android,returning,2023-09-19,18-24
U04070,PL,iOS,new,2023-02-16,45-54
U04071,PL,iOS,new,2023-10-29,55+
U04072,CZ,Android,new,2023-02-19,55+
U04073,DE,iOS,new,2023-01-11,18-24
U04074,CZ,iOS,new,2023-12-19,35-44
U04075,CZ,Android,new,2023-04-11,45-54
U04076,SK,Android,returning,2023-04-07,35-44
U04077,DE,iOS,returning,2023-04-02,55+
U04078,DE,Android,returning,2023-12-30,45-54
U04079,DE,iOS,returning,2023-11-12,18-24
U04080,PL,Android,new,2023-01-31,45-54
U04081,RO,iOS,new,2023-08-12,55+
U04082,SK,Android,returning,2023-04-16,25-34
U04083,SK,Android,returning,2023-04-20,55+
U04084,PL,iOS,returning,2023-06-22,45-54
U04085,DE,Android,new,2023-04-01,35-44
U04086,DE,Android,new,2023-02-25,55+
U04087,DE,Android,returning,2023-03-22,18-24
U04088,PL,Android,returning,2023-12-11,35-44
U04089,PL,iOS,returning,2023-04-06,55+
U04090,DE,iOS,returning,2023-09-02,18-24
U04091,RO,Android,new,2023-07-27,18-24
U04092,CZ,iOS,returning,2023-08-05,25-34
U04093,PL,iOS,returning,2023-01-04,35-44
U04094,CZ,iOS,returning,2023-05-07,45-54
U04095,DE,iOS,returning,2023-07-29,35-44
U04096,PL,iOS,returning,2023-10-31,55+
U04097,DE,iOS,new,2023-12-21,18-24
U04098,CZ,Android,returning,2023-03-19,45-54
U04099,DE,Android,returning,2023-10-01,55+
U04100,DE,Android,new,2023-02-18,55+
U04101,PL,iOS,new,2023-10-31,25-34
U04102,DE,Android,returning,2023-11-05,45-54
U04103,SK,Android,returning,2023-06-02,45-54
U04104,PL,Android,returning,2023-05-18,45-54
U04105,RO,Android,returning,2023-10-30,55+
U04106,DE,Android,new,2023-11-13,55+
U04107,DE,iOS,new,2023-08-23,35-44
U04108,PL,Android,new,2023-12-18,18-24
U04109,DE,iOS,returning,2023-09-18,35-44
U04110,PL,Android,returning,2023-02-27,55+
U04111,DE,Android,returning,2023-11-19,55+
U04112,RO,Android,returning,2023-02-24,18-24
U04113,DE,Android,returning,2023-05-16,55+
U04114,SK,Android,new,2023-07-21,18-24
U04115,DE,iOS,new,2023-03-25,45-54
U04116,PL,iOS,new,2023-05-29,55+
U04117,DE,iOS,new,2023-04-02,18-24
U04118,DE,iOS,returning,2023-04-24,25-34
U04119,SK,Android,new,2023-12-07,55+
U04120,DE,Android,returning,2023-10-10,18-24
U04121,DE,iOS,new,2023-10-11,25-34
U04122,CZ,iOS,new,2023-08-17,25-34
U04123,CZ,iOS,returning,2023-01-24,45-54
U04124,PL,iOS,returning,2023-02-22,25-34
U04125,RO,iOS,new,2023-01-09,18-24
U04126,DE,Android,returning,2023-10-13,55+
U04127,SK,iOS,new,2023-12-07,55+
U04128,PL,Android,returning,2023-01-27,18-24
U04129,DE,Android,new,2023-12-01,18-24
U04130,DE,iOS,new,2023-01-16,18-24
U04131,DE,iOS,new,2023-01-25,35-44
U04132,PL,iOS,new,2023-03-09,35-44
U04133,DE,Android,returning,2023-12-07,45-54
U04134,DE,iOS,new,2023-07-11,25-34
U04135,DE,Android,returning,2023-03-01,45-54
U04136,DE,Android,new,2023-03-12,25-34
U04137,PL,Android,new,2023-03-05,35-44
U04138,CZ,Android,new,2023-08-14,45-54
U04139,PL,iOS,new,2023-06-05,55+
U04140,PL,Android,new,2023-04-25,25-34
U04141,DE,Android,returning,2023-10-01,25-34
U04142,DE,Android,new,2023-05-28,55+
U04143,DE,Android,new,2023-01-29,25-34
U04144,RO,Android,returning,2023-02-16,45-54
U04145,RO,iOS,returning,2023-05-02,45-54
U04146,DE,iOS,returning,2023-09-11,55+
U04147,PL,Android,returning,2023-05-07,35-44
U04148,DE,Android,returning,2023-10-11,25-34
U04149,SK,Android,returning,2023-12-15,18-24
U04150,DE,Android,returning,2023-07-27,55+
U04151,PL,Android,returning,2023-02-13,55+
U04152,DE,Android,new,2023-11-23,45-54
U04153,DE,Android,returning,2023-08-21,25-34
U04154,CZ,Android,returning,2023-07-02,35-44
U04155,SK,iOS,new,2023-02-27,55+
U04156,CZ,iOS,returning,2023-06-03,35-44
U04157,SK,iOS,new,2023-05-29,25-34
U04158,PL,Android,new,2023-09-08,55+
U04159,PL,iOS,new,2023-04-22,25-34
U04160,SK,Android,returning,2023-05-03,25-34
U04161,RO,Android,returning,2023-08-07,25-34
U04162,DE,iOS,returning,2023-10-13,45-54
U04163,DE,iOS,new,2023-04-11,35-44
U04164,DE,Android,new,2023-12-17,35-44
U04165,DE,iOS,returning,2023-07-29,25-34
U04166,SK,iOS,new,2023-09-05,55+
U04167,SK,Android,returning,2023-10-17,25-34
U04168,DE,Android,new,2023-05-30,45-54
U04169,CZ,iOS,returning,2023-08-15,45-54
U04170,RO,iOS,new,2023-10-29,45-54
U04171,PL,Android,returning,2023-03-11,45-54
U04172,RO,Android,returning,2023-05-15,55+
U04173,CZ,iOS,new,2023-10-27,55+
U04174,PL,Android,returning,2023-11-01,55+
U04175,SK,iOS,new,2023-04-30,18-24
U04176,DE,Android,returning,2023-12-27,35-44
U04177,DE,Android,new,2023-05-28,55+
U04178,DE,iOS,returning,2023-09-22,55+
U04179,PL,Android,returning,2023-08-23,35-44
U04180,DE,iOS,new,2023-09-09,55+
U04181,RO,iOS,returning,2023-03-06,18-24
U04182,DE,Android,returning,2023-04-02,55+
U04183,CZ,iOS,returning,2023-11-08,18-24
U04184,DE,Android,returning,2023-03-12,45-54
U04185,PL,iOS,returning,2023-02-11,55+
U04186,RO,Android,new,2023-06-03,18-24
U04187,CZ,Android,returning,2023-05-17,25-34
U04188,RO,iOS,new,2023-09-25,25-34
U04189,PL,Android,returning,2023-04-22,45-54
U04190,DE,Android,new,2023-10-02,45-54
U04191,DE,iOS,new,2023-10-03,18-24
U04192,CZ,iOS,returning,2023-01-12,55+
U04193,SK,iOS,new,2023-11-19,55+
U04194,DE,Android,returning,2023-01-25,45-54
U04195,DE,iOS,new,2023-10-27,35-44
U04196,PL,Android,returning,2023-09-16,18-24
U04197,DE,Android,new,2023-12-09,18-24
U04198,PL,iOS,new,2023-03-04,25-34
U04199,DE,Android,returning,2023-09-30,25-34
U04200,SK,Android,new,2023-11-27,45-54
U04201,PL,iOS,new,2023-01-22,55+
U04202,SK,iOS,new,2023-02-21,35-44
U04203,SK,Android,returning,2023-02-01,25-34
U04204,DE,Android,returning,2023-07-25,55+
U04205,DE,iOS,new,2023-09-12,45-54
U04206,DE,Android,returning,2023-02-10,45-54
U04207,DE,Android,returning,2023-10-18,18-24
U04208,DE,Android,new,2023-12-27,45-54
U04209,DE,iOS,returning,2023-02-16,25-34
U04210,CZ,iOS,returning,2023-02-14,25-34
U04211,PL,Android,new,2023-10-27,18-24
U04212,DE,Android,returning,2023-02-21,55+
U04213,CZ,iOS,returning,2023-01-22,45-54
U04214,DE,Android,new,2023-09-06,55+
U04215,RO,iOS,new,2023-08-04,35-44
U04216,DE,Android,new,2023-05-08,35-44
U04217,DE,iOS,new,2023-05-12,18-24
U04218,PL,iOS,returning,2023-02-23,35-44
U04219,SK,Android,returning,2023-11-21,35-44
U04220,SK,Android,new,2023-07-29,18-24
U04221,DE,Android,new,2023-01-20,45-54
U04222,DE,Android,new,2023-04-20,45-54
U04223,RO,Android,new,2023-03-10,35-44
U04224,DE,Android,returning,2023-12-13,25-34
U04225,DE,Android,new,2023-10-31,45-54
U04226,CZ,Android,new,2023-10-22,55+
U04227,RO,iOS,returning,2023-11-17,25-34
U04228,PL,iOS,returning,2023-09-16,55+
U04229,CZ,iOS,returning,2023-08-21,35-44
U04230,SK,Android,returning,2023-02-27,35-44
U04231,CZ,Android,returning,2023-10-03,18-24
U04232,DE,Android,returning,2023-08-21,45-54
U04233,RO,iOS,returning,2023-10-11,45-54
U04234,CZ,iOS,new,2023-05-19,35-44
U04235,PL,iOS,returning,2023-04-17,55+
U04236,DE,Android,returning,2023-09-10,35-44
U04237,DE,Android,new,2023-09-20,45-54
U04238,DE,Android,new,2023-08-19,18-24
U04239,DE,iOS,returning,2023-11-06,35-44
U04240,PL,iOS,new,2023-04-09,18-24
U04241,PL,Android,new,2023-04-06,25-34
U04242,RO,Android,returning,2023-01-21,25-34
U04243,PL,iOS,new,2023-02-13,45-54
U04244,DE,iOS,new,2023-03-10,18-24
U04245,CZ,iOS,returning,2023-12-29,35-44
U04246,PL,Android,new,2023-02-21,25-34
U04247,PL,Android,returning,2023-10-10,55+
U04248,DE,iOS,new,2023-06-08,35-44
U04249,RO,Android,returning,2023-10-06,55+
U04250,DE,Android,new,2023-09-01,55+
U04251,DE,Android,new,2023-07-28,45-54
U04252,CZ,Android,new,2023-06-02,25-34
U04253,PL,Android,returning,2023-03-30,18-24
U04254,DE,Android,new,2023-01-19,45-54
U04255,DE,Android,returning,2023-04-21,45-54
U04256,CZ,Android,returning,2023-12-22,18-24
U04257,PL,iOS,new,2023-01-17,45-54
U04258,DE,Android,new,2023-03-11,55+
U04259,DE,Android,returning,2023-10-26,35-44
U04260,DE,Android,new,2023-01-16,55+
U04261,DE,Android,returning,2023-01-07,18-24
U04262,CZ,Android,returning,2023-04-08,25-34
U04263,DE,Android,new,2023-02-17,18-24
U04264,PL,Android,new,2023-09-18,25-34
U04265,DE,iOS,new,2023-04-06,35-44
U04266,CZ,iOS,new,2023-07-28,25-34
U04267,SK,iOS,returning,2023-10-08,18-24
U04268,DE,Android,new,2023-08-21,25-34
U04269,CZ,Android,returning,2023-04-26,25-34
U04270,DE,Android,new,2023-04-05,25-34
U04271,DE,iOS,new,2023-06-25,18-24
U04272,RO,iOS,returning,2023-03-14,18-24
U04273,DE,iOS,new,2023-10-26,45-54
U04274,DE,Android,returning,2023-04-03,45-54
U04275,PL,Android,new,2023-11-25,25-34
U04276,PL,iOS,returning,2023-08-29,35-44
U04277,DE,iOS,new,2023-10-13,35-44
U04278,DE,Android,new,2023-12-21,18-24
U04279,DE,Android,new,2023-03-09,55+
U04280,RO,Android,returning,2023-10-25,55+
U04281,RO,iOS,returning,2023-07-27,55+
U04282,DE,Android,returning,2023-07-31,55+
U04283,PL,Android,new,2023-12-12,18-24
U04284,PL,Android,returning,2023-01-05,18-24
U04285,CZ,Android,returning,2023-09-19,18-24
U04286,DE,Android,new,2023-10-17,55+
U04287,DE,Android,new,2023-03-08,55+
U04288,RO,iOS,returning,2023-09-28,25-34
U04289,PL,iOS,new,2023-07-21,25-34
U04290,RO,Android,new,2023-06-16,45-54
U04291,PL,iOS,returning,2023-05-19,18-24
U04292,PL,Android,new,2023-04-25,45-54
U04293,DE,iOS,new,2023-04-06,25-34
U04294,CZ,Android,returning,2023-04-13,25-34
U04295,DE,Android,returning,2023-01-08,25-34
U04296,DE,Android,returning,2023-01-02,25-34
U04297,CZ,iOS,returning,2023-05-30,55+
U04298,PL,Android,returning,2023-02-26,55+
U04299,DE,Android,returning,2023-02-16,18-24
U04300,RO,iOS,new,2023-10-24,25-34
U04301,DE,Android,returning,2023-05-01,55+
U04302,PL,iOS,returning,2023-12-11,55+
U04303,DE,Android,returning,2023-01-23,35-44
U04304,RO,iOS,returning,2023-10-06,55+
U04305,PL,Android,new,2023-08-06,18-24
U04306,RO,iOS,returning,2023-01-12,55+
U04307,CZ,Android,new,2023-05-22,18-24
U04308,RO,Android,new,2023-05-06,18-24
U04309,DE,iOS,returning,2023-06-12,35-44
U04310,PL,iOS,returning,2023-06-18,35-44
U04311,RO,Android,new,2023-03-18,18-24
U04312,DE,Android,new,2023-02-05,45-54
U04313,DE,Android,returning,2023-07-30,55+
U04314,DE,Android,returning,2023-11-02,45-54
U04315,PL,iOS,new,2023-08-10,55+
U04316,DE,iOS,new,2023-03-12,25-34
U04317,CZ,iOS,returning,2023-12-28,25-34
U04318,CZ,Android,returning,2023-03-12,35-44
U04319,DE,iOS,new,2023-01-01,55+
U04320,PL,Android,new,2023-06-27,35-44
U04321,PL,iOS,new,2023-03-11,25-34
U04322,DE,iOS,new,2023-07-30,45-54
U04323,DE,Android,returning,2023-01-09,55+
U04324,PL,Android,returning,2023-03-13,45-54
U04325,PL,iOS,returning,2023-02-05,35-44
U04326,DE,iOS,returning,2023-10-17,18-24
U04327,DE,iOS,new,2023-01-17,35-44
U04328,PL,Android,new,2023-08-07,25-34
U04329,DE,Android,new,2023-09-25,25-34
U04330,RO,Android,returning,2023-04-13,45-54
U04331,DE,Android,returning,2023-02-05,35-44
U04332,CZ,Android,returning,2023-09-30,45-54
U04333,DE,iOS,returning,2023-06-16,35-44
U04334,DE,Android,returning,2023-06-09,25-34
U04335,RO,Android,new,2023-03-15,35-44
U04336,SK,Android,returning,2023-07-16,35-44
U04337,DE,Android,returning,2023-05-02,25-34
U04338,PL,Android,new,2023-06-08,55+
U04339,DE,iOS,returning,2023-08-04,25-34
U04340,CZ,iOS,new,2023-06-12,45-54
U04341,RO,Android,returning,2023-12-09,55+
U04342,SK,iOS,new,2023-07-20,35-44
U04343,CZ,iOS,returning,2023-12-24,35-44
U04344,RO,iOS,new,2023-02-09,45-54
U04345,PL,iOS,new,2023-10-07,55+
U04346,PL,iOS,returning,2023-05-31,55+
U04347,PL,Android,new,2023-01-31,18-24
U04348,DE,Android,returning,2023-09-19,25-34
U04349,DE,iOS,returning,2023-03-06,35-44
U04350,DE,Android,returning,2023-01-28,45-54
U04351,DE,Android,new,2023-10-08,45-54
U04352,PL,iOS,new,2023-05-10,35-44
U04353,CZ,Android,new,2023-10-22,35-44
U04354,PL,Android,new,2023-05-25,55+
U04355,CZ,Android,new,2023-09-10,25-34
U04356,DE,iOS,new,2023-08-26,35-44
U04357,DE,Android,new,2023-04-26,55+
U04358,CZ,Android,new,2023-04-02,45-54
U04359,DE,Android,new,2023-10-02,18-24
U04360,SK,iOS,returning,2023-06-27,25-34
U04361,DE,iOS,new,2023-02-16,35-44
U04362,SK,Android,returning,2023-02-12,18-24
U04363,PL,Android,returning,2023-12-29,55+
U04364,DE,iOS,returning,2023-08-06,18-24
U04365,SK,Android,returning,2023-11-25,25-34
U04366,DE,iOS,new,2023-03-25,45-54
U04367,SK,iOS,returning,2023-10-09,18-24
U04368,DE,Android,returning,2023-02-11,25-34
U04369,RO,Android,new,2023-06-02,18-24
U04370,PL,Android,returning,2023-12-20,55+
U04371,DE,iOS,returning,2023-08-01,45-54
U04372,CZ,iOS,returning,2023-03-21,55+
U04373,CZ,Android,returning,2023-01-27,35-44
U04374,PL,Android,returning,2023-11-22,18-24
U04375,DE,Android,new,2023-11-18,25-34
U04376,PL,iOS,new,2023-06-22,25-34
U04377,PL,iOS,new,2023-10-13,18-24
U04378,DE,Android,returning,2023-08-30,25-34
U04379,DE,Android,new,2023-08-28,55+
U04380,PL,iOS,returning,2023-12-20,25-34
U04381,SK,iOS,returning,2023-03-08,55+
U04382,RO,Android,returning,2023-11-21,18-24
U04383,DE,Android,new,2023-10-02,45-54
U04384,PL,Android,returning,2023-08-03,25-34
U04385,PL,iOS,returning,2023-05-27,35-44
U04386,PL,iOS,new,2023-06-30,25-34
U04387,DE,iOS,new,2023-11-30,25-34
U04388,SK,iOS,new,2023-04-20,18-24
U04389,PL,iOS,new,2023-07-20,45-54
U04390,DE,Android,new,2023-10-10,45-54
U04391,DE,Android,returning,2023-01-11,18-24
U04392,PL,Android,returning,2023-08-12,35-44
U04393,CZ,iOS,new,2023-12-23,35-44
U04394,CZ,iOS,returning,2023-01-29,25-34
U04395,DE,Android,new,2023-07-18,25-34
U04396,DE,iOS,returning,2023-07-06,55+
U04397,SK,Android,returning,2023-05-13,18-24
U04398,PL,Android,new,2023-11-14,55+
U04399,PL,Android,new,2023-05-30,18-24
U04400,PL,iOS,returning,2023-08-06,35-44
U04401,DE,Android,returning,2023-04-28,45-54
U04402,CZ,iOS,returning,2023-09-01,45-54
U04403,DE,iOS,new,2023-12-24,55+
U04404,DE,Android,new,2023-06-18,35-44
U04405,SK,iOS,new,2023-01-09,45-54
U04406,DE,iOS,returning,2023-08-04,55+
U04407,SK,Android,returning,2023-08-06,55+
U04408,DE,iOS,returning,2023-06-22,25-34
U04409,CZ,iOS,returning,2023-10-07,35-44
U04410,DE,Android,returning,2023-02-20,45-54
U04411,DE,Android,new,2023-09-17,18-24
U04412,SK,Android,new,2023-12-10,45-54
U04413,DE,iOS,new,2023-01-10,35-44
U04414,PL,Android,new,2023-05-24,35-44
U04415,PL,Android,new,2023-02-03,55+
U04416,DE,Android,new,2023-08-26,45-54
U04417,RO,iOS,returning,2023-09-30,18-24
U04418,DE,Android,returning,2023-04-21,55+
U04419,CZ,iOS,new,2023-01-09,18-24
U04420,PL,Android,returning,2023-06-04,25-34
U04421,DE,Android,new,2023-07-16,45-54
U04422,PL,iOS,returning,2023-12-17,25-34
U04423,PL,Android,new,2023-10-12,45-54
U04424,DE,Android,returning,2023-08-08,45-54
U04425,DE,Android,new,2023-12-16,25-34
U04426,DE,Android,returning,2023-06-23,45-54
U04427,CZ,Android,new,2023-08-02,55+
U04428,CZ,iOS,returning,2023-08-09,45-54
U04429,CZ,iOS,returning,2023-12-10,55+
U04430,PL,Android,new,2023-07-21,35-44
U04431,CZ,Android,new,2023-07-09,18-24
U04432,PL,iOS,returning,2023-12-18,45-54
U04433,PL,iOS,returning,2023-04-13,35-44
U04434,SK,Android,new,2023-11-02,18-24
U04435,DE,iOS,new,2023-06-10,45-54
U04436,CZ,Android,returning,2023-01-30,45-54
U04437,DE,Android,new,2023-12-30,18-24
U04438,CZ,Android,returning,2023-10-28,55+
U04439,DE,Android,new,2023-05-13,45-54
U04440,PL,Android,new,2023-03-08,25-34
U04441,RO,Android,new,2023-03-31,18-24
U04442,SK,iOS,returning,2023-08-26,55+
U04443,RO,Android,new,2023-03-03,35-44
U04444,PL,Android,new,2023-03-22,35-44
U04445,PL,Android,new,2023-10-10,25-34
U04446,SK,iOS,new,2023-02-23,55+
U04447,DE,iOS,returning,2023-04-02,55+
U04448,DE,iOS,returning,2023-10-09,25-34
U04449,DE,Android,new,2023-12-14,45-54
U04450,DE,Android,returning,2023-10-07,18-24
U04451,SK,Android,returning,2023-04-21,45-54
U04452,SK,iOS,returning,2023-01-21,35-44
U04453,DE,Android,returning,2023-10-26,25-34
U04454,RO,Android,new,2023-05-10,18-24
U04455,DE,Android,new,2023-08-14,25-34
U04456,DE,Android,returning,2023-10-12,45-54
U04457,DE,Android,new,2023-06-16,55+
U04458,DE,iOS,new,2023-10-09,55+
U04459,DE,iOS,returning,2023-04-26,45-54
U04460,PL,Android,returning,2023-04-03,18-24
U04461,DE,iOS,new,2023-07-18,55+
U04462,DE,iOS,returning,2023-08-08,45-54
U04463,PL,iOS,returning,2023-07-22,25-34
U04464,PL,Android,new,2023-10-11,45-54
U04465,PL,iOS,new,2023-05-16,45-54
U04466,PL,Android,new,2023-01-01,18-24
U04467,CZ,iOS,returning,2023-08-03,18-24
U04468,DE,Android,returning,2023-03-28,18-24
U04469,RO,iOS,returning,2023-10-17,25-34
U04470,CZ,iOS,returning,2023-04-06,35-44
U04471,PL,Android,returning,2023-05-02,18-24
U04472,DE,iOS,new,2023-10-27,25-34
U04473,DE,Android,new,2023-05-07,35-44
U04474,DE,iOS,returning,2023-02-04,35-44
U04475,SK,Android,returning,2023-06-26,25-34
U04476,DE,iOS,returning,2023-06-22,18-24
U04477,SK,Android,returning,2023-04-26,55+
U04478,CZ,Android,new,2023-05-26,25-34
U04479,SK,Android,new,2023-04-09,25-34
U04480,PL,Android,returning,2023-10-31,35-44
U04481,CZ,Android,returning,2023-10-16,18-24
U04482,SK,iOS,returning,2023-03-06,18-24
U04483,SK,Android,returning,2023-03-24,55+
U04484,DE,iOS,returning,2023-07-21,25-34
U04485,DE,Android,returning,2023-01-29,25-34
U04486,PL,Android,new,2023-02-08,25-34
U04487,RO,Android,returning,2023-02-03,35-44
U04488,DE,Android,new,2023-11-25,55+
U04489,PL,Android,new,2023-02-20,25-34
U04490,PL,Android,new,2023-02-21,45-54
U04491,PL,Android,returning,2023-05-21,45-54
U04492,DE,iOS,new,2023-05-09,18-24
U04493,PL,Android,returning,2023-11-14,18-24
U04494,PL,Android,returning,2023-01-03,55+
U04495,DE,Android,new,2023-05-18,25-34
U04496,DE,Android,new,2023-12-28,35-44
U04497,DE,Android,new,2023-07-01,25-34
U04498,PL,Android,new,2023-02-21,18-24
U04499,SK,Android,returning,2023-09-22,25-34
U04500,PL,iOS,new,2023-05-14,35-44
U04501,DE,Android,returning,2023-03-09,35-44
U04502,CZ,Android,returning,2023-11-18,18-24
U04503,DE,iOS,new,2023-10-30,55+
U04504,PL,Android,returning,2023-09-05,55+
U04505,RO,iOS,returning,2023-04-12,55+
U04506,RO,Android,new,2023-10-29,55+
U04507,DE,Android,returning,2023-01-30,35-44
U04508,DE,iOS,new,2023-08-10,55+
U04509,CZ,Android,returning,2023-07-03,55+
U04510,RO,Android,new,2023-03-29,45-54
U04511,PL,Android,returning,2023-03-11,35-44
U04512,PL,iOS,returning,2023-07-23,35-44
U04513,RO,iOS,returning,2023-06-06,35-44
U04514,DE,Android,new,2023-07-11,25-34
U04515,DE,Android,returning,2023-03-30,55+
U04516,DE,iOS,returning,2023-04-04,45-54
U04517,CZ,iOS,new,2023-03-28,55+
U04518,DE,iOS,returning,2023-07-30,18-24
U04519,SK,Android,new,2023-02-16,35-44
U04520,DE,Android,returning,2023-02-14,18-24
U04521,CZ,Android,new,2023-11-07,45-54
U04522,DE,Android,new,2023-01-21,35-44
U04523,RO,Android,new,2023-01-27,18-24
U04524,SK,iOS,new,2023-09-02,25-34
U04525,DE,iOS,new,2023-11-11,25-34
U04526,DE,Android,returning,2023-05-06,25-34
U04527,DE,Android,new,2023-03-24,55+
U04528,DE,Android,new,2023-04-24,18-24
U04529,DE,Android,new,2023-09-28,45-54
U04530,PL,iOS,returning,2023-05-24,18-24
U04531,RO,iOS,new,2023-08-31,25-34
U04532,PL,iOS,new,2023-12-29,55+
U04533,DE,Android,new,2023-06-16,18-24
U04534,SK,iOS,returning,2023-08-16,18-24
U04535,RO,iOS,returning,2023-04-16,18-24
U04536,PL,iOS,new,2023-01-07,18-24
U04537,DE,iOS,returning,2023-08-11,45-54
U04538,DE,iOS,new,2023-06-28,25-34
U04539,DE,Android,returning,2023-08-24,55+
U04540,PL,Android,returning,2023-07-05,18-24
U04541,SK,Android,new,2023-08-05,35-44
U04542,PL,Android,new,2023-04-03,45-54
U04543,PL,iOS,new,2023-02-05,55+
U04544,DE,Android,returning,2023-08-14,55+
U04545,PL,Android,returning,2023-11-12,18-24
U04546,DE,Android,new,2023-03-28,35-44
U04547,CZ,Android,new,2023-02-09,45-54
U04548,CZ,Android,new,2023-06-21,35-44
U04549,PL,iOS,new,2023-08-18,35-44
U04550,DE,Android,returning,2023-10-02,25-34
U04551,PL,Android,returning,2023-08-03,25-34
U04552,PL,iOS,new,2023-04-12,18-24
U04553,PL,Android,returning,2023-01-02,35-44
U04554,CZ,Android,new,2023-09-04,35-44
U04555,DE,Android,new,2023-05-01,18-24
U04556,CZ,Android,new,2023-10-25,45-54
U04557,DE,iOS,returning,2023-01-26,18-24
U04558,DE,Android,returning,2023-05-31,35-44
U04559,DE,Android,returning,2023-05-22,18-24
U04560,CZ,iOS,returning,2023-10-05,35-44
U04561,DE,Android,returning,2023-08-01,45-54
U04562,PL,iOS,returning,2023-04-30,18-24
U04563,CZ,iOS,new,2023-07-08,35-44
U04564,CZ,Android,returning,2023-09-22,25-34
U04565,PL,iOS,returning,2023-08-20,18-24
U04566,CZ,Android,new,2023-01-06,45-54
U04567,SK,Android,new,2023-11-29,25-34
U04568,PL,iOS,new,2023-07-06,18-24
U04569,CZ,Android,returning,2023-04-27,55+
U04570,DE,Android,returning,2023-09-18,45-54
U04571,DE,iOS,returning,2023-12-07,18-24
U04572,RO,Android,new,2023-10-08,45-54
U04573,RO,iOS,returning,2023-09-01,55+
U04574,CZ,Android,returning,2023-01-09,45-54
U04575,DE,iOS,returning,2023-06-18,18-24
U04576,PL,Android,new,2023-07-18,35-44
U04577,SK,iOS,returning,2023-12-15,55+
U04578,RO,Android,returning,2023-09-04,35-44
U04579,SK,iOS,returning,2023-01-12,25-34
U04580,CZ,Android,returning,2023-03-02,55+
U04581,CZ,iOS,returning,2023-08-05,45-54
U04582,CZ,Android,new,2023-12-16,25-34
U04583,CZ,Android,new,2023-02-01,18-24
U04584,DE,iOS,returning,2023-08-31,55+
U04585,DE,iOS,returning,2023-11-12,25-34
U04586,DE,Android,returning,2023-09-09,25-34
U04587,PL,Android,returning,2023-04-30,18-24
U04588,PL,iOS,returning,2023-10-01,25-34
U04589,PL,Android,new,2023-07-27,55+
U04590,CZ,iOS,returning,2023-10-02,18-24
U04591,CZ,iOS,new,2023-12-12,55+
U04592,DE,Android,returning,2023-12-21,55+
U04593,PL,iOS,returning,2023-08-03,18-24
U04594,DE,Android,new,2023-11-12,35-44
U04595,RO,Android,returning,2023-05-13,35-44
U04596,PL,Android,returning,2023-04-29,25-34
U04597,CZ,iOS,returning,2023-01-28,18-24
U04598,CZ,Android,returning,2023-08-27,18-24
U04599,PL,iOS,new,2023-07-17,25-34
U04600,DE,iOS,returning,2023-12-14,18-24
U04601,DE,iOS,returning,2023-02-22,55+
U04602,DE,iOS,returning,2023-12-03,35-44
U04603,DE,Android,new,2023-01-01,45-54
U04604,RO,iOS,new,2023-01-28,35-44
U04605,PL,Android,new,2023-01-22,55+
U04606,PL,iOS,returning,2023-01-17,18-24
U04607,DE,Android,new,2023-08-21,45-54
U04608,DE,iOS,new,2023-10-09,35-44
U04609,DE,iOS,returning,2023-09-27,18-24
U04610,DE,Android,returning,2023-08-23,35-44
U04611,DE,iOS,returning,2023-10-17,18-24
U04612,PL,Android,returning,2023-02-08,18-24
U04613,SK,Android,new,2023-11-04,45-54
U04614,DE,Android,new,2023-07-27,25-34
U04615,DE,Android,new,2023-01-09,25-34
U04616,DE,iOS,new,2023-08-04,35-44
U04617,DE,Android,returning,2023-04-22,25-34
U04618,DE,iOS,returning,2023-11-25,45-54
U04619,DE,Android,returning,2023-01-04,25-34
U04620,DE,iOS,new,2023-06-02,55+
U04621,PL,iOS,new,2023-01-10,25-34
U04622,DE,Android,returning,2023-08-23,35-44
U04623,PL,iOS,returning,2023-10-19,18-24
U04624,PL,iOS,new,2023-05-08,25-34
U04625,DE,Android,returning,2023-05-31,35-44
U04626,DE,Android,returning,2023-01-22,35-44
U04627,CZ,iOS,returning,2023-09-14,35-44
U04628,CZ,iOS,returning,2023-05-23,35-44
U04629,PL,Android,returning,2023-09-19,55+
U04630,RO,Android,new,2023-08-20,45-54
U04631,DE,Android,new,2023-07-30,45-54
U04632,DE,iOS,returning,2023-01-20,55+
U04633,PL,Android,new,2023-09-28,55+
U04634,PL,Android,returning,2023-06-08,25-34
U04635,CZ,iOS,new,2023-03-11,55+
U04636,DE,iOS,returning,2023-07-18,25-34
U04637,DE,Android,returning,2023-01-06,55+
U04638,PL,Android,new,2023-10-26,55+
U04639,RO,iOS,returning,2023-10-30,25-34
U04640,RO,iOS,returning,2023-10-29,55+
U04641,DE,iOS,returning,2023-05-07,45-54
U04642,PL,iOS,returning,2023-10-12,25-34
U04643,RO,Android,new,2023-07-10,25-34
U04644,PL,Android,returning,2023-05-11,35-44
U04645,SK,Android,new,2023-11-08,55+
U04646,RO,Android,new,2023-04-08,25-34
U04647,DE,Android,new,2023-07-26,35-44
U04648,CZ,iOS,returning,2023-01-26,45-54
U04649,SK,iOS,returning,2023-03-17,35-44
U04650,CZ,iOS,returning,2023-11-30,55+
U04651,DE,Android,new,2023-02-06,55+
U04652,DE,iOS,returning,2023-09-11,45-54
U04653,DE,iOS,new,2023-03-09,35-44
U04654,DE,Android,returning,2023-12-10,25-34
U04655,RO,Android,returning,2023-06-01,25-34
U04656,PL,Android,returning,2023-01-29,18-24
U04657,RO,iOS,new,2023-10-19,18-24
U04658,RO,Android,returning,2023-11-15,25-34
U04659,RO,iOS,returning,2023-10-19,18-24
U04660,RO,Android,returning,2023-11-29,18-24
U04661,PL,Android,returning,2023-02-13,18-24
U04662,PL,Android,returning,2023-08-18,45-54
U04663,DE,Android,returning,2023-10-20,35-44
U04664,DE,iOS,new,2023-01-04,35-44
U04665,CZ,Android,returning,2023-03-03,25-34
U04666,CZ,Android,new,2023-09-04,18-24
U04667,PL,Android,returning,2023-01-27,18-24
U04668,RO,Android,new,2023-09-12,18-24
U04669,CZ,Android,new,2023-10-22,35-44
U04670,CZ,Android,returning,2023-11-15,55+
U04671,PL,Android,returning,2023-04-12,25-34
U04672,CZ,iOS,returning,2023-06-02,35-44
U04673,SK,Android,returning,2023-05-21,35-44
U04674,PL,Android,returning,2023-09-10,45-54
U04675,CZ,Android,new,2023-03-07,18-24
U04676,SK,Android,new,2023-12-21,55+
U04677,CZ,iOS,returning,2023-02-06,55+
U04678,DE,iOS,returning,2023-07-02,25-34
U04679,PL,Android,new,2023-10-03,25-34
U04680,DE,iOS,returning,2023-05-11,35-44
U04681,DE,Android,returning,2023-09-18,18-24
U04682,SK,Android,new,2023-06-14,55+
U04683,CZ,Android,returning,2023-07-20,45-54
U04684,PL,iOS,new,2023-01-25,35-44
U04685,PL,iOS,returning,2023-01-06,35-44
U04686,SK,Android,new,2023-06-13,18-24
U04687,PL,iOS,returning,2023-05-08,25-34
U04688,SK,Android,new,2023-02-11,45-54
U04689,CZ,iOS,returning,2023-07-21,18-24
U04690,PL,iOS,returning,2023-05-03,45-54
U04691,RO,iOS,returning,2023-12-17,18-24
U04692,PL,Android,new,2023-12-04,35-44
U04693,PL,Android,returning,2023-03-22,45-54
U04694,CZ,iOS,new,2023-05-25,25-34
U04695,DE,Android,new,2023-05-02,25-34
U04696,RO,Android,returning,2023-11-06,55+
U04697,RO,iOS,returning,2023-09-17,45-54
U04698,PL,iOS,returning,2023-01-22,18-24
U04699,DE,iOS,returning,2023-11-02,55+
U04700,PL,Android,returning,2023-12-25,35-44
U04701,DE,Android,returning,2023-04-24,25-34
U04702,DE,Android,returning,2023-07-19,55+
U04703,PL,Android,returning,2023-06-23,25-34
U04704,CZ,Android,returning,2023-04-06,18-24
U04705,RO,iOS,returning,2023-06-01,25-34
U04706,DE,Android,returning,2023-03-17,18-24
U04707,PL,Android,returning,2023-09-01,35-44
U04708,CZ,iOS,new,2023-09-03,55+
U04709,SK,iOS,returning,2023-12-14,25-34
U04710,PL,Android,new,2023-02-10,18-24
U04711,PL,iOS,returning,2023-11-13,45-54
U04712,SK,iOS,new,2023-09-06,45-54
U04713,DE,iOS,returning,2023-04-03,18-24
U04714,DE,Android,returning,2023-07-06,18-24
U04715,DE,Android,returning,2023-10-01,55+
U04716,DE,iOS,returning,2023-08-18,18-24
U04717,RO,Android,new,2023-06-19,45-54
U04718,DE,iOS,new,2023-07-22,25-34
U04719,SK,Android,returning,2023-09-29,35-44
U04720,PL,Android,new,2023-01-05,25-34
U04721,DE,Android,new,2023-10-28,25-34
U04722,DE,Android,new,2023-11-24,35-44
U04723,DE,Android,returning,2023-06-23,35-44
U04724,PL,Android,new,2023-10-19,18-24
U04725,PL,Android,new,2023-10-22,18-24
U04726,CZ,Android,new,2023-11-16,45-54
U04727,RO,iOS,returning,2023-06-28,35-44
U04728,SK,iOS,returning,2023-05-12,25-34
U04729,DE,iOS,returning,2023-01-23,35-44
U04730,DE,Android,returning,2023-12-22,18-24
U04731,DE,Android,returning,2023-10-13,55+
U04732,DE,Android,new,2023-07-19,35-44
U04733,DE,Android,returning,2023-06-19,55+
U04734,DE,Android,returning,2023-12-18,18-24
U04735,CZ,Android,new,2023-06-11,45-54
U04736,SK,iOS,new,2023-02-22,45-54
U04737,PL,Android,returning,2023-01-16,25-34
U04738,RO,Android,new,2023-08-04,35-44
U04739,DE,Android,new,2023-02-02,25-34
U04740,DE,Android,returning,2023-12-15,18-24
U04741,PL,Android,new,2023-08-05,35-44
U04742,PL,Android,new,2023-09-27,35-44
U04743,DE,Android,new,2023-06-04,45-54
U04744,DE,iOS,returning,2023-10-18,35-44
U04745,DE,iOS,returning,2023-04-20,45-54
U04746,DE,iOS,new,2023-10-26,18-24
U04747,RO,iOS,returning,2023-11-26,45-54
U04748,SK,Android,new,2023-06-03,35-44
U04749,SK,Android,new,2023-07-18,35-44
U04750,PL,iOS,returning,2023-11-07,45-54
U04751,RO,Android,returning,2023-10-08,25-34
U04752,RO,iOS,returning,2023-05-05,18-24
U04753,DE,iOS,returning,2023-10-05,18-24
U04754,DE,Android,new,2023-10-16,45-54
U04755,DE,iOS,new,2023-05-04,55+
U04756,PL,iOS,new,2023-12-24,55+
U04757,DE,Android,returning,2023-07-27,25-34
U04758,DE,Android,new,2023-06-14,45-54
U04759,PL,Android,new,2023-07-12,25-34
U04760,PL,Android,returning,2023-08-13,25-34
U04761,CZ,iOS,returning,2023-04-25,18-24
U04762,DE,Android,returning,2023-03-11,35-44
U04763,RO,Android,returning,2023-12-19,25-34
U04764,PL,Android,new,2023-03-31,35-44
U04765,CZ,iOS,returning,2023-09-11,55+
U04766,CZ,Android,returning,2023-01-05,18-24
U04767,SK,iOS,new,2023-06-18,45-54
U04768,RO,Android,new,2023-01-30,55+
U04769,DE,Android,new,2023-11-15,18-24
U04770,CZ,Android,new,2023-01-02,25-34
U04771,CZ,Android,returning,2023-04-20,25-34
U04772,PL,Android,new,2023-03-07,18-24
U04773,SK,Android,returning,2023-08-01,45-54
U04774,RO,iOS,new,2023-07-25,45-54
U04775,DE,Android,new,2023-01-02,18-24
U04776,PL,Android,returning,2023-06-21,35-44
U04777,PL,Android,returning,2023-03-11,45-54
U04778,DE,Android,returning,2023-12-29,35-44
U04779,CZ,iOS,returning,2023-01-10,35-44
U04780,DE,Android,new,2023-09-17,55+
U04781,SK,Android,new,2023-01-02,18-24
U04782,CZ,Android,returning,2023-05-06,35-44
U04783,SK,iOS,new,2023-11-21,35-44
U04784,CZ,Android,new,2023-07-30,35-44
U04785,PL,Android,new,2023-11-01,25-34
U04786,CZ,Android,returning,2023-10-28,55+
U04787,CZ,iOS,returning,2023-10-05,18-24
U04788,PL,iOS,new,2023-05-12,55+
U04789,SK,iOS,new,2023-11-14,35-44
U04790,CZ,iOS,new,2023-11-02,45-54
U04791,DE,Android,returning,2023-08-12,55+
U04792,SK,Android,new,2023-05-12,55+
U04793,CZ,iOS,returning,2023-10-27,18-24
U04794,SK,Android,returning,2023-12-05,55+
U04795,DE,Android,returning,2023-06-23,25-34
U04796,PL,iOS,returning,2023-12-17,25-34
U04797,RO,iOS,returning,2023-03-12,35-44
U04798,DE,iOS,returning,2023-09-12,25-34
U04799,DE,Android,returning,2023-06-24,45-54
U04800,SK,iOS,returning,2023-02-02,25-34
U04801,PL,iOS,returning,2023-04-15,18-24
U04802,CZ,iOS,new,2023-06-18,45-54
U04803,DE,iOS,returning,2023-09-25,25-34
U04804,CZ,Android,new,2023-12-24,35-44
U04805,CZ,Android,returning,2023-08-28,35-44
U04806,DE,iOS,returning,2023-07-20,45-54
U04807,DE,iOS,new,2023-11-16,55+
U04808,RO,iOS,returning,2023-05-04,45-54
U04809,DE,iOS,new,2023-03-20,55+
U04810,PL,Android,new,2023-01-31,45-54
U04811,DE,Android,new,2023-03-09,35-44
U04812,CZ,Android,new,2023-08-19,45-54
U04813,RO,iOS,new,2023-12-07,35-44
U04814,DE,iOS,new,2023-09-10,45-54
U04815,DE,Android,new,2023-08-09,45-54
U04816,PL,iOS,returning,2023-06-22,25-34
U04817,CZ,Android,new,2023-05-30,35-44
U04818,DE,Android,returning,2023-05-11,35-44
U04819,DE,Android,returning,2023-05-14,35-44
U04820,DE,iOS,new,2023-01-03,55+
U04821,RO,iOS,new,2023-07-28,25-34
U04822,SK,iOS,returning,2023-06-12,45-54
U04823,RO,Android,new,2023-01-11,55+
U04824,SK,Android,returning,2023-06-02,55+
U04825,PL,Android,returning,2023-11-26,35-44
U04826,PL,iOS,new,2023-01-25,55+
U04827,CZ,Android,returning,2023-05-23,18-24
U04828,CZ,iOS,returning,2023-10-26,45-54
U04829,PL,iOS,returning,2023-11-02,55+
U04830,DE,Android,returning,2023-09-07,55+
U04831,DE,Android,returning,2023-05-18,55+
U04832,DE,iOS,returning,2023-01-07,35-44
U04833,CZ,Android,returning,2023-07-13,18-24
U04834,DE,iOS,returning,2023-10-21,55+
U04835,CZ,iOS,returning,2023-05-09,55+
U04836,DE,iOS,new,2023-01-24,55+
U04837,DE,iOS,returning,2023-05-09,18-24
U04838,RO,Android,returning,2023-04-30,25-34
U04839,PL,iOS,returning,2023-06-20,45-54
U04840,SK,Android,new,2023-04-08,55+
U04841,CZ,Android,returning,2023-08-14,45-54
U04842,PL,iOS,new,2023-07-05,35-44
U04843,PL,Android,new,2023-02-04,55+
U04844,DE,Android,returning,2023-03-23,25-34
U04845,DE,iOS,returning,2023-11-07,55+
U04846,DE,Android,new,2023-05-22,25-34
U04847,RO,Android,returning,2023-03-28,35-44
U04848,DE,iOS,new,2023-10-08,45-54
U04849,SK,Android,returning,2023-08-04,18-24
U04850,DE,Android,new,2023-08-16,55+
U04851,CZ,iOS,returning,2023-04-20,35-44
U04852,RO,Android,returning,2023-02-17,18-24
U04853,PL,Android,returning,2023-08-28,45-54
U04854,SK,Android,new,2023-07-05,55+
U04855,SK,iOS,returning,2023-10-31,25-34
U04856,PL,Android,returning,2023-03-10,18-24
U04857,PL,iOS,new,2023-08-19,25-34
U04858,DE,iOS,returning,2023-03-29,18-24
U04859,SK,iOS,new,2023-12-29,35-44
U04860,PL,Android,returning,2023-10-05,55+
U04861,SK,iOS,returning,2023-05-24,35-44
U04862,PL,Android,returning,2023-02-06,35-44
U04863,PL,Android,returning,2023-04-14,55+
U04864,PL,Android,returning,2023-10-04,25-34
U04865,PL,Android,new,2023-08-25,45-54
U04866,DE,Android,new,2023-11-05,55+
U04867,PL,Android,returning,2023-12-31,25-34
U04868,DE,Android,new,2023-09-16,55+
U04869,SK,iOS,returning,2023-01-12,45-54
U04870,DE,Android,returning,2023-02-10,25-34
U04871,RO,iOS,returning,2023-02-28,35-44
U04872,PL,iOS,new,2023-02-15,55+
U04873,CZ,Android,new,2023-11-28,18-24
U04874,CZ,iOS,new,2023-09-19,45-54
U04875,RO,Android,returning,2023-01-04,55+
U04876,SK,Android,returning,2023-01-19,25-34
U04877,CZ,Android,new,2023-09-04,55+
U04878,SK,Android,returning,2023-11-07,55+
U04879,RO,Android,new,2023-12-06,45-54
U04880,DE,Android,new,2023-01-24,35-44
U04881,PL,Android,returning,2023-08-24,25-34
U04882,DE,iOS,new,2023-04-08,45-54
U04883,DE,Android,new,2023-08-15,25-34
U04884,DE,Android,new,2023-02-21,35-44
U04885,CZ,Android,new,2023-08-14,18-24
U04886,PL,iOS,returning,2023-09-26,25-34
U04887,DE,iOS,new,2023-09-22,35-44
U04888,RO,Android,new,2023-07-08,18-24
U04889,DE,iOS,returning,2023-06-09,18-24
U04890,RO,iOS,returning,2023-03-20,18-24
U04891,PL,iOS,new,2023-04-12,45-54
U04892,PL,iOS,returning,2023-10-01,45-54
U04893,PL,Android,returning,2023-08-19,25-34
U04894,PL,Android,returning,2023-04-29,35-44
U04895,PL,Android,new,2023-07-02,45-54
U04896,SK,Android,returning,2023-10-22,25-34
U04897,CZ,Android,new,2023-08-05,18-24
U04898,PL,iOS,returning,2023-02-03,45-54
U04899,CZ,Android,new,2023-04-22,18-24
U04900,PL,Android,returning,2023-07-01,25-34
U04901,RO,iOS,returning,2023-11-04,25-34
U04902,PL,iOS,returning,2023-02-23,25-34
U04903,DE,Android,new,2023-12-30,55+
U04904,RO,iOS,returning,2023-07-08,25-34
U04905,DE,Android,returning,2023-04-27,35-44
U04906,PL,iOS,new,2023-02-05,25-34
U04907,PL,Android,returning,2023-10-26,25-34
U04908,DE,Android,returning,2023-06-03,35-44
U04909,DE,Android,returning,2023-07-19,55+
U04910,PL,iOS,returning,2023-07-02,45-54
U04911,CZ,iOS,returning,2023-05-18,45-54
U04912,PL,Android,returning,2023-02-02,25-34
U04913,PL,Android,returning,2023-02-09,18-24
U04914,SK,Android,returning,2023-11-27,25-34
U04915,SK,iOS,new,2023-06-03,18-24
U04916,PL,iOS,new,2023-12-28,45-54
U04917,DE,iOS,new,2023-08-19,25-34
U04918,PL,iOS,returning,2023-10-02,25-34
U04919,SK,Android,returning,2023-01-15,35-44
U04920,PL,iOS,new,2023-01-16,25-34
U04921,PL,Android,new,2023-03-01,45-54
U04922,PL,Android,new,2023-03-05,45-54
U04923,DE,iOS,returning,2023-02-09,25-34
U04924,DE,iOS,new,2023-05-23,25-34
U04925,CZ,iOS,new,2023-03-10,55+
U04926,DE,iOS,new,2023-10-06,45-54
U04927,PL,iOS,returning,2023-08-05,55+
U04928,DE,iOS,returning,2023-01-09,35-44
U04929,PL,Android,new,2023-03-18,35-44
U04930,DE,Android,new,2023-05-31,35-44
U04931,PL,iOS,returning,2023-02-02,45-54
U04932,DE,iOS,returning,2023-06-07,18-24
U04933,DE,Android,new,2023-10-09,25-34
U04934,PL,iOS,new,2023-02-04,45-54
U04935,PL,Android,returning,2023-11-10,25-34
U04936,CZ,Android,returning,2023-09-06,18-24
U04937,PL,Android,returning,2023-06-02,55+
U04938,DE,Android,returning,2023-06-15,35-44
U04939,CZ,iOS,returning,2023-02-02,35-44
U04940,RO,Android,returning,2023-05-28,45-54
U04941,DE,iOS,new,2023-03-14,18-24
U04942,PL,Android,new,2023-06-03,35-44
U04943,DE,iOS,returning,2023-07-04,35-44
U04944,PL,Android,new,2023-12-18,35-44
U04945,DE,iOS,returning,2023-02-17,55+
U04946,PL,iOS,new,2023-09-22,25-34
U04947,DE,Android,new,2023-12-19,25-34
U04948,PL,Android,new,2023-08-14,25-34
U04949,CZ,iOS,returning,2023-01-27,18-24
U04950,CZ,Android,returning,2023-02-21,18-24
U04951,DE,Android,new,2023-06-09,18-24
U04952,DE,Android,new,2023-05-09,18-24
U04953,PL,Android,returning,2023-01-08,18-24
U04954,PL,Android,returning,2023-01-24,45-54
U04955,DE,iOS,returning,2023-06-04,45-54
U04956,PL,iOS,new,2023-11-25,45-54
U04957,CZ,Android,returning,2023-10-24,18-24
U04958,RO,Android,returning,2023-07-10,18-24
U04959,DE,Android,new,2023-07-26,55+
U04960,SK,iOS,returning,2023-08-10,35-44
U04961,DE,Android,returning,2023-12-23,25-34
U04962,CZ,Android,returning,2023-05-28,18-24
U04963,PL,Android,new,2023-07-26,35-44
U04964,CZ,Android,new,2023-06-13,45-54
U04965,SK,Android,returning,2023-08-06,25-34
U04966,DE,Android,new,2023-03-07,35-44
U04967,SK,Android,new,2023-04-29,25-34
U04968,DE,Android,new,2023-01-25,55+
U04969,SK,Android,new,2023-01-24,55+
U04970,DE,Android,new,2023-06-07,25-34
U04971,DE,Android,returning,2023-07-06,25-34
U04972,DE,Android,new,2023-03-23,45-54
U04973,DE,Android,new,2023-12-14,55+
U04974,DE,iOS,returning,2023-07-24,45-54
U04975,DE,Android,new,2023-01-03,25-34
U04976,DE,Android,returning,2023-05-18,35-44
U04977,PL,Android,returning,2023-05-07,25-34
U04978,CZ,Android,returning,2023-05-22,25-34
U04979,PL,Android,new,2023-11-15,18-24
U04980,CZ,iOS,returning,2023-06-21,45-54
U04981,SK,Android,new,2023-07-09,45-54
U04982,RO,Android,new,2023-07-19,55+
U04983,PL,Android,new,2023-02-01,35-44
U04984,CZ,Android,new,2023-08-31,55+
U04985,DE,Android,new,2023-12-24,35-44
U04986,PL,Android,new,2023-07-21,25-34
U04987,PL,iOS,returning,2023-10-15,25-34
U04988,SK,Android,returning,2023-11-21,25-34
U04989,DE,iOS,returning,2023-03-20,45-54
U04990,RO,Android,new,2023-09-10,45-54
U04991,DE,Android,returning,2023-02-11,45-54
U04992,CZ,Android,new,2023-04-11,35-44
U04993,RO,Android,returning,2023-04-19,55+
U04994,DE,Android,new,2023-08-08,18-24
U04995,CZ,Android,returning,2023-07-21,55+
U04996,DE,iOS,returning,2023-11-24,55+
U04997,DE,Android,returning,2023-12-03,55+
U04998,DE,iOS,returning,2023-02-12,25-34
U04999,PL,Android,new,2023-12-22,25-34
U05000,DE,Android,returning,2023-08-31,18-24
